{
"type": "FeatureCollection",
"name": "Maharashtra_Districts_36",
"crs": { "type": "name", "properties": { "name": "urn:ogc:def:crs:OGC:1.3:CRS84" } },
"features": [
{ "type": "Feature", "properties": { "dt_code": "507", "district": "Gondia", "st_nm": "Maharashtra", "st_code": "27", "year": "2011_c" }, "geometry": { "type": "Polygon", "coordinates": [ [ [ 80.460160588135665, 20.819320397785006 ], [ 80.41612614478656, 20.825198100081288 ], [ 80.393929921309777, 20.80723845417598 ], [ 80.389633878056202, 20.806585376143062 ], [ 80.332353301341911, 20.820953092867306 ], [ 80.308725063447255, 20.727562934159725 ], [ 80.299416969731183, 20.71156252235318 ], [ 80.281158785903514, 20.710909444320261 ], [ 80.272566699396364, 20.679888237756554 ], [ 80.250370475919581, 20.678255542674254 ], [ 80.242136393016892, 20.65539781152205 ], [ 80.178053747817785, 20.676949386608413 ], [ 80.162301589221357, 20.693929415464339 ], [ 80.137599340513319, 20.684459783986995 ], [ 80.113613099014202, 20.695235571530176 ], [ 80.092848889955278, 20.691643642349117 ], [ 80.057764536717769, 20.712542139402562 ], [ 80.031272269987412, 20.698174422678321 ], [ 80.015878114995445, 20.667479755131072 ], [ 80.01373009336865, 20.674663613493195 ], [ 79.990817862682945, 20.674337074476732 ], [ 79.982583779780256, 20.677275925624876 ], [ 79.979003743735618, 20.713521756451943 ], [ 79.979719750944554, 20.715480990550702 ], [ 79.982225776175795, 20.720705614814065 ], [ 79.992249877100804, 20.741277572851047 ], [ 80.008002035697231, 20.736052948587687 ], [ 80.01373009336865, 20.764788382036173 ], [ 79.997977934772223, 20.762176069904491 ], [ 79.994755902332045, 20.748787970229628 ], [ 79.956091513049898, 20.75303297744361 ], [ 79.945351404915968, 20.742583728916888 ], [ 79.911341062491857, 20.741277572851047 ], [ 79.923155181439185, 20.74976758727901 ], [ 79.935327303990974, 20.787646113188377 ], [ 79.879478741694541, 20.773931474497054 ], [ 79.882700774134719, 20.791891120402358 ], [ 79.863010575889177, 20.781768410892095 ], [ 79.869096637165072, 20.803319985978462 ], [ 79.856208507404361, 20.815401929587484 ], [ 79.854776492986502, 20.816708085653325 ], [ 79.857282518217744, 20.821279631883765 ], [ 79.858714532635602, 20.824871561064825 ], [ 79.860862554262397, 20.829116568278806 ], [ 79.872318669605249, 20.822585787949606 ], [ 79.897020918313288, 20.818667319752084 ], [ 79.909551044469538, 20.793523815484658 ], [ 79.918143130976688, 20.800381134830321 ], [ 79.922439174230249, 20.819973475817925 ], [ 79.914205091327574, 20.825198100081288 ], [ 79.864442590307036, 20.835320809591547 ], [ 79.887712824597216, 20.859158157793132 ], [ 79.908477033656141, 20.853606994513314 ], [ 79.911699066096332, 20.877770881731358 ], [ 79.921365163416866, 20.881362810912417 ], [ 79.956091513049898, 20.865362399105873 ], [ 79.956807520258835, 20.887893591241617 ], [ 79.938907340035612, 20.89507744960374 ], [ 79.937475325617754, 20.906506315179843 ], [ 79.922439174230249, 20.906179776163384 ], [ 79.946067412124904, 20.932302897480188 ], [ 79.93998135084901, 20.957119862731155 ], [ 80.002631981630259, 20.947976770270273 ], [ 80.037358331263306, 20.965609877159114 ], [ 80.061702576366883, 20.948629848303192 ], [ 80.058122540322231, 20.957772940764073 ], [ 80.07065266647848, 20.956140245681773 ], [ 80.082108781821347, 20.986508374212558 ], [ 80.10215698367135, 20.99075338142654 ], [ 80.097144933208853, 21.032550375533429 ], [ 80.065998619620444, 21.033203453566351 ], [ 80.079960760194552, 21.045285397175373 ], [ 80.071726677291878, 21.059979652916077 ], [ 80.085688817865986, 21.075326986689699 ], [ 80.069936659269558, 21.08153122800244 ], [ 80.075306713336516, 21.099164334891285 ], [ 80.058122540322231, 21.103735881121725 ], [ 80.083898799843666, 21.147492109327374 ], [ 80.07065266647848, 21.156308662771796 ], [ 80.073158691709736, 21.186350252286122 ], [ 80.063134590784728, 21.201371047043285 ], [ 80.024828205107056, 21.212799912619388 ], [ 80.0223221798758, 21.229126863442392 ], [ 80.003347988839195, 21.21704491983337 ], [ 79.989385848265087, 21.23337187065637 ], [ 79.964683599557048, 21.232392253606992 ], [ 79.937117322013293, 21.255249984759196 ], [ 79.895946907499891, 21.252311133611055 ], [ 79.868022626351674, 21.250025360495837 ], [ 79.865874604724894, 21.249372282462915 ], [ 79.866590611933816, 21.233045331639911 ], [ 79.831506258696322, 21.227167629343629 ], [ 79.832938273114166, 21.229453402458851 ], [ 79.848332428106147, 21.250025360495837 ], [ 79.841172356016855, 21.257209218857959 ], [ 79.862294568680255, 21.251004977545215 ], [ 79.863726583098099, 21.257535757874418 ], [ 79.824704190211492, 21.27288309164804 ], [ 79.837234316367741, 21.284965035257063 ], [ 79.827568219047208, 21.294434666734404 ], [ 79.836160305554358, 21.309782000508029 ], [ 79.813248074868639, 21.32088432706767 ], [ 79.813248074868639, 21.355170923795978 ], [ 79.800001941503453, 21.359415931009959 ], [ 79.796063901854353, 21.3754163428165 ], [ 79.880194748903463, 21.426029890367815 ], [ 79.889860846223996, 21.453785706766919 ], [ 79.925661206670441, 21.490684615626908 ], [ 79.919933148999007, 21.518440432026011 ], [ 79.918143130976688, 21.526277368421056 ], [ 79.932821278759718, 21.555012801869541 ], [ 79.969695650019545, 21.558278192034141 ], [ 80.000483960003479, 21.533461226783174 ], [ 80.033062288009731, 21.556318957935382 ], [ 80.072084680896339, 21.556645496951841 ], [ 80.101082972857952, 21.589952476630767 ], [ 80.116119124245458, 21.593217866795367 ], [ 80.121489178312416, 21.611177512700671 ], [ 80.154425509923144, 21.606279427453771 ], [ 80.203830007339221, 21.635994477951638 ], [ 80.221372183957968, 21.620973683194475 ], [ 80.266838641724931, 21.618361371062793 ], [ 80.280800782299039, 21.596483256959971 ], [ 80.294762922873147, 21.592891327778908 ], [ 80.2983429589178, 21.575584759906526 ], [ 80.320539182394583, 21.576237837939445 ], [ 80.339513373431188, 21.554686262853082 ], [ 80.330563283319592, 21.547828943507419 ], [ 80.376029741086555, 21.523991595305834 ], [ 80.383905820384769, 21.490031537593985 ], [ 80.422212206062454, 21.440397607092056 ], [ 80.396077942936557, 21.408070244462508 ], [ 80.412188105137446, 21.376395959865881 ], [ 80.448346469188351, 21.3721509526519 ], [ 80.457296559299962, 21.402845620199148 ], [ 80.527465265774964, 21.394682144787645 ], [ 80.542859420766931, 21.3705182575696 ], [ 80.570067694706225, 21.3574566969112 ], [ 80.566845662266047, 21.345374753302174 ], [ 80.589399889347291, 21.343415519203415 ], [ 80.599781993876761, 21.326762029363952 ], [ 80.621262210144621, 21.320231249034748 ], [ 80.663506635471407, 21.334272426742533 ], [ 80.681406815694629, 21.313700468705548 ], [ 80.67961679767231, 21.299006212964848 ], [ 80.661358613844627, 21.290842737553344 ], [ 80.643816437225865, 21.251331516561677 ], [ 80.613744134450869, 21.226514551310711 ], [ 80.587251867720511, 21.22194300508027 ], [ 80.559685590176755, 21.202024125076207 ], [ 80.529613287401745, 21.205289515240807 ], [ 80.515293143223175, 21.183084862121522 ], [ 80.464098627784779, 21.174921386710018 ], [ 80.444766433143712, 21.121695527027029 ], [ 80.458012566508884, 21.114838207681366 ], [ 80.439038375472279, 21.096552022759603 ], [ 80.452642512441926, 21.03875461684617 ], [ 80.424360227689235, 21.008386488315384 ], [ 80.443692422330315, 20.99401877159114 ], [ 80.463740624180318, 20.929037507315588 ], [ 80.546081453207108, 20.934915209611869 ], [ 80.561475608199075, 20.822912326966065 ], [ 80.522453215312467, 20.834667731558628 ], [ 80.460160588135665, 20.819320397785006 ] ] ] } },
{ "type": "Feature", "properties": { "dt_code": "506", "district": "Bhandara", "st_nm": "Maharashtra", "st_code": "27", "year": "2011_c" }, "geometry": { "type": "Polygon", "coordinates": [ [ [ 79.919933148999007, 21.518440432026011 ], [ 79.925661206670441, 21.490684615626908 ], [ 79.889860846223996, 21.453785706766919 ], [ 79.880194748903463, 21.426029890367815 ], [ 79.796063901854353, 21.3754163428165 ], [ 79.800001941503453, 21.359415931009959 ], [ 79.813248074868639, 21.355170923795978 ], [ 79.813248074868639, 21.32088432706767 ], [ 79.836160305554358, 21.309782000508029 ], [ 79.827568219047208, 21.294434666734404 ], [ 79.837234316367741, 21.284965035257063 ], [ 79.824704190211492, 21.27288309164804 ], [ 79.863726583098099, 21.257535757874418 ], [ 79.862294568680255, 21.251004977545215 ], [ 79.841172356016855, 21.257209218857959 ], [ 79.848332428106147, 21.250025360495837 ], [ 79.832938273114166, 21.229453402458851 ], [ 79.831506258696322, 21.227167629343629 ], [ 79.866590611933816, 21.233045331639911 ], [ 79.865874604724894, 21.249372282462915 ], [ 79.868022626351674, 21.250025360495837 ], [ 79.895946907499891, 21.252311133611055 ], [ 79.937117322013293, 21.255249984759196 ], [ 79.964683599557048, 21.232392253606992 ], [ 79.989385848265087, 21.23337187065637 ], [ 80.003347988839195, 21.21704491983337 ], [ 80.0223221798758, 21.229126863442392 ], [ 80.024828205107056, 21.212799912619388 ], [ 80.063134590784728, 21.201371047043285 ], [ 80.073158691709736, 21.186350252286122 ], [ 80.07065266647848, 21.156308662771796 ], [ 80.083898799843666, 21.147492109327374 ], [ 80.058122540322231, 21.103735881121725 ], [ 80.075306713336516, 21.099164334891285 ], [ 80.069936659269558, 21.08153122800244 ], [ 80.085688817865986, 21.075326986689699 ], [ 80.071726677291878, 21.059979652916077 ], [ 80.079960760194552, 21.045285397175373 ], [ 80.065998619620444, 21.033203453566351 ], [ 80.097144933208853, 21.032550375533429 ], [ 80.10215698367135, 20.99075338142654 ], [ 80.082108781821347, 20.986508374212558 ], [ 80.07065266647848, 20.956140245681773 ], [ 80.058122540322231, 20.957772940764073 ], [ 80.061702576366883, 20.948629848303192 ], [ 80.037358331263306, 20.965609877159114 ], [ 80.002631981630259, 20.947976770270273 ], [ 79.93998135084901, 20.957119862731155 ], [ 79.946067412124904, 20.932302897480188 ], [ 79.922439174230249, 20.906179776163384 ], [ 79.937475325617754, 20.906506315179843 ], [ 79.938907340035612, 20.89507744960374 ], [ 79.956807520258835, 20.887893591241617 ], [ 79.956091513049898, 20.865362399105873 ], [ 79.921365163416866, 20.881362810912417 ], [ 79.911699066096332, 20.877770881731358 ], [ 79.908477033656141, 20.853606994513314 ], [ 79.887712824597216, 20.859158157793132 ], [ 79.864442590307036, 20.835320809591547 ], [ 79.914205091327574, 20.825198100081288 ], [ 79.922439174230249, 20.819973475817925 ], [ 79.918143130976688, 20.800381134830321 ], [ 79.909551044469538, 20.793523815484658 ], [ 79.897020918313288, 20.818667319752084 ], [ 79.872318669605249, 20.822585787949606 ], [ 79.860862554262397, 20.829116568278806 ], [ 79.858714532635602, 20.824871561064825 ], [ 79.857282518217744, 20.821279631883765 ], [ 79.854776492986502, 20.816708085653325 ], [ 79.856208507404361, 20.815401929587484 ], [ 79.869096637165072, 20.803319985978462 ], [ 79.863010575889177, 20.781768410892095 ], [ 79.882700774134719, 20.791891120402358 ], [ 79.879478741694541, 20.773931474497054 ], [ 79.935327303990974, 20.787646113188377 ], [ 79.923155181439185, 20.74976758727901 ], [ 79.911341062491857, 20.741277572851047 ], [ 79.945351404915968, 20.742583728916888 ], [ 79.956091513049898, 20.75303297744361 ], [ 79.994755902332045, 20.748787970229628 ], [ 79.997977934772223, 20.762176069904491 ], [ 80.01373009336865, 20.764788382036173 ], [ 80.008002035697231, 20.736052948587687 ], [ 79.992249877100804, 20.741277572851047 ], [ 79.982225776175795, 20.720705614814065 ], [ 79.979719750944554, 20.715480990550702 ], [ 79.979003743735618, 20.713521756451943 ], [ 79.982583779780256, 20.677275925624876 ], [ 79.96110356351241, 20.694909032513717 ], [ 79.933179282364179, 20.679888237756554 ], [ 79.933537285968654, 20.672704379394432 ], [ 79.92959924631954, 20.669438989229832 ], [ 79.888428831806138, 20.689357869233895 ], [ 79.839024334390061, 20.682827088904695 ], [ 79.80286597033917, 20.697847883661858 ], [ 79.786039800929345, 20.721032153830524 ], [ 79.757399512572206, 20.734746792521847 ], [ 79.757399512572206, 20.733767175472465 ], [ 79.752029458505234, 20.699154039727699 ], [ 79.750955447691837, 20.690337486283276 ], [ 79.709427029573988, 20.687398635135136 ], [ 79.692242856559687, 20.674010535460273 ], [ 79.694748881790943, 20.642336250863647 ], [ 79.694390878186482, 20.642009711847187 ], [ 79.663602568202549, 20.654418194472669 ], [ 79.660738539366832, 20.66682667709815 ], [ 79.61956812485343, 20.675969769559032 ], [ 79.609186020323975, 20.695888649563098 ], [ 79.589495822078433, 20.691643642349117 ], [ 79.566941594997175, 20.696868266612476 ], [ 79.565151576974856, 20.707317515139202 ], [ 79.518611108394495, 20.714174834484862 ], [ 79.532215245364142, 20.747155275147328 ], [ 79.530067223737348, 20.775237630562895 ], [ 79.557275497676642, 20.807564993192443 ], [ 79.5375852994311, 20.851321221398091 ], [ 79.555127476049861, 20.856545845661451 ], [ 79.578755713944503, 20.844137363035969 ], [ 79.59629789056325, 20.866342016155254 ], [ 79.610618034741833, 20.866668555171714 ], [ 79.610618034741833, 20.903567464031703 ], [ 79.644628377165944, 20.925772117150988 ], [ 79.655010481695399, 20.964303721093273 ], [ 79.597729904981108, 21.072061596525096 ], [ 79.588421811265036, 21.077286220788459 ], [ 79.572311649064147, 21.066183894228818 ], [ 79.550115425587364, 21.08806200833164 ], [ 79.528993212923965, 21.077612759804918 ], [ 79.517895101185573, 21.091000859479781 ], [ 79.532215245364142, 21.096552022759603 ], [ 79.527203194901645, 21.119409753911807 ], [ 79.493908859686456, 21.138349016866492 ], [ 79.508945011073962, 21.161206748018696 ], [ 79.49784689933557, 21.183411401137981 ], [ 79.527203194901645, 21.177860237858159 ], [ 79.532215245364142, 21.158267896870555 ], [ 79.557275497676642, 21.155982123755336 ], [ 79.550831432796286, 21.171329457528959 ], [ 79.561571540930217, 21.190268720483644 ], [ 79.549399418378428, 21.206595671306644 ], [ 79.575533681504325, 21.2764750208291 ], [ 79.554053465236464, 21.303251220178826 ], [ 79.5547694724454, 21.328721263462711 ], [ 79.525771180483787, 21.350925916581996 ], [ 79.499994920962351, 21.397947534952245 ], [ 79.484600765970384, 21.399253691018089 ], [ 79.47636668306771, 21.427989124466574 ], [ 79.448800405523954, 21.435826060861615 ], [ 79.475292672254312, 21.491337693659826 ], [ 79.513599057931998, 21.534114304816097 ], [ 79.5375852994311, 21.536726616947774 ], [ 79.538659310244498, 21.540971624161756 ], [ 79.562645551743614, 21.54750240449096 ], [ 79.581619742780219, 21.541298163178219 ], [ 79.620284132062366, 21.557625114001219 ], [ 79.652146452859682, 21.55566587990246 ], [ 79.661096542971293, 21.576890915972363 ], [ 79.737709314326665, 21.603667115322089 ], [ 79.792125862205239, 21.586687086466167 ], [ 79.831148255091847, 21.546522787441578 ], [ 79.889860846223996, 21.518113893009552 ], [ 79.919933148999007, 21.518440432026011 ] ] ] } },
{ "type": "Feature", "properties": { "dt_code": "499", "district": "Jalgaon", "st_nm": "Maharashtra", "st_code": "27", "year": "2011_c" }, "geometry": { "type": "Polygon", "coordinates": [ [ [ 76.379993508055762, 20.977038742735218 ], [ 76.366747374690576, 20.977691820768136 ], [ 76.34562516202719, 20.950589082401951 ], [ 76.279752498805749, 20.957119862731155 ], [ 76.265074351022719, 20.980304132899818 ], [ 76.163043323750387, 21.03548922668157 ], [ 76.156957262474492, 21.003161864052025 ], [ 76.117576865983409, 20.978018359784599 ], [ 76.111490804707515, 20.950589082401951 ], [ 76.090010588439654, 20.943731763056292 ], [ 76.07998648751466, 20.927404812233288 ], [ 76.077838465887865, 20.908465549278603 ], [ 76.113280822729834, 20.892465137472058 ], [ 76.109700786685195, 20.881362810912417 ], [ 76.073900426238765, 20.845770058118269 ], [ 76.073542422634304, 20.832055419426947 ], [ 76.04848217032179, 20.814748851554562 ], [ 76.055642242411082, 20.802013829912621 ], [ 76.046692152299471, 20.786013418106077 ], [ 76.011965802666438, 20.784054184007317 ], [ 75.985115532331605, 20.760869913838651 ], [ 76.015903842315538, 20.731154863340784 ], [ 76.006237744995005, 20.716460607600084 ], [ 75.996929651278933, 20.702419429892299 ], [ 75.996213644070011, 20.687398635135136 ], [ 76.002657708950366, 20.652458960373909 ], [ 76.006237744995005, 20.647560875127006 ], [ 76.006237744995005, 20.631560463320465 ], [ 75.986189543145002, 20.616539668563302 ], [ 75.954685225952147, 20.620458136760824 ], [ 75.953253211534289, 20.60119233478968 ], [ 75.930698984453031, 20.596294249542776 ], [ 75.932130998870889, 20.574416135439954 ], [ 75.887738551917309, 20.568864972160132 ], [ 75.887022544708387, 20.591722703312335 ], [ 75.868764360880704, 20.597273866592158 ], [ 75.867332346462845, 20.618498902662061 ], [ 75.854086213097673, 20.621111214793743 ], [ 75.853728209493198, 20.611968122332861 ], [ 75.837260043687849, 20.613927356431621 ], [ 75.841198083336948, 20.592702320361717 ], [ 75.831889989620876, 20.590416547246495 ], [ 75.827951949971776, 20.570824206258891 ], [ 75.843346104963743, 20.56298726986385 ], [ 75.824729917531599, 20.555476872485269 ], [ 75.804323712077121, 20.566579199044909 ], [ 75.786781535458374, 20.562334191830928 ], [ 75.787855546271771, 20.582579610851454 ], [ 75.759215257914619, 20.574742674456413 ], [ 75.753845203847661, 20.612294661349321 ], [ 75.730932973161941, 20.607070037085961 ], [ 75.723056893863728, 20.619805058727902 ], [ 75.699070652364611, 20.614906973481002 ], [ 75.704082702827122, 20.65898974070311 ], [ 75.677948439701225, 20.66519398201585 ], [ 75.662196281104784, 20.662908208900632 ], [ 75.657900237851223, 20.656703967587891 ], [ 75.660764266686925, 20.626335839057102 ], [ 75.659332252269081, 20.625356222007724 ], [ 75.659332252269081, 20.624376604958343 ], [ 75.646086118903895, 20.616866207579761 ], [ 75.604915704390493, 20.621437753810202 ], [ 75.611717772875323, 20.603804646921358 ], [ 75.597755632301215, 20.599886178723839 ], [ 75.595965614278896, 20.600539256756758 ], [ 75.592027574629782, 20.59955963970738 ], [ 75.555153203369954, 20.604131185937817 ], [ 75.552647178138699, 20.598253483641535 ], [ 75.535463005124413, 20.606743498069498 ], [ 75.53259897628871, 20.591722703312335 ], [ 75.520426853736922, 20.589436930197117 ], [ 75.527586925826199, 20.555803411501728 ], [ 75.50467469514048, 20.550252248221909 ], [ 75.49214456898423, 20.524455665921561 ], [ 75.480330450036917, 20.542415311826865 ], [ 75.457060215746736, 20.551231865271287 ], [ 75.455986204933339, 20.514006417394839 ], [ 75.446320107612806, 20.537517226579965 ], [ 75.423765880531548, 20.529353751168465 ], [ 75.428777930994045, 20.512700261328998 ], [ 75.396915610196729, 20.520863736740502 ], [ 75.389039530898515, 20.577354986588091 ], [ 75.365769296608335, 20.574742674456413 ], [ 75.358251220914582, 20.595967710526317 ], [ 75.355387192078865, 20.588130774131276 ], [ 75.31922882802796, 20.591722703312335 ], [ 75.316364799192257, 20.575069213472872 ], [ 75.290946543275282, 20.565926121011991 ], [ 75.264454276544924, 20.566579199044909 ], [ 75.257652208060108, 20.576375369538713 ], [ 75.250492135970816, 20.549925709205446 ], [ 75.240468035045808, 20.550905326254828 ], [ 75.244048071090461, 20.535884531497665 ], [ 75.234381973769928, 20.535231453464746 ], [ 75.23724600260563, 20.520537197724039 ], [ 75.225431883658317, 20.51661872952652 ], [ 75.2265058944717, 20.493760998374317 ], [ 75.205025678203853, 20.498985622637676 ], [ 75.198223609719022, 20.475148274436091 ], [ 75.159559220436876, 20.476454430501931 ], [ 75.160275227645812, 20.437596287543183 ], [ 75.124474867199368, 20.431718585246902 ], [ 75.105500676162762, 20.412126244259298 ], [ 75.125548878012765, 20.350410370148346 ], [ 75.093686557215435, 20.335716114407642 ], [ 75.058960207582402, 20.335389575391183 ], [ 75.053232149910968, 20.308286837024994 ], [ 74.993445547965436, 20.336042653424101 ], [ 74.985927472271683, 20.303715290794557 ], [ 74.956213173101133, 20.294245659317212 ], [ 74.941535025318103, 20.280204481609431 ], [ 74.945115061362742, 20.273020623247309 ], [ 74.945473064967217, 20.272367545214387 ], [ 74.943325043340423, 20.272694084230849 ], [ 74.934732956833287, 20.270408311115627 ], [ 74.884612452208273, 20.270081772099168 ], [ 74.872440329656484, 20.27563293537899 ], [ 74.852750131410957, 20.28542910587279 ], [ 74.85167612059756, 20.286408722922172 ], [ 74.85167612059756, 20.28738833997155 ], [ 74.862774232335951, 20.329838412111361 ], [ 74.86420624675381, 20.33506303637472 ], [ 74.852034124202021, 20.37620695244869 ], [ 74.850602109784163, 20.38110503769559 ], [ 74.850602109784163, 20.38110503769559 ], [ 74.824109843053805, 20.399064683600894 ], [ 74.836639969210054, 20.416697790489739 ], [ 74.801913619577022, 20.445433223938224 ], [ 74.792605525860949, 20.477760586567772 ], [ 74.770767305988613, 20.47220942328795 ], [ 74.782939428540402, 20.500618317719976 ], [ 74.762533223085939, 20.532945680349524 ], [ 74.777927378077905, 20.536537609530583 ], [ 74.794037540278808, 20.540456077728106 ], [ 74.795827558301127, 20.540782616744565 ], [ 74.79296352946541, 20.578008064621013 ], [ 74.809789698875235, 20.588783852164195 ], [ 74.812295724106477, 20.616866207579761 ], [ 74.811937720502016, 20.620131597744361 ], [ 74.812653727710952, 20.632213541353384 ], [ 74.812653727710952, 20.632540080369843 ], [ 74.823035832240407, 20.627641995122943 ], [ 74.891056517088629, 20.642662789880106 ], [ 74.90000660720024, 20.656050889554969 ], [ 74.932584935206492, 20.656377428571432 ], [ 74.955497165892211, 20.690990564316195 ], [ 74.94833709380292, 20.721358692846984 ], [ 74.987001483085066, 20.738012182686447 ], [ 74.989507508316322, 20.748461431213169 ], [ 74.9887915011074, 20.759237218756351 ], [ 74.95907720193685, 20.801360751879699 ], [ 74.959435205541325, 20.801360751879699 ], [ 74.959793209145786, 20.802013829912621 ], [ 74.967311284839539, 20.819320397785006 ], [ 74.975903371346675, 20.822259248933143 ], [ 74.981631429018108, 20.829443107295265 ], [ 74.964089252399361, 20.857198923694373 ], [ 74.961225223563645, 20.90128169091648 ], [ 74.933658946019889, 20.917282102723025 ], [ 74.933658946019889, 20.926425195183906 ], [ 74.912894736960951, 20.927404812233288 ], [ 74.911104718938631, 20.962997565027436 ], [ 74.931152920788634, 20.968875267323718 ], [ 74.915758765796667, 20.990426842410081 ], [ 74.91074671533417, 21.030264602418207 ], [ 74.892488531506487, 21.03875461684617 ], [ 74.889266499066309, 21.051163099471651 ], [ 74.858120185477915, 21.060306191932536 ], [ 74.854540149433276, 21.051163099471651 ], [ 74.83914599444131, 21.054428489636255 ], [ 74.845948062926126, 21.070102362426336 ], [ 74.868502290007385, 21.077286220788459 ], [ 74.869218297216307, 21.102103186039425 ], [ 74.885686463021671, 21.114511668664907 ], [ 74.894636553133282, 21.149124804409674 ], [ 74.91253673335649, 21.163492521133918 ], [ 74.93186892799757, 21.163819060150377 ], [ 74.963731248794886, 21.194187188681163 ], [ 74.950843119034175, 21.200064890977444 ], [ 74.959793209145786, 21.210840678520626 ], [ 74.944041050549359, 21.225861473277789 ], [ 74.972323335302036, 21.22031030999797 ], [ 74.973039342510958, 21.22031030999797 ], [ 74.975187364137753, 21.217371458849829 ], [ 75.003827652494891, 21.188309486384881 ], [ 75.03712198771008, 21.191574876549481 ], [ 75.037837994919002, 21.192227954582403 ], [ 75.042850045381513, 21.209534522454788 ], [ 75.053232149910968, 21.21377952966877 ], [ 75.099414614886868, 21.232718792623452 ], [ 75.102278643722585, 21.236310721804514 ], [ 75.115166773483296, 21.252637672627515 ], [ 75.131634939288659, 21.278760793944322 ], [ 75.141659040213668, 21.316312780837229 ], [ 75.142733051027051, 21.324802795265192 ], [ 75.120894831154729, 21.342435902154037 ], [ 75.148103105094023, 21.347987065433855 ], [ 75.134856971728837, 21.361048626092259 ], [ 75.139511018586873, 21.382273662162163 ], [ 75.139869022191334, 21.383579818228004 ], [ 75.159559220436876, 21.402519081182689 ], [ 75.23330796295653, 21.41492756380817 ], [ 75.253714168410994, 21.401866003149767 ], [ 75.295600590133319, 21.41362140774233 ], [ 75.299538629782433, 21.384559435277385 ], [ 75.307414709080646, 21.392396371672426 ], [ 75.351807156034226, 21.390437137573663 ], [ 75.357177210101185, 21.400559847083926 ], [ 75.382595466018145, 21.379334811014022 ], [ 75.425555898553867, 21.390763676590126 ], [ 75.520068850132446, 21.387171747409063 ], [ 75.543697088027102, 21.368559023470841 ], [ 75.607063726017287, 21.391743293639507 ], [ 75.623173888218176, 21.375089803800041 ], [ 75.670072360402997, 21.374763264783581 ], [ 75.728426947930686, 21.388477903474904 ], [ 75.832964000434274, 21.376395959865881 ], [ 75.885590530290528, 21.394355605771185 ], [ 75.910650782603028, 21.382273662162163 ], [ 75.962919308854822, 21.389784059540744 ], [ 75.986547546749463, 21.3688855624873 ], [ 76.029507979285185, 21.364640555273319 ], [ 76.048124166717329, 21.348966682483237 ], [ 76.095738646111087, 21.371171335602522 ], [ 76.12831697411734, 21.286597730339363 ], [ 76.142995121900384, 21.285618113289985 ], [ 76.159105284101273, 21.255249984759196 ], [ 76.140489096669128, 21.241208807051414 ], [ 76.140847100273589, 21.227494168360089 ], [ 76.165191345377167, 21.221289927047351 ], [ 76.158389276892336, 21.213452990652307 ], [ 76.171993413861983, 21.204962976224344 ], [ 76.165191345377167, 21.190268720483644 ], [ 76.176289457115558, 21.1840644791709 ], [ 76.171635410257522, 21.166431372282059 ], [ 76.132255013766454, 21.1759010037594 ], [ 76.110058790289656, 21.166431372282059 ], [ 76.135477046206631, 21.120715909977648 ], [ 76.169845392235203, 21.103409342105266 ], [ 76.166623359795025, 21.078918915870759 ], [ 76.259346293351285, 21.090347781446862 ], [ 76.271518415903074, 21.089041625381022 ], [ 76.279036491596827, 21.069775823409877 ], [ 76.382141529682542, 21.075653525706159 ], [ 76.383931547704861, 21.075653525706159 ], [ 76.398251691883445, 21.032550375533429 ], [ 76.379993508055762, 20.977038742735218 ] ] ] } },
{ "type": "Feature", "properties": { "dt_code": "504", "district": "Wardha", "st_nm": "Maharashtra", "st_code": "27", "year": "2011_c" }, "geometry": { "type": "Polygon", "coordinates": [ [ [ 78.23767421162114, 21.330353958545011 ], [ 78.250562341381851, 21.330027419528552 ], [ 78.295312791939892, 21.292801971652104 ], [ 78.312496964954192, 21.294108127717944 ], [ 78.303904878447042, 21.275168864763259 ], [ 78.324669087505967, 21.27125039656574 ], [ 78.330755148781861, 21.250351899512296 ], [ 78.412021966995269, 21.239249572952652 ], [ 78.430280150822952, 21.226188012294251 ], [ 78.445674305814919, 21.236310721804514 ], [ 78.477536626612235, 21.22031030999797 ], [ 78.519781051939034, 21.1742683086771 ], [ 78.530879163677426, 21.139002094899411 ], [ 78.554865405176528, 21.116470902763666 ], [ 78.599257852130108, 21.108633966368625 ], [ 78.597467834107789, 21.089041625381022 ], [ 78.609997960264039, 21.088388547348103 ], [ 78.613935999913153, 21.064224660130055 ], [ 78.642576288270291, 21.058673496850233 ], [ 78.651526378381902, 21.03385653159927 ], [ 78.676228627089941, 21.036468843730951 ], [ 78.690906774872971, 21.018835736842107 ], [ 78.725991128110479, 21.004794559134325 ], [ 78.723843106483699, 20.969201806340177 ], [ 78.733151200199771, 20.946670614204432 ], [ 78.747829347982801, 20.944711380105669 ], [ 78.739595265080126, 20.93948675584231 ], [ 78.752841398445312, 20.922180187969925 ], [ 78.782555697615848, 20.910751322393825 ], [ 78.772889600295315, 20.903567464031703 ], [ 78.785419726451565, 20.88985282534038 ], [ 78.81692404364442, 20.880383193863036 ], [ 78.82766415177835, 20.892791676488521 ], [ 78.834824223867642, 20.892465137472058 ], [ 78.843774313979239, 20.88854666927454 ], [ 78.851650393277453, 20.881362810912417 ], [ 78.860958486993525, 20.841198511887828 ], [ 78.867044548269419, 20.836953504673847 ], [ 78.867760555478355, 20.833035036476328 ], [ 78.877426652798889, 20.829769646311725 ], [ 78.883154710470322, 20.843484285003051 ], [ 78.912869009640858, 20.835973887624469 ], [ 78.912869009640858, 20.808218071225362 ], [ 78.94544733764711, 20.793523815484658 ], [ 78.941867301602471, 20.767727233184313 ], [ 78.996283849481046, 20.756951445641132 ], [ 78.996641853085507, 20.744216423999188 ], [ 79.050342393755159, 20.737685643669987 ], [ 79.090438797455164, 20.711235983336721 ], [ 79.102968923611414, 20.715480990550702 ], [ 79.104400938029272, 20.687725174151595 ], [ 79.142349320102497, 20.678582081690713 ], [ 79.147361370564994, 20.653438577423287 ], [ 79.169557594041777, 20.645601641028247 ], [ 79.168841586832855, 20.626988917090024 ], [ 79.184235741824821, 20.621111214793743 ], [ 79.188889788682857, 20.598906561674458 ], [ 79.207147972510541, 20.599886178723839 ], [ 79.209295994137321, 20.598253483641535 ], [ 79.219320095062315, 20.585191922983135 ], [ 79.220752109480173, 20.583232688884372 ], [ 79.217172073435535, 20.552538021337128 ], [ 79.191753817518574, 20.537190687563506 ], [ 79.182087720198027, 20.51335333936192 ], [ 79.169915597646238, 20.514006417394839 ], [ 79.158101478698924, 20.478087125584231 ], [ 79.140201298475702, 20.482005593781754 ], [ 79.132325219177488, 20.457188628530787 ], [ 79.118721082207841, 20.450657848201587 ], [ 79.102252916402492, 20.46241325279415 ], [ 79.052132411777478, 20.466005181975209 ], [ 79.045330343292662, 20.477760586567772 ], [ 79.02349212342034, 20.482658671814672 ], [ 79.001653903548018, 20.450657848201587 ], [ 78.987333759369434, 20.46567864295875 ], [ 78.967285557519432, 20.460127479678928 ], [ 78.953681420549799, 20.428126656065842 ], [ 78.900338883484608, 20.437269748526724 ], [ 78.899980879880147, 20.436943209510261 ], [ 78.857020447344425, 20.421269336720179 ], [ 78.845564332001572, 20.434004358362124 ], [ 78.843416310374778, 20.432371663279824 ], [ 78.836614241889961, 20.428779734098761 ], [ 78.834108216658706, 20.427147039016461 ], [ 78.834824223867642, 20.4268205 ], [ 78.834108216658706, 20.426167421967079 ], [ 78.846280339210495, 20.412779322292216 ], [ 78.81692404364442, 20.396778910485676 ], [ 78.824442119338173, 20.358900384576309 ], [ 78.819430068875675, 20.350083831131883 ], [ 78.830528180614067, 20.327226099979679 ], [ 78.831244187822989, 20.322654553749238 ], [ 78.823726112129236, 20.317429929485879 ], [ 78.799023863421198, 20.300449900629953 ], [ 78.799381867025673, 20.299796822597035 ], [ 78.79186379133192, 20.299143744564113 ], [ 78.738163250662268, 20.293919120300753 ], [ 78.736015229035488, 20.294898737350131 ], [ 78.730645174968515, 20.305347985876857 ], [ 78.707732944282796, 20.310572610140216 ], [ 78.708448951491732, 20.349430753098964 ], [ 78.689474760455113, 20.358573845559846 ], [ 78.689474760455113, 20.370329250152409 ], [ 78.646156324314944, 20.418657024588498 ], [ 78.647588338732788, 20.434983975411502 ], [ 78.620022061189047, 20.434657436395042 ], [ 78.611787978286358, 20.444780145905305 ], [ 78.605701917010464, 20.431065507213983 ], [ 78.562383480870281, 20.440208599674865 ], [ 78.534817203326526, 20.465352103942291 ], [ 78.509040943805104, 20.525108743954483 ], [ 78.472166572545277, 20.52804759510262 ], [ 78.450328352672955, 20.512700261328998 ], [ 78.43350218326313, 20.519557580674661 ], [ 78.409873945368489, 20.51172064427962 ], [ 78.29459678473097, 20.56135457478155 ], [ 78.278844626134543, 20.560048418715709 ], [ 78.26273446393364, 20.578334603637472 ], [ 78.248772323359532, 20.645275102011787 ], [ 78.269536532418471, 20.66519398201585 ], [ 78.269178528813995, 20.665520521032313 ], [ 78.266314499978293, 20.679561698740095 ], [ 78.278486622530082, 20.692296720382039 ], [ 78.274190579276507, 20.693276337431417 ], [ 78.275980597298826, 20.695888649563098 ], [ 78.277054608112223, 20.695888649563098 ], [ 78.291016748686332, 20.707970593172121 ], [ 78.292806766708651, 20.709276749237961 ], [ 78.296744806357751, 20.699807117760621 ], [ 78.297460813566687, 20.698827500711239 ], [ 78.298176820775609, 20.701113273826458 ], [ 78.312138961349717, 20.737359104653528 ], [ 78.306410903678298, 20.764461843019713 ], [ 78.292806766708651, 20.774584552529973 ], [ 78.292806766708651, 20.799728056797399 ], [ 78.29638680275329, 20.811810000406425 ], [ 78.299250831589006, 20.813116156472262 ], [ 78.31750901541669, 20.818014241719162 ], [ 78.316793008207753, 20.820300014834384 ], [ 78.316077000998831, 20.822585787949606 ], [ 78.313570975767576, 20.832055419426947 ], [ 78.310348943327398, 20.831402341394025 ], [ 78.292090759499715, 20.826830795163588 ], [ 78.29244876310419, 20.84054543385491 ], [ 78.279202629739004, 20.842831206970128 ], [ 78.257364409866682, 20.885934357142858 ], [ 78.257364409866682, 20.886260896159317 ], [ 78.212971962913102, 20.908792088295062 ], [ 78.205453887219349, 20.899322456817721 ], [ 78.181825649324708, 20.904220542064621 ], [ 78.168579515959522, 20.941772528957529 ], [ 78.143161260042561, 20.953527933550092 ], [ 78.147815306900597, 20.987161452245481 ], [ 78.134569173535411, 21.004468020117862 ], [ 78.145309281669341, 21.024386900121929 ], [ 78.136001187953269, 21.037774999796788 ], [ 78.150321332131853, 21.047897709307051 ], [ 78.151037339340775, 21.075980064722618 ], [ 78.145309281669341, 21.102103186039425 ], [ 78.128125108655055, 21.114838207681366 ], [ 78.144235270855958, 21.139002094899411 ], [ 78.092324748208625, 21.178186776874618 ], [ 78.0966207914622, 21.199411812944525 ], [ 78.070844531940764, 21.220963388030889 ], [ 78.071560539149701, 21.236963799837433 ], [ 78.058314405784515, 21.239576111969114 ], [ 78.052944351717557, 21.254923445742737 ], [ 78.061178434620231, 21.277781176894941 ], [ 78.080868632865773, 21.282026184108922 ], [ 78.065832481478267, 21.301618525096526 ], [ 78.079078614843439, 21.330680497561474 ], [ 78.075498578798801, 21.354844384779518 ], [ 78.078004604030056, 21.3558240018289 ], [ 78.14495127806488, 21.343415519203415 ], [ 78.147815306900597, 21.342435902154037 ], [ 78.156765397012208, 21.331007036577933 ], [ 78.232662161158643, 21.327088568380411 ], [ 78.23767421162114, 21.330353958545011 ] ] ] } },
{ "type": "Feature", "properties": { "dt_code": "500", "district": "Buldhana", "st_nm": "Maharashtra", "st_code": "27", "year": "2011_c" }, "geometry": { "type": "Polygon", "coordinates": [ [ [ 76.006237744995005, 20.647560875127006 ], [ 76.002657708950366, 20.652458960373909 ], [ 75.996213644070011, 20.687398635135136 ], [ 75.996929651278933, 20.702419429892299 ], [ 76.006237744995005, 20.716460607600084 ], [ 76.015903842315538, 20.731154863340784 ], [ 75.985115532331605, 20.760869913838651 ], [ 76.011965802666438, 20.784054184007317 ], [ 76.046692152299471, 20.786013418106077 ], [ 76.055642242411082, 20.802013829912621 ], [ 76.04848217032179, 20.814748851554562 ], [ 76.073542422634304, 20.832055419426947 ], [ 76.073900426238765, 20.845770058118269 ], [ 76.109700786685195, 20.881362810912417 ], [ 76.113280822729834, 20.892465137472058 ], [ 76.077838465887865, 20.908465549278603 ], [ 76.07998648751466, 20.927404812233288 ], [ 76.090010588439654, 20.943731763056292 ], [ 76.111490804707515, 20.950589082401951 ], [ 76.117576865983409, 20.978018359784599 ], [ 76.156957262474492, 21.003161864052025 ], [ 76.163043323750387, 21.03548922668157 ], [ 76.265074351022719, 20.980304132899818 ], [ 76.279752498805749, 20.957119862731155 ], [ 76.34562516202719, 20.950589082401951 ], [ 76.366747374690576, 20.977691820768136 ], [ 76.379993508055762, 20.977038742735218 ], [ 76.398251691883445, 21.032550375533429 ], [ 76.383931547704861, 21.075653525706159 ], [ 76.382141529682542, 21.075653525706159 ], [ 76.381067518869159, 21.078592376854299 ], [ 76.412571836062014, 21.08806200833164 ], [ 76.410065810830758, 21.102103186039425 ], [ 76.455890272202197, 21.107654349319244 ], [ 76.451236225344161, 21.120389370961188 ], [ 76.457322286620055, 21.133124392603129 ], [ 76.47414845602988, 21.136716321784192 ], [ 76.465914373127205, 21.142267485064011 ], [ 76.47808649567898, 21.147165570310914 ], [ 76.480234517305774, 21.181778706055681 ], [ 76.490258618230769, 21.192227954582403 ], [ 76.529639014721852, 21.181778706055681 ], [ 76.565439375168282, 21.199411812944525 ], [ 76.623077955487034, 21.184717557203822 ], [ 76.636682092456681, 21.202677203109126 ], [ 76.641694142919178, 21.236963799837433 ], [ 76.66138434116472, 21.240882268034952 ], [ 76.662458351978117, 21.280393489026622 ], [ 76.724034971945983, 21.289536581487503 ], [ 76.748737220654021, 21.250678438528755 ], [ 76.740861141355794, 21.241208807051414 ], [ 76.745873191818305, 21.223249161146111 ], [ 76.760909343205796, 21.219983770981507 ], [ 76.767711411690627, 21.191248337533022 ], [ 76.782389559473657, 21.193534110648244 ], [ 76.775229487384379, 21.184717557203822 ], [ 76.773797472966521, 21.183084862121522 ], [ 76.788833624354027, 21.104715498171103 ], [ 76.773797472966521, 21.084143540134122 ], [ 76.785253588309374, 21.072061596525096 ], [ 76.783105566682593, 21.052795794553955 ], [ 76.765205386459371, 21.03875461684617 ], [ 76.772723462153124, 21.024060361105469 ], [ 76.793487671212063, 21.026672673237147 ], [ 76.793487671212063, 21.026672673237147 ], [ 76.793845674816524, 21.02569305618777 ], [ 76.798857725279021, 21.017856119792725 ], [ 76.79670970365224, 21.002835325035562 ], [ 76.777735512615621, 20.995978005689903 ], [ 76.777019505406699, 20.993365693558221 ], [ 76.778451519824557, 20.989447225360699 ], [ 76.784537581100452, 20.972467196504777 ], [ 76.807449811786171, 20.969528345356636 ], [ 76.812103858644207, 20.968875267323718 ], [ 76.810671844226349, 20.962017947978055 ], [ 76.810313840621873, 20.960058713879292 ], [ 76.809597833412951, 20.956140245681773 ], [ 76.788833624354027, 20.962017947978055 ], [ 76.786685602727232, 20.93948675584231 ], [ 76.77558749098884, 20.931649819447266 ], [ 76.787759613540629, 20.927404812233288 ], [ 76.784537581100452, 20.907485932229221 ], [ 76.774513480175443, 20.920874031904084 ], [ 76.745157184609369, 20.928710968299129 ], [ 76.691098640335255, 20.917608641739484 ], [ 76.726540997177224, 20.88364858402764 ], [ 76.744083173795985, 20.887893591241617 ], [ 76.74551518821383, 20.871240101402154 ], [ 76.753033263907582, 20.875158569599677 ], [ 76.764489379250449, 20.856872384677914 ], [ 76.743367166587049, 20.80266690794554 ], [ 76.765205386459371, 20.79254419843528 ], [ 76.773797472966521, 20.775564169579354 ], [ 76.753749271116519, 20.738338721702906 ], [ 76.763057364832591, 20.720379075797602 ], [ 76.736923101706694, 20.714827912517784 ], [ 76.722244953923649, 20.690337486283276 ], [ 76.739429126937949, 20.687072096118676 ], [ 76.731911051244197, 20.65572435053851 ], [ 76.760193335996874, 20.649520109225769 ], [ 76.749811231467405, 20.629601229221706 ], [ 76.770933444130804, 20.626662378073561 ], [ 76.760909343205796, 20.602498490855517 ], [ 76.783463570287054, 20.603804646921358 ], [ 76.789549631562949, 20.587477696098354 ], [ 76.769143426108485, 20.576375369538713 ], [ 76.782389559473657, 20.572456901341191 ], [ 76.769501429712946, 20.517271807559439 ], [ 76.752675260303121, 20.51172064427962 ], [ 76.745873191818305, 20.495393693456617 ], [ 76.734059072870977, 20.493107920341394 ], [ 76.735849090893296, 20.510741027230239 ], [ 76.725824989968302, 20.51661872952652 ], [ 76.708282813349541, 20.499638700670594 ], [ 76.711146842185258, 20.47220942328795 ], [ 76.693604665566511, 20.460454018695387 ], [ 76.712936860207577, 20.437922826559642 ], [ 76.712578856603116, 20.41931010262142 ], [ 76.727257004386161, 20.398411605567976 ], [ 76.708998820558477, 20.386003122942491 ], [ 76.698974719633469, 20.352043065230646 ], [ 76.744083173795985, 20.337675348506401 ], [ 76.742293155773652, 20.326246482930301 ], [ 76.765563390063832, 20.316123773420038 ], [ 76.792055656794204, 20.314491078337738 ], [ 76.785253588309374, 20.290327191119694 ], [ 76.817115909106704, 20.281184098658812 ], [ 76.819263930733484, 20.28053102062589 ], [ 76.823201970382598, 20.241019799634223 ], [ 76.823201970382598, 20.239713643568383 ], [ 76.821411952360279, 20.23775440946962 ], [ 76.801005746905801, 20.218488607498479 ], [ 76.784537581100452, 20.203467812741316 ], [ 76.746589199027227, 20.206733202905916 ], [ 76.748379217049546, 20.165915825848405 ], [ 76.760193335996874, 20.161670818634427 ], [ 76.756613299952235, 20.128037299939038 ], [ 76.668544413254011, 20.126078065840279 ], [ 76.649212218612931, 20.069260276976223 ], [ 76.630238027576326, 20.082321837634627 ], [ 76.62379396269597, 20.05097409205446 ], [ 76.662100348373656, 20.04770870188986 ], [ 76.65744630151562, 20.00134016155253 ], [ 76.645632182568292, 19.984360132696608 ], [ 76.660668333955797, 19.976196657285104 ], [ 76.661026337560259, 19.976196657285104 ], [ 76.658878315933464, 19.964767791709004 ], [ 76.634176067225425, 19.955624699248119 ], [ 76.636682092456681, 19.933420046128838 ], [ 76.606967793286145, 19.923623875635034 ], [ 76.610905832935245, 19.892929208087789 ], [ 76.652434251053108, 19.901092683499289 ], [ 76.65279225465757, 19.90076614448283 ], [ 76.660310330351322, 19.892929208087789 ], [ 76.639188117687937, 19.866479547754523 ], [ 76.619497919442395, 19.841336043487097 ], [ 76.615559879793281, 19.841662582503556 ], [ 76.564365364354884, 19.844601433651697 ], [ 76.537515094020065, 19.846234128733997 ], [ 76.536799086811129, 19.848519901849219 ], [ 76.533935057975427, 19.865499930705141 ], [ 76.491332629044166, 19.893908825137167 ], [ 76.493480650670946, 19.920358485470434 ], [ 76.4086337964129, 19.920358485470434 ], [ 76.391807627003089, 19.904358073663889 ], [ 76.366747374690576, 19.928521960881938 ], [ 76.354575252138787, 19.896521137268849 ], [ 76.323786942154868, 19.882153420544604 ], [ 76.296220664611113, 19.868765320869741 ], [ 76.254334242888788, 19.876928796281245 ], [ 76.229273990576274, 19.864846852672223 ], [ 76.197411669778958, 19.864846852672223 ], [ 76.183807532809311, 19.85145875299736 ], [ 76.148365175967342, 19.855703760211341 ], [ 76.14764916875842, 19.843948355618778 ], [ 76.137983071437873, 19.846234128733997 ], [ 76.135119042602156, 19.846887206766919 ], [ 76.129032981326276, 19.864846852672223 ], [ 76.097528664133407, 19.857009916277178 ], [ 76.078554473096801, 19.880847264478767 ], [ 76.078912476701262, 19.912848088091852 ], [ 76.05886427485126, 19.919052329404593 ], [ 76.047408159508407, 19.946808145803701 ], [ 76.016261845920013, 19.953338926132901 ], [ 76.010891791853041, 19.954645082198741 ], [ 76.012323806270899, 19.973910884169886 ], [ 75.989769579189641, 19.973584345153427 ], [ 75.982251503495903, 19.980441664499086 ], [ 75.968647366526255, 19.99317668614103 ], [ 75.963277312459283, 19.99840131040439 ], [ 75.966499344899461, 19.99970746647023 ], [ 76.023421918009291, 20.024850970737656 ], [ 76.018767871151255, 20.058484489433042 ], [ 76.068172368567332, 20.072852206157286 ], [ 76.06745636135841, 20.074811440256045 ], [ 76.051346199157507, 20.084607610749849 ], [ 76.056000246015543, 20.097995710424712 ], [ 76.094306631693229, 20.09570993730949 ], [ 76.108626775871798, 20.162976974700264 ], [ 76.119366884005728, 20.161344279617964 ], [ 76.131897010161978, 20.198569727494412 ], [ 76.1497971903852, 20.205100507823616 ], [ 76.133329024579837, 20.222733614712457 ], [ 76.166265356190564, 20.238407487502542 ], [ 76.193473630129844, 20.299796822597035 ], [ 76.140847100273589, 20.300449900629953 ], [ 76.147291165153945, 20.310246071123757 ], [ 76.126884959699481, 20.315797234403576 ], [ 76.126168952490559, 20.344206128835602 ], [ 76.108268772267337, 20.353675760312946 ], [ 76.092516613670909, 20.347798058016664 ], [ 76.085356541581618, 20.36641078195489 ], [ 76.046692152299471, 20.337348809489942 ], [ 76.031297997307504, 20.305347985876857 ], [ 75.967931359317319, 20.315144156370657 ], [ 75.948599164676253, 20.298817205547653 ], [ 75.929624973639633, 20.301102978662875 ], [ 75.922822905154817, 20.312531844238976 ], [ 75.924254919572675, 20.314817617354198 ], [ 75.9410810889825, 20.341267277687464 ], [ 75.941439092586961, 20.369349633103027 ], [ 75.966857348503936, 20.369349633103027 ], [ 75.939649074564642, 20.428126656065842 ], [ 75.955401233161069, 20.465352103942291 ], [ 75.9410810889825, 20.500291778703517 ], [ 75.940723085378039, 20.501924473785817 ], [ 75.942513103400358, 20.503883707884576 ], [ 75.960771287228042, 20.52021065870758 ], [ 75.970437384548575, 20.529353751168465 ], [ 75.972943409779816, 20.531639524283683 ], [ 75.976523445824469, 20.531312985267224 ], [ 75.977955460242327, 20.529027212152002 ], [ 76.001225694532508, 20.529353751168465 ], [ 76.00874377022626, 20.538170304612883 ], [ 76.017693860337857, 20.529353751168465 ], [ 76.017693860337857, 20.530986446250765 ], [ 76.015545838711077, 20.551231865271287 ], [ 76.036310047770002, 20.555803411501728 ], [ 76.042396109045896, 20.578987681670394 ], [ 76.031656000911966, 20.637438165616746 ], [ 76.006237744995005, 20.648213953159928 ], [ 76.006237744995005, 20.647560875127006 ] ] ] } },
{ "type": "Feature", "properties": { "dt_code": "501", "district": "Akola", "st_nm": "Maharashtra", "st_code": "27", "year": "2011_c" }, "geometry": { "type": "Polygon", "coordinates": [ [ [ 76.819263930733484, 20.28053102062589 ], [ 76.817115909106704, 20.281184098658812 ], [ 76.785253588309374, 20.290327191119694 ], [ 76.792055656794204, 20.314491078337738 ], [ 76.765563390063832, 20.316123773420038 ], [ 76.742293155773652, 20.326246482930301 ], [ 76.744083173795985, 20.337675348506401 ], [ 76.698974719633469, 20.352043065230646 ], [ 76.708998820558477, 20.386003122942491 ], [ 76.727257004386161, 20.398411605567976 ], [ 76.712578856603116, 20.41931010262142 ], [ 76.712936860207577, 20.437922826559642 ], [ 76.693604665566511, 20.460454018695387 ], [ 76.711146842185258, 20.47220942328795 ], [ 76.708282813349541, 20.499638700670594 ], [ 76.725824989968302, 20.51661872952652 ], [ 76.735849090893296, 20.510741027230239 ], [ 76.734059072870977, 20.493107920341394 ], [ 76.745873191818305, 20.495393693456617 ], [ 76.752675260303121, 20.51172064427962 ], [ 76.769501429712946, 20.517271807559439 ], [ 76.782389559473657, 20.572456901341191 ], [ 76.769143426108485, 20.576375369538713 ], [ 76.789549631562949, 20.587477696098354 ], [ 76.783463570287054, 20.603804646921358 ], [ 76.760909343205796, 20.602498490855517 ], [ 76.770933444130804, 20.626662378073561 ], [ 76.749811231467405, 20.629601229221706 ], [ 76.760193335996874, 20.649520109225769 ], [ 76.731911051244197, 20.65572435053851 ], [ 76.739429126937949, 20.687072096118676 ], [ 76.722244953923649, 20.690337486283276 ], [ 76.736923101706694, 20.714827912517784 ], [ 76.763057364832591, 20.720379075797602 ], [ 76.753749271116519, 20.738338721702906 ], [ 76.773797472966521, 20.775564169579354 ], [ 76.765205386459371, 20.79254419843528 ], [ 76.743367166587049, 20.80266690794554 ], [ 76.764489379250449, 20.856872384677914 ], [ 76.753033263907582, 20.875158569599677 ], [ 76.74551518821383, 20.871240101402154 ], [ 76.744083173795985, 20.887893591241617 ], [ 76.726540997177224, 20.88364858402764 ], [ 76.691098640335255, 20.917608641739484 ], [ 76.745157184609369, 20.928710968299129 ], [ 76.774513480175443, 20.920874031904084 ], [ 76.784537581100452, 20.907485932229221 ], [ 76.787759613540629, 20.927404812233288 ], [ 76.77558749098884, 20.931649819447266 ], [ 76.786685602727232, 20.93948675584231 ], [ 76.788833624354027, 20.962017947978055 ], [ 76.809597833412951, 20.956140245681773 ], [ 76.810313840621873, 20.960058713879292 ], [ 76.810671844226349, 20.962017947978055 ], [ 76.812103858644207, 20.968875267323718 ], [ 76.807449811786171, 20.969528345356636 ], [ 76.784537581100452, 20.972467196504777 ], [ 76.778451519824557, 20.989447225360699 ], [ 76.777019505406699, 20.993365693558221 ], [ 76.777735512615621, 20.995978005689903 ], [ 76.79670970365224, 21.002835325035562 ], [ 76.798857725279021, 21.017856119792725 ], [ 76.793845674816524, 21.02569305618777 ], [ 76.793487671212063, 21.026672673237147 ], [ 76.793487671212063, 21.026672673237147 ], [ 76.772723462153124, 21.024060361105469 ], [ 76.765205386459371, 21.03875461684617 ], [ 76.783105566682593, 21.052795794553955 ], [ 76.785253588309374, 21.072061596525096 ], [ 76.773797472966521, 21.084143540134122 ], [ 76.788833624354027, 21.104715498171103 ], [ 76.773797472966521, 21.183084862121522 ], [ 76.775229487384379, 21.184717557203822 ], [ 76.782389559473657, 21.193534110648244 ], [ 76.788475620749551, 21.186023713269662 ], [ 76.790623642376346, 21.183411401137981 ], [ 76.91664091114778, 21.200717969010366 ], [ 76.99862373657011, 21.195819883763463 ], [ 77.006141812263863, 21.228800324425933 ], [ 77.034066093412079, 21.246759970331233 ], [ 77.079890554783518, 21.216065302783988 ], [ 77.093852695357626, 21.226188012294251 ], [ 77.131085070221914, 21.22031030999797 ], [ 77.167243434272805, 21.242841502133714 ], [ 77.169749459504061, 21.242841502133714 ], [ 77.190513668562986, 21.237290338853892 ], [ 77.190513668562986, 21.235331104755133 ], [ 77.174403506362097, 21.222922622129651 ], [ 77.184785610891566, 21.199738351960985 ], [ 77.166885430668344, 21.186676791302581 ], [ 77.160083362183528, 21.145206336212155 ], [ 77.163305394623706, 21.135736704734811 ], [ 77.19659972983888, 21.138675555882951 ], [ 77.19659972983888, 21.121042448994107 ], [ 77.172255484735317, 21.118756675878888 ], [ 77.176193524384416, 21.072388135541559 ], [ 77.150059261258519, 21.069775823409877 ], [ 77.150059261258519, 21.033203453566351 ], [ 77.172971491944239, 21.023733822089007 ], [ 77.172255484735317, 21.013611112578744 ], [ 77.167243434272805, 20.98912068634424 ], [ 77.133233091848695, 20.98912068634424 ], [ 77.134665106266553, 20.974426430603536 ], [ 77.160441365787989, 20.971814118471855 ], [ 77.135023109871028, 20.920547492887625 ], [ 77.129295052199595, 20.863403165007114 ], [ 77.152923290094236, 20.858505079760214 ], [ 77.160441365787989, 20.869933945336314 ], [ 77.180489567637991, 20.849688526315791 ], [ 77.210919874017463, 20.848382370249951 ], [ 77.221659982151394, 20.858505079760214 ], [ 77.286100630954962, 20.846749675167651 ], [ 77.315098922916576, 20.857525462710832 ], [ 77.336937142788898, 20.84381082401951 ], [ 77.43503013041213, 20.842831206970128 ], [ 77.465102433187127, 20.880383193863036 ], [ 77.479064573761235, 20.879730115830117 ], [ 77.475484537716596, 20.860790852875432 ], [ 77.528827074781773, 20.84870890926641 ], [ 77.551023298258571, 20.854260072546232 ], [ 77.55281331628089, 20.823238865982525 ], [ 77.610093892995181, 20.799728056797399 ], [ 77.610809900204103, 20.778503020727495 ], [ 77.619759990315714, 20.779156098760417 ], [ 77.610809900204103, 20.719072919731765 ], [ 77.610809900204103, 20.717766763665921 ], [ 77.578231572197851, 20.727236395143265 ], [ 77.561763406392501, 20.701113273826458 ], [ 77.519876984670177, 20.702745968908758 ], [ 77.535629143266604, 20.697847883661858 ], [ 77.538851175706782, 20.683480166937613 ], [ 77.512000905371963, 20.682174010871776 ], [ 77.510568890954104, 20.663887825950013 ], [ 77.489088674686244, 20.681520932838854 ], [ 77.478348566552313, 20.662581669884169 ], [ 77.4242900222782, 20.65898974070311 ], [ 77.415339932166589, 20.645601641028247 ], [ 77.440400184479088, 20.642336250863647 ], [ 77.459732379120169, 20.61751928561268 ], [ 77.459016371911233, 20.61751928561268 ], [ 77.410327881704092, 20.610335427250561 ], [ 77.406747845659439, 20.589763469213576 ], [ 77.367009445563909, 20.580620376752695 ], [ 77.361639391496936, 20.56788535511075 ], [ 77.339801171624615, 20.575069213472872 ], [ 77.335863131975515, 20.525761821987402 ], [ 77.365219427541575, 20.517924885592361 ], [ 77.396007737525508, 20.525761821987402 ], [ 77.389205669040692, 20.502251012802276 ], [ 77.381687593346939, 20.483638288864054 ], [ 77.368799463586228, 20.480372898699454 ], [ 77.369157467190689, 20.496373310505994 ], [ 77.327271045468365, 20.497679466571835 ], [ 77.324049013028187, 20.486903679028654 ], [ 77.339443168020154, 20.483638288864054 ], [ 77.343381207669253, 20.471556345255031 ], [ 77.32977707069962, 20.469270572139809 ], [ 77.325123023841584, 20.450331309185124 ], [ 77.29791474990229, 20.446086301971146 ], [ 77.291112681417474, 20.419963180654339 ], [ 77.277508544447826, 20.422902031802479 ], [ 77.266410432709435, 20.458494784596628 ], [ 77.229894065054069, 20.47384211837025 ], [ 77.225598021800494, 20.447392458036987 ], [ 77.186217625309425, 20.448372075086365 ], [ 77.183711600078169, 20.432371663279824 ], [ 77.197315737047816, 20.424861265901242 ], [ 77.182995592869247, 20.398085066551516 ], [ 77.151133272071917, 20.399391222617353 ], [ 77.140751167542447, 20.37947234261329 ], [ 77.120702965692445, 20.410820088193457 ], [ 77.09134667012637, 20.41767740753912 ], [ 77.089556652104051, 20.395146215403376 ], [ 77.055904313284401, 20.386656200975413 ], [ 77.046954223172804, 20.390574669172935 ], [ 77.047312226777265, 20.418003946555579 ], [ 77.059126345724579, 20.443800528855924 ], [ 77.039078143874576, 20.447392458036987 ], [ 77.024757999696007, 20.449025153119287 ], [ 77.014017891562077, 20.412779322292216 ], [ 76.992179671689755, 20.407881237045316 ], [ 76.995401704129932, 20.393840059337535 ], [ 76.974279491466547, 20.379798881629753 ], [ 76.977143520302249, 20.370655789168868 ], [ 76.957453322056722, 20.362818852773827 ], [ 76.935615102184386, 20.370329250152409 ], [ 76.932035066139747, 20.356614611461087 ], [ 76.919146936379036, 20.359553462609227 ], [ 76.897666720111175, 20.33506303637472 ], [ 76.891938662439742, 20.31710339046942 ], [ 76.909838842662964, 20.312531844238976 ], [ 76.879408536283492, 20.291633347185531 ], [ 76.879766539887953, 20.279224864560049 ], [ 76.8722484641942, 20.274653318329609 ], [ 76.869026431754023, 20.278571786527131 ], [ 76.86616240291832, 20.28216371570819 ], [ 76.852916269553134, 20.298490666531194 ], [ 76.848620226299559, 20.298817205547653 ], [ 76.82391797759152, 20.285102566856331 ], [ 76.819263930733484, 20.28053102062589 ] ] ] } },
{ "type": "Feature", "properties": { "dt_code": "516", "district": "Nashik", "st_nm": "Maharashtra", "st_code": "27", "year": "2011_c" }, "geometry": { "type": "Polygon", "coordinates": [ [ [ 74.812653727710952, 20.632213541353384 ], [ 74.811937720502016, 20.620131597744361 ], [ 74.812295724106477, 20.616866207579761 ], [ 74.809789698875235, 20.588783852164195 ], [ 74.79296352946541, 20.578008064621013 ], [ 74.795827558301127, 20.540782616744565 ], [ 74.794037540278808, 20.540456077728106 ], [ 74.777927378077905, 20.536537609530583 ], [ 74.762533223085939, 20.532945680349524 ], [ 74.782939428540402, 20.500618317719976 ], [ 74.770767305988613, 20.47220942328795 ], [ 74.792605525860949, 20.477760586567772 ], [ 74.801913619577022, 20.445433223938224 ], [ 74.836639969210054, 20.416697790489739 ], [ 74.824109843053805, 20.399064683600894 ], [ 74.850602109784163, 20.38110503769559 ], [ 74.850602109784163, 20.38110503769559 ], [ 74.852034124202021, 20.37620695244869 ], [ 74.86420624675381, 20.33506303637472 ], [ 74.862774232335951, 20.329838412111361 ], [ 74.85167612059756, 20.28738833997155 ], [ 74.85167612059756, 20.286408722922172 ], [ 74.852750131410957, 20.28542910587279 ], [ 74.872440329656484, 20.27563293537899 ], [ 74.884612452208273, 20.270081772099168 ], [ 74.934732956833287, 20.270408311115627 ], [ 74.932584935206492, 20.251142509144483 ], [ 74.905376661267212, 20.246244423897583 ], [ 74.907882686498453, 20.219468224547857 ], [ 74.928288891952917, 20.217508990449097 ], [ 74.927214881139534, 20.154160421255845 ], [ 74.90680867568507, 20.155140038305223 ], [ 74.895710563946665, 20.180283542572649 ], [ 74.85561416024666, 20.179630464539727 ], [ 74.85382414222434, 20.230244012091038 ], [ 74.830195904329699, 20.235142097337942 ], [ 74.818381785382371, 20.250162892095105 ], [ 74.784013439353799, 20.23416248028856 ], [ 74.783655435749338, 20.226978621926438 ], [ 74.799765597950227, 20.231550168156879 ], [ 74.784013439353799, 20.205753585856534 ], [ 74.762175219481477, 20.204773968807153 ], [ 74.759669194250222, 20.185834705852471 ], [ 74.720646801363614, 20.193671642247512 ], [ 74.711338707647542, 20.173426223226986 ], [ 74.714918743692181, 20.134568080268238 ], [ 74.703462628349328, 20.114649200264175 ], [ 74.730312898684147, 20.113669583214794 ], [ 74.736040956355581, 20.080362603535868 ], [ 74.710264696834145, 20.079709525502949 ], [ 74.719930794154692, 20.053586404186142 ], [ 74.705968653580584, 20.04117792156066 ], [ 74.717066765318975, 20.018320190408453 ], [ 74.688784480566284, 20.007870941881734 ], [ 74.686278455335042, 19.969012798922982 ], [ 74.672674318365395, 19.962155479577323 ], [ 74.671958311156473, 19.958890089412723 ], [ 74.670526296738615, 19.946808145803701 ], [ 74.568853273070744, 19.954645082198741 ], [ 74.523028811699305, 19.976849735318027 ], [ 74.519448775654666, 19.968033181873604 ], [ 74.479352371954661, 19.964114713676082 ], [ 74.48078438637252, 19.99513592023979 ], [ 74.458230159291261, 19.995462459256249 ], [ 74.442836004299295, 19.973910884169886 ], [ 74.381617387935904, 19.981094742532008 ], [ 74.362643196899285, 19.965420869741923 ], [ 74.349397063534113, 19.967380103840682 ], [ 74.347607045511793, 19.984360132696608 ], [ 74.319324760759102, 19.985339749745989 ], [ 74.303572602162674, 19.966727025807764 ], [ 74.286030425543927, 19.986972444828289 ], [ 74.286030425543927, 19.986972444828289 ], [ 74.280660371476955, 19.956930855313963 ], [ 74.247724039866242, 19.963135096626701 ], [ 74.248082043470703, 19.935052741211138 ], [ 74.27242628857428, 19.933420046128838 ], [ 74.274932313805536, 19.906317307762649 ], [ 74.335792926564466, 19.887051505791508 ], [ 74.337224940982324, 19.872683789067263 ], [ 74.362643196899285, 19.871377633001423 ], [ 74.373383305033215, 19.80182482249543 ], [ 74.327558843661791, 19.795620581182689 ], [ 74.317534742736783, 19.764599374618982 ], [ 74.275290317409997, 19.777334396260922 ], [ 74.269204256134103, 19.760027828388541 ], [ 74.24700803265732, 19.744027416581996 ], [ 74.16717322886177, 19.730639316907133 ], [ 74.152853084683201, 19.687862705750867 ], [ 74.134952904459979, 19.690801556899004 ], [ 74.144260998176051, 19.673494989026622 ], [ 74.119558749468013, 19.641167626397074 ], [ 74.099868551222471, 19.649004562792115 ], [ 74.097720529595691, 19.640841087380615 ], [ 74.071228262865333, 19.660759967384678 ], [ 74.020749754635858, 19.673494989026622 ], [ 73.925878799452818, 19.672515371977241 ], [ 73.907620615625135, 19.684597315586263 ], [ 73.911200651669773, 19.702230422475107 ], [ 73.894732485864424, 19.716271600182893 ], [ 73.897596514700126, 19.745986650680756 ], [ 73.885424392148352, 19.745007033631378 ], [ 73.867166208320668, 19.743374338549074 ], [ 73.839957934381374, 19.741088565433856 ], [ 73.837451909150118, 19.740762026417396 ], [ 73.837451909150118, 19.740108948384474 ], [ 73.838167916359055, 19.722149302479174 ], [ 73.818835721717974, 19.71431236608413 ], [ 73.809885631606377, 19.683617698536885 ], [ 73.792701458592092, 19.687862705750867 ], [ 73.806305595561724, 19.676760379191222 ], [ 73.781603346853686, 19.6597803503353 ], [ 73.780171332435827, 19.650637257874415 ], [ 73.793059462196553, 19.642473782462915 ], [ 73.776591296391189, 19.640841087380615 ], [ 73.77515928197333, 19.62647337065637 ], [ 73.766925199070656, 19.633330690002033 ], [ 73.737926907109042, 19.617983356228411 ], [ 73.721458741303678, 19.619616051310711 ], [ 73.703916564684931, 19.596105242125585 ], [ 73.681720341208148, 19.588268305730544 ], [ 73.661314135753685, 19.584023298516563 ], [ 73.634463865418851, 19.595778703109126 ], [ 73.616205681591168, 19.585655993598863 ], [ 73.614415663568849, 19.592186773928063 ], [ 73.613699656359927, 19.595125625076204 ], [ 73.588281400442952, 19.606881029668767 ], [ 73.575751274286702, 19.602309483438326 ], [ 73.585059368002774, 19.611126036882748 ], [ 73.563221148130452, 19.619289512294252 ], [ 73.559283108481338, 19.645412633611055 ], [ 73.543888953489386, 19.658800733285918 ], [ 73.529210805706342, 19.697332337228207 ], [ 73.515606668736694, 19.697332337228207 ], [ 73.519902711990269, 19.706801968705548 ], [ 73.485176362357237, 19.724761614610852 ], [ 73.484818358752761, 19.725088153627311 ], [ 73.486966380379556, 19.726067770676693 ], [ 73.503434546184906, 19.733578168055274 ], [ 73.503434546184906, 19.736517019203415 ], [ 73.500928520953664, 19.753497048059337 ], [ 73.495916470491153, 19.759701289372082 ], [ 73.450808016328651, 19.764925913635441 ], [ 73.450092009119729, 19.766232069701282 ], [ 73.448301991097409, 19.769170920849422 ], [ 73.444721955052756, 19.774069006096322 ], [ 73.442215929821515, 19.825988709713474 ], [ 73.420377709949193, 19.834805263157897 ], [ 73.413933645068823, 19.85798953332656 ], [ 73.413933645068823, 19.858316072343023 ], [ 73.436845875754543, 19.873663406116645 ], [ 73.421093717158115, 19.916113478256452 ], [ 73.439351900985798, 19.934399663178219 ], [ 73.439709904590259, 19.955624699248119 ], [ 73.455462063186687, 19.958563550396264 ], [ 73.450808016328651, 19.982400898597845 ], [ 73.425747764016151, 19.985339749745989 ], [ 73.406415569375085, 20.018646729424916 ], [ 73.36631916567508, 20.019952885490756 ], [ 73.35772707916793, 20.040524843527741 ], [ 73.316198661050066, 20.048035240906323 ], [ 73.314766646632208, 20.04934139697216 ], [ 73.314050639423286, 20.050321014021542 ], [ 73.308322581751852, 20.056198716317823 ], [ 73.313692635818825, 20.091138391079049 ], [ 73.271090206887564, 20.096036476325949 ], [ 73.269658192469706, 20.109424576000812 ], [ 73.248893983410781, 20.122486136659216 ], [ 73.253906033873278, 20.137833470432838 ], [ 73.279324289790239, 20.149915414041864 ], [ 73.283262329439353, 20.198243188477953 ], [ 73.299372491640241, 20.209672054054053 ], [ 73.34340693498936, 20.199222805527334 ], [ 73.357011071959008, 20.212937444218657 ], [ 73.353073032309894, 20.201508578642553 ], [ 73.365245154861682, 20.195630876346272 ], [ 73.383861342293827, 20.211304749136357 ], [ 73.38958939996526, 20.192692025198131 ], [ 73.421451720762576, 20.206733202905916 ], [ 73.412143627046504, 20.265510225868727 ], [ 73.427895785642932, 20.280204481609431 ], [ 73.412501630650965, 20.360533079658609 ], [ 73.40426754774829, 20.386003122942491 ], [ 73.382787331480429, 20.372288484251168 ], [ 73.379923302644713, 20.393186981304613 ], [ 73.419303699135796, 20.413105861308679 ], [ 73.431117818083123, 20.454249777382646 ], [ 73.467992189342937, 20.496373310505994 ], [ 73.469424203760795, 20.51988411969112 ], [ 73.493768448864373, 20.538170304612883 ], [ 73.475152261432228, 20.543721467892706 ], [ 73.473004239805448, 20.584538844950217 ], [ 73.431117818083123, 20.594008476427557 ], [ 73.420377709949193, 20.626988917090024 ], [ 73.407489580188468, 20.623723526925424 ], [ 73.392095425196501, 20.649193570209309 ], [ 73.431117818083123, 20.664867442999391 ], [ 73.432549832500968, 20.677275925624876 ], [ 73.444721955052756, 20.682827088904695 ], [ 73.449734005515268, 20.717440224649462 ], [ 73.474794257827767, 20.720379075797602 ], [ 73.490188412819734, 20.686419018085758 ], [ 73.478374293872406, 20.676622847591954 ], [ 73.489472405610798, 20.65572435053851 ], [ 73.504150553393842, 20.670745145295673 ], [ 73.51811269396795, 20.667806294147532 ], [ 73.520976722803667, 20.678582081690713 ], [ 73.550691021974202, 20.648540492176387 ], [ 73.569307209406347, 20.651479343324528 ], [ 73.615489674382246, 20.624376604958343 ], [ 73.626945789725099, 20.584865383966672 ], [ 73.652364045642074, 20.56461996494615 ], [ 73.669548218656359, 20.56298726986385 ], [ 73.695324478177795, 20.578334603637472 ], [ 73.744370971989397, 20.564946503962609 ], [ 73.776591296391189, 20.600865795773217 ], [ 73.798787519867972, 20.598580022657998 ], [ 73.838167916359055, 20.620458136760824 ], [ 73.838883923567977, 20.65898974070311 ], [ 73.830649840665302, 20.674990152509654 ], [ 73.81740370730013, 20.671724762345054 ], [ 73.812033653233158, 20.692296720382039 ], [ 73.835303887523338, 20.702092890875839 ], [ 73.855352089373341, 20.692296720382039 ], [ 73.874326280409946, 20.729522168258484 ], [ 73.917286712945668, 20.724624083011584 ], [ 73.941630958049245, 20.741277572851047 ], [ 73.941272954444784, 20.75793106269051 ], [ 73.931964860728712, 20.760543374822191 ], [ 73.941272954444784, 20.839892355821988 ], [ 73.960963152690312, 20.841525050904288 ], [ 73.966333206757284, 20.85197429943101 ], [ 74.020033747426936, 20.833688114509247 ], [ 74.017169718591219, 20.845770058118269 ], [ 74.02611980870283, 20.851321221398091 ], [ 74.045093999739436, 20.834994270575088 ], [ 74.061920169149261, 20.84870890926641 ], [ 74.096288515177832, 20.841198511887828 ], [ 74.103448587267124, 20.855566228612073 ], [ 74.129940853997482, 20.863076625990654 ], [ 74.130298857601943, 20.863076625990654 ], [ 74.146409019802832, 20.850015065332251 ], [ 74.158223138750159, 20.850994682381632 ], [ 74.157507131541237, 20.862097008941273 ], [ 74.234119902896595, 20.848055831233491 ], [ 74.249872061493022, 20.860790852875432 ], [ 74.264192205671606, 20.851321221398091 ], [ 74.290684472401963, 20.856545845661451 ], [ 74.314670713901066, 20.84217812893721 ], [ 74.325768825639472, 20.848055831233491 ], [ 74.331854886915352, 20.835647348608006 ], [ 74.349039059929652, 20.858505079760214 ], [ 74.359063160854646, 20.844137363035969 ], [ 74.380543377122507, 20.839565816805528 ], [ 74.397011542927871, 20.859811235826051 ], [ 74.403097604203765, 20.837280043690306 ], [ 74.387345445607323, 20.835647348608006 ], [ 74.436033935814478, 20.802013829912621 ], [ 74.448564061970728, 20.816708085653325 ], [ 74.474698325096625, 20.820626553850843 ], [ 74.478636364745725, 20.833688114509247 ], [ 74.486512444043953, 20.818667319752084 ], [ 74.505486635080558, 20.818667319752084 ], [ 74.511930699960914, 20.808218071225362 ], [ 74.53770695948235, 20.836300426640928 ], [ 74.564199226212708, 20.823565404998984 ], [ 74.572791312719843, 20.831402341394025 ], [ 74.578161366786816, 20.815401929587484 ], [ 74.618973777695743, 20.804626142044302 ], [ 74.633293921874326, 20.782748027941476 ], [ 74.664798239067181, 20.774911091546436 ], [ 74.652984120119854, 20.756951445641132 ], [ 74.660860199418067, 20.739318338752287 ], [ 74.649762087679676, 20.693929415464339 ], [ 74.709190686020762, 20.686092479069295 ], [ 74.732460920310942, 20.677275925624876 ], [ 74.736398959960042, 20.665520521032313 ], [ 74.801913619577022, 20.659969357752491 ], [ 74.800123601554702, 20.638091243649665 ], [ 74.809789698875235, 20.638091243649665 ], [ 74.810505706084157, 20.633193158402765 ], [ 74.812653727710952, 20.632213541353384 ] ] ] } },
{ "type": "Feature", "properties": { "dt_code": "508", "district": "Gadchiroli", "st_nm": "Maharashtra", "st_code": "27", "year": "2011_c" }, "geometry": { "type": "Polygon", "coordinates": [ [ [ 79.982583779780256, 20.677275925624876 ], [ 79.990817862682945, 20.674337074476732 ], [ 80.01373009336865, 20.674663613493195 ], [ 80.015878114995445, 20.667479755131072 ], [ 80.031272269987412, 20.698174422678321 ], [ 80.057764536717769, 20.712542139402562 ], [ 80.092848889955278, 20.691643642349117 ], [ 80.113613099014202, 20.695235571530176 ], [ 80.137599340513319, 20.684459783986995 ], [ 80.162301589221357, 20.693929415464339 ], [ 80.178053747817785, 20.676949386608413 ], [ 80.242136393016892, 20.65539781152205 ], [ 80.250370475919581, 20.678255542674254 ], [ 80.272566699396364, 20.679888237756554 ], [ 80.281158785903514, 20.710909444320261 ], [ 80.299416969731183, 20.71156252235318 ], [ 80.308725063447255, 20.727562934159725 ], [ 80.332353301341911, 20.820953092867306 ], [ 80.389633878056202, 20.806585376143062 ], [ 80.393929921309777, 20.80723845417598 ], [ 80.41612614478656, 20.825198100081288 ], [ 80.460160588135665, 20.819320397785006 ], [ 80.522453215312467, 20.834667731558628 ], [ 80.561475608199075, 20.822912326966065 ], [ 80.548945482042825, 20.79580958859988 ], [ 80.551809510878542, 20.763808764986791 ], [ 80.562907622616933, 20.747481814163791 ], [ 80.565055644243714, 20.710582905303802 ], [ 80.587967874929433, 20.683806705954076 ], [ 80.580091795631219, 20.672704379394432 ], [ 80.519947190081211, 20.656377428571432 ], [ 80.481282800799065, 20.618172363645602 ], [ 80.504195031484784, 20.583559227900835 ], [ 80.520663197290148, 20.580620376752695 ], [ 80.580807802840155, 20.608376193151798 ], [ 80.632002318278552, 20.598580022657998 ], [ 80.617324170495507, 20.585845001016054 ], [ 80.62663226421158, 20.563640347896772 ], [ 80.615176148868727, 20.549925709205446 ], [ 80.619830195726763, 20.504536785917498 ], [ 80.602288019108002, 20.450004770168665 ], [ 80.613744134450869, 20.434983975411502 ], [ 80.591547910974072, 20.392860442288153 ], [ 80.610880105615152, 20.37490079638285 ], [ 80.626274260607119, 20.332450724243042 ], [ 80.610522102010691, 20.318083007518798 ], [ 80.549303485647286, 20.308613376041457 ], [ 80.518873179267814, 20.265836764885186 ], [ 80.480924797194604, 20.274979857346068 ], [ 80.395361935727635, 20.244938267831742 ], [ 80.405028033048168, 20.218815146514938 ], [ 80.422212206062454, 20.205753585856534 ], [ 80.388559867242805, 20.164936208799027 ], [ 80.401806000607991, 20.147303101910182 ], [ 80.433668321405307, 20.13522115830116 ], [ 80.455506541277629, 20.137833470432838 ], [ 80.460160588135665, 20.150895031091242 ], [ 80.505269042298181, 20.144364250762042 ], [ 80.551809510878542, 20.117914590428775 ], [ 80.544291435184789, 20.095383398293031 ], [ 80.556821561341039, 20.071546050091445 ], [ 80.54250141716247, 20.010483254013412 ], [ 80.549303485647286, 19.985992827778908 ], [ 80.52997129100622, 19.939624287441578 ], [ 80.488800876492817, 19.930481194980697 ], [ 80.47304871789639, 19.950726614001219 ], [ 80.452284508837451, 19.957583933346882 ], [ 80.411472097928524, 19.938318131375738 ], [ 80.413620119555304, 19.90729692481203 ], [ 80.44977848360621, 19.896194598252389 ], [ 80.468752674642815, 19.907623463828493 ], [ 80.491306901724073, 19.902072300548671 ], [ 80.505985049507103, 19.870724554968504 ], [ 80.486294851261562, 19.863214157589923 ], [ 80.469110678247276, 19.826641787746393 ], [ 80.440828393494598, 19.810314836923389 ], [ 80.402164004212452, 19.816519078236134 ], [ 80.401806000607991, 19.795947120199148 ], [ 80.464098627784779, 19.795620581182689 ], [ 80.488800876492817, 19.770477076915263 ], [ 80.484862836843703, 19.802151361511889 ], [ 80.469110678247276, 19.810314836923389 ], [ 80.480566793590143, 19.827621404795774 ], [ 80.520305193685672, 19.831866412009756 ], [ 80.546081453207108, 19.818478312334893 ], [ 80.54250141716247, 19.779946708392604 ], [ 80.552525518087464, 19.7652524526519 ], [ 80.676394765232118, 19.699291571326967 ], [ 80.665296653493726, 19.611452575899207 ], [ 80.714701150909804, 19.61667720016257 ], [ 80.740835414035701, 19.606227951635848 ], [ 80.769833705997314, 19.586635610648244 ], [ 80.775561763668748, 19.5624717234302 ], [ 80.836064372823216, 19.566390191627718 ], [ 80.856828581882141, 19.522960502438529 ], [ 80.895492971164288, 19.519695112273929 ], [ 80.898357, 19.481816586364562 ], [ 80.874370758500902, 19.445244216521033 ], [ 80.842150434099111, 19.446876911603333 ], [ 80.813510145741958, 19.433815350944933 ], [ 80.8120781313241, 19.407039151595207 ], [ 80.828188293525002, 19.379936413229018 ], [ 80.853248545837502, 19.363936001422477 ], [ 80.775203760064272, 19.314628609937007 ], [ 80.750859514960709, 19.286872793537899 ], [ 80.689640898597304, 19.28654625452144 ], [ 80.693578938246418, 19.314628609937007 ], [ 80.679974801276771, 19.330302482727088 ], [ 80.632002318278552, 19.307118212558425 ], [ 80.613028127241932, 19.309403985673644 ], [ 80.576153755982119, 19.402141066348303 ], [ 80.544291435184789, 19.383528342410081 ], [ 80.520305193685672, 19.347935589615933 ], [ 80.482356811612462, 19.33781288010567 ], [ 80.448346469188351, 19.266627374517377 ], [ 80.389275874451741, 19.237565402052429 ], [ 80.38426382398923, 19.215034209916684 ], [ 80.393929921309777, 19.18760493253404 ], [ 80.333427312155294, 19.145481399410691 ], [ 80.327699254483875, 19.134705611867506 ], [ 80.339871377035664, 19.10009247612274 ], [ 80.328057258088336, 19.09486785185938 ], [ 80.329847276110655, 19.070050886608414 ], [ 80.297626951708864, 19.04882585053851 ], [ 80.302997005775836, 19.022049651188784 ], [ 80.273282706605301, 18.992987678723836 ], [ 80.270776681374045, 18.938455662975006 ], [ 80.349537474356197, 18.848004355415569 ], [ 80.351685495982977, 18.816330070818939 ], [ 80.299774973335659, 18.794451956716117 ], [ 80.274714721023145, 18.765716523267628 ], [ 80.24535842545707, 18.765716523267628 ], [ 80.272924703000825, 18.72326645112782 ], [ 80.248580457897248, 18.706286422271898 ], [ 80.212780097450818, 18.705633344238976 ], [ 80.196669935249929, 18.680816378988013 ], [ 80.157647542363321, 18.701061798008535 ], [ 80.118267145872238, 18.680816378988013 ], [ 80.052752486255272, 18.72489914621012 ], [ 80.018384140226701, 18.770288069498072 ], [ 79.964325595952587, 18.773879998679131 ], [ 79.914205091327574, 18.82384046819752 ], [ 79.961461567116871, 18.866617079353791 ], [ 79.940339354453471, 19.031845821682587 ], [ 79.928883239110618, 19.049152389554969 ], [ 79.870886655187391, 19.040988914143469 ], [ 79.858356529031141, 19.102704788254421 ], [ 79.873750684023108, 19.124256363340784 ], [ 79.945709408520429, 19.169645286628736 ], [ 79.924229192252582, 19.225809997459866 ], [ 79.936401314804357, 19.264015062385695 ], [ 79.965757610370446, 19.303199744360903 ], [ 79.958955541885615, 19.33618018502337 ], [ 79.97792973292222, 19.400508371266003 ], [ 79.944993401311507, 19.470061181772 ], [ 79.914563094932035, 19.495857764072344 ], [ 79.864442590307036, 19.510552019813048 ], [ 79.806446006383808, 19.5787986742532 ], [ 79.785681797324884, 19.644433016561678 ], [ 79.782459764884706, 19.727047387726074 ], [ 79.753461472923092, 19.757742055273319 ], [ 79.736993307117729, 19.815866000203211 ], [ 79.74415337920702, 19.837744114306037 ], [ 79.780311743257926, 19.860601845458241 ], [ 79.803223973943631, 19.892276130054867 ], [ 79.76921363151952, 19.965747408758382 ], [ 79.76921363151952, 19.965747408758382 ], [ 79.769571635123981, 19.967053564824223 ], [ 79.782817768489167, 20.009830175980493 ], [ 79.810742049637383, 20.027463282869338 ], [ 79.821840161375775, 20.027789821885797 ], [ 79.844394388457033, 20.029095977951638 ], [ 79.852986474964183, 20.029422516968097 ], [ 79.853344478568644, 20.028116360902256 ], [ 79.869454640769533, 19.989258217943508 ], [ 79.87267667320971, 19.981421281548467 ], [ 79.876256709254363, 19.979135508433245 ], [ 79.904896997611502, 19.968686259906523 ], [ 79.915637105745432, 19.969339337939445 ], [ 79.953227484214182, 19.99187053007519 ], [ 79.989743851869548, 20.045749467791101 ], [ 79.967547628392765, 20.117914590428775 ], [ 79.929957249924001, 20.130649612070719 ], [ 79.925303203065965, 20.13522115830116 ], [ 79.914205091327574, 20.145670406827882 ], [ 79.910625055282935, 20.149262336008942 ], [ 79.912057069700793, 20.151874648140623 ], [ 79.934969300386513, 20.194324720280431 ], [ 79.98652181942937, 20.214570139300957 ], [ 79.98831183745169, 20.220774380613697 ], [ 79.984731801407051, 20.234815558321479 ], [ 79.94212937247579, 20.290327191119694 ], [ 79.947857430147224, 20.323960709815079 ], [ 79.971485668041865, 20.353675760312946 ], [ 79.957165523863296, 20.383390810810813 ], [ 79.962177574325793, 20.416697790489739 ], [ 79.938549336431151, 20.443473989839465 ], [ 79.938549336431151, 20.443800528855924 ], [ 79.950005451774004, 20.530986446250765 ], [ 79.924587195857043, 20.555803411501728 ], [ 79.93819133282669, 20.601518873806139 ], [ 79.936401314804357, 20.631233924304006 ], [ 79.934253293177576, 20.663887825950013 ], [ 79.933537285968654, 20.672704379394432 ], [ 79.933179282364179, 20.679888237756554 ], [ 79.96110356351241, 20.694909032513717 ], [ 79.982583779780256, 20.677275925624876 ] ] ] } },
{ "type": "Feature", "properties": { "dt_code": "502", "district": "Washim", "st_nm": "Maharashtra", "st_code": "27", "year": "2011_c" }, "geometry": { "type": "Polygon", "coordinates": [ [ [ 76.639188117687937, 19.866479547754523 ], [ 76.660310330351322, 19.892929208087789 ], [ 76.65279225465757, 19.90076614448283 ], [ 76.652434251053108, 19.901092683499289 ], [ 76.610905832935245, 19.892929208087789 ], [ 76.606967793286145, 19.923623875635034 ], [ 76.636682092456681, 19.933420046128838 ], [ 76.634176067225425, 19.955624699248119 ], [ 76.658878315933464, 19.964767791709004 ], [ 76.661026337560259, 19.976196657285104 ], [ 76.660668333955797, 19.976196657285104 ], [ 76.645632182568292, 19.984360132696608 ], [ 76.65744630151562, 20.00134016155253 ], [ 76.662100348373656, 20.04770870188986 ], [ 76.62379396269597, 20.05097409205446 ], [ 76.630238027576326, 20.082321837634627 ], [ 76.649212218612931, 20.069260276976223 ], [ 76.668544413254011, 20.126078065840279 ], [ 76.756613299952235, 20.128037299939038 ], [ 76.760193335996874, 20.161670818634427 ], [ 76.748379217049546, 20.165915825848405 ], [ 76.746589199027227, 20.206733202905916 ], [ 76.784537581100452, 20.203467812741316 ], [ 76.801005746905801, 20.218488607498479 ], [ 76.821411952360279, 20.23775440946962 ], [ 76.823201970382598, 20.239713643568383 ], [ 76.823201970382598, 20.241019799634223 ], [ 76.819263930733484, 20.28053102062589 ], [ 76.82391797759152, 20.285102566856331 ], [ 76.848620226299559, 20.298817205547653 ], [ 76.852916269553134, 20.298490666531194 ], [ 76.86616240291832, 20.28216371570819 ], [ 76.869026431754023, 20.278571786527131 ], [ 76.8722484641942, 20.274653318329609 ], [ 76.879766539887953, 20.279224864560049 ], [ 76.879408536283492, 20.291633347185531 ], [ 76.909838842662964, 20.312531844238976 ], [ 76.891938662439742, 20.31710339046942 ], [ 76.897666720111175, 20.33506303637472 ], [ 76.919146936379036, 20.359553462609227 ], [ 76.932035066139747, 20.356614611461087 ], [ 76.935615102184386, 20.370329250152409 ], [ 76.957453322056722, 20.362818852773827 ], [ 76.977143520302249, 20.370655789168868 ], [ 76.974279491466547, 20.379798881629753 ], [ 76.995401704129932, 20.393840059337535 ], [ 76.992179671689755, 20.407881237045316 ], [ 77.014017891562077, 20.412779322292216 ], [ 77.024757999696007, 20.449025153119287 ], [ 77.039078143874576, 20.447392458036987 ], [ 77.059126345724579, 20.443800528855924 ], [ 77.047312226777265, 20.418003946555579 ], [ 77.046954223172804, 20.390574669172935 ], [ 77.055904313284401, 20.386656200975413 ], [ 77.089556652104051, 20.395146215403376 ], [ 77.09134667012637, 20.41767740753912 ], [ 77.120702965692445, 20.410820088193457 ], [ 77.140751167542447, 20.37947234261329 ], [ 77.151133272071917, 20.399391222617353 ], [ 77.182995592869247, 20.398085066551516 ], [ 77.197315737047816, 20.424861265901242 ], [ 77.183711600078169, 20.432371663279824 ], [ 77.186217625309425, 20.448372075086365 ], [ 77.225598021800494, 20.447392458036987 ], [ 77.229894065054069, 20.47384211837025 ], [ 77.266410432709435, 20.458494784596628 ], [ 77.277508544447826, 20.422902031802479 ], [ 77.291112681417474, 20.419963180654339 ], [ 77.29791474990229, 20.446086301971146 ], [ 77.325123023841584, 20.450331309185124 ], [ 77.32977707069962, 20.469270572139809 ], [ 77.343381207669253, 20.471556345255031 ], [ 77.339443168020154, 20.483638288864054 ], [ 77.324049013028187, 20.486903679028654 ], [ 77.327271045468365, 20.497679466571835 ], [ 77.369157467190689, 20.496373310505994 ], [ 77.368799463586228, 20.480372898699454 ], [ 77.381687593346939, 20.483638288864054 ], [ 77.389205669040692, 20.502251012802276 ], [ 77.396007737525508, 20.525761821987402 ], [ 77.365219427541575, 20.517924885592361 ], [ 77.335863131975515, 20.525761821987402 ], [ 77.339801171624615, 20.575069213472872 ], [ 77.361639391496936, 20.56788535511075 ], [ 77.367009445563909, 20.580620376752695 ], [ 77.406747845659439, 20.589763469213576 ], [ 77.410327881704092, 20.610335427250561 ], [ 77.459016371911233, 20.61751928561268 ], [ 77.459732379120169, 20.61751928561268 ], [ 77.440400184479088, 20.642336250863647 ], [ 77.415339932166589, 20.645601641028247 ], [ 77.4242900222782, 20.65898974070311 ], [ 77.478348566552313, 20.662581669884169 ], [ 77.489088674686244, 20.681520932838854 ], [ 77.510568890954104, 20.663887825950013 ], [ 77.512000905371963, 20.682174010871776 ], [ 77.538851175706782, 20.683480166937613 ], [ 77.535629143266604, 20.697847883661858 ], [ 77.519876984670177, 20.702745968908758 ], [ 77.561763406392501, 20.701113273826458 ], [ 77.578231572197851, 20.727236395143265 ], [ 77.610809900204103, 20.717766763665921 ], [ 77.633722130889822, 20.712542139402562 ], [ 77.635154145307681, 20.65898974070311 ], [ 77.654128336344286, 20.66062243578541 ], [ 77.648042275068406, 20.648540492176387 ], [ 77.656634361575541, 20.639070860699047 ], [ 77.627636069613928, 20.566579199044909 ], [ 77.650190296695186, 20.564293425929691 ], [ 77.642314217396972, 20.531966063300143 ], [ 77.673460530985366, 20.538823382645806 ], [ 77.690286700395191, 20.534904914448283 ], [ 77.687422671559474, 20.523476048872183 ], [ 77.66665846250055, 20.51694526854298 ], [ 77.653770332739825, 20.497679466571835 ], [ 77.643030224605894, 20.450657848201587 ], [ 77.615105943457678, 20.466331720991668 ], [ 77.597921770443392, 20.446739380004065 ], [ 77.603649828114825, 20.435963592460883 ], [ 77.590045691145178, 20.429106273115224 ], [ 77.595415745212136, 20.412126244259298 ], [ 77.581811608242504, 20.415718173440361 ], [ 77.573577525339815, 20.400044300650276 ], [ 77.578947579406787, 20.371961945234709 ], [ 77.567849467668395, 20.345512284901446 ], [ 77.567133460459459, 20.343553050802683 ], [ 77.56749146406392, 20.33016495112782 ], [ 77.584317633473745, 20.326573021946761 ], [ 77.593983730794292, 20.28053102062589 ], [ 77.610451896599642, 20.278571786527131 ], [ 77.610451896599642, 20.263550991769968 ], [ 77.665942455291614, 20.247224040946964 ], [ 77.644462239023753, 20.187140861918309 ], [ 77.652338318321966, 20.172120067161146 ], [ 77.678830585052339, 20.167875059947164 ], [ 77.6791885886568, 20.167875059947164 ], [ 77.675966556216622, 20.146650023877264 ], [ 77.669522491336252, 20.101914178622231 ], [ 77.658424379597861, 20.096689554358871 ], [ 77.627994073218403, 20.035300219264379 ], [ 77.580379593824645, 20.029095977951638 ], [ 77.555319341512146, 20.047382162873401 ], [ 77.524531031528213, 20.096689554358871 ], [ 77.494458728753202, 20.079382986486486 ], [ 77.478706570156774, 20.08428107173339 ], [ 77.463670418769269, 20.069260276976223 ], [ 77.364861423937114, 20.098648788457631 ], [ 77.369873474399625, 20.089832235013212 ], [ 77.352689301385325, 20.065341808778705 ], [ 77.372021496026406, 20.046402545824019 ], [ 77.35483732301212, 20.013422105161553 ], [ 77.340517178833551, 20.007544402865271 ], [ 77.335863131975515, 19.973584345153427 ], [ 77.321900991401407, 19.959216628429182 ], [ 77.304358814782645, 19.965420869741923 ], [ 77.298630757111212, 19.943542755639101 ], [ 77.284668616537104, 19.937011975309897 ], [ 77.284668616537104, 19.908603080877871 ], [ 77.275360522821032, 19.916113478256452 ], [ 77.271064479567471, 19.917093095305834 ], [ 77.267484443522818, 19.898153832351149 ], [ 77.267126439918357, 19.898153832351149 ], [ 77.267126439918357, 19.897827293334689 ], [ 77.261756385851399, 19.896521137268849 ], [ 77.236696133538885, 19.891623052021949 ], [ 77.235264119121027, 19.891296513005486 ], [ 77.243140198419241, 19.904684612680349 ], [ 77.236696133538885, 19.937011975309897 ], [ 77.20733983797281, 19.940277365474497 ], [ 77.206981834368349, 19.940277365474497 ], [ 77.214499910062102, 19.973257806136964 ], [ 77.200895773092455, 19.990890913025808 ], [ 77.185501618100488, 19.984360132696608 ], [ 77.177983542406736, 19.980768203515545 ], [ 77.171181473921919, 19.965420869741923 ], [ 77.138603145915667, 19.95529816023166 ], [ 77.134307102662092, 19.943216216622638 ], [ 77.102802785469237, 19.932113890062997 ], [ 77.102444781864762, 19.932766968095915 ], [ 77.060916363746912, 19.994482842206871 ], [ 77.036214115038874, 20.008197480898193 ], [ 77.012585877144218, 20.001993239585452 ], [ 76.993969689712074, 20.017340573359075 ], [ 76.988241632040655, 19.997748232371471 ], [ 76.922368968819214, 19.975217040235727 ], [ 76.900530748946892, 19.963788174659623 ], [ 76.89516069487992, 19.94876737990246 ], [ 76.837522114561168, 19.963788174659623 ], [ 76.821411952360279, 19.929175038914856 ], [ 76.772723462153124, 19.935379280227597 ], [ 76.764489379250449, 19.904684612680349 ], [ 76.746947202631688, 19.912521549075393 ], [ 76.740145134146871, 19.873336867100186 ], [ 76.696826698006689, 19.875949179231863 ], [ 76.681074539410261, 19.847213745783378 ], [ 76.639188117687937, 19.866479547754523 ] ] ] } },
{ "type": "Feature", "properties": { "dt_code": "509", "district": "Chandrapur", "st_nm": "Maharashtra", "st_code": "27", "year": "2011_c" }, "geometry": { "type": "Polygon", "coordinates": [ [ [ 79.933537285968654, 20.672704379394432 ], [ 79.934253293177576, 20.663887825950013 ], [ 79.936401314804357, 20.631233924304006 ], [ 79.93819133282669, 20.601518873806139 ], [ 79.924587195857043, 20.555803411501728 ], [ 79.950005451774004, 20.530986446250765 ], [ 79.938549336431151, 20.443800528855924 ], [ 79.938549336431151, 20.443473989839465 ], [ 79.962177574325793, 20.416697790489739 ], [ 79.957165523863296, 20.383390810810813 ], [ 79.971485668041865, 20.353675760312946 ], [ 79.947857430147224, 20.323960709815079 ], [ 79.94212937247579, 20.290327191119694 ], [ 79.984731801407051, 20.234815558321479 ], [ 79.98831183745169, 20.220774380613697 ], [ 79.98652181942937, 20.214570139300957 ], [ 79.934969300386513, 20.194324720280431 ], [ 79.912057069700793, 20.151874648140623 ], [ 79.910625055282935, 20.149262336008942 ], [ 79.914205091327574, 20.145670406827882 ], [ 79.925303203065965, 20.13522115830116 ], [ 79.929957249924001, 20.130649612070719 ], [ 79.967547628392765, 20.117914590428775 ], [ 79.989743851869548, 20.045749467791101 ], [ 79.953227484214182, 19.99187053007519 ], [ 79.915637105745432, 19.969339337939445 ], [ 79.904896997611502, 19.968686259906523 ], [ 79.876256709254363, 19.979135508433245 ], [ 79.87267667320971, 19.981421281548467 ], [ 79.869454640769533, 19.989258217943508 ], [ 79.853344478568644, 20.028116360902256 ], [ 79.852986474964183, 20.029422516968097 ], [ 79.844394388457033, 20.029095977951638 ], [ 79.821840161375775, 20.027789821885797 ], [ 79.810742049637383, 20.027463282869338 ], [ 79.782817768489167, 20.009830175980493 ], [ 79.769571635123981, 19.967053564824223 ], [ 79.76921363151952, 19.965747408758382 ], [ 79.76921363151952, 19.965747408758382 ], [ 79.803223973943631, 19.892276130054867 ], [ 79.780311743257926, 19.860601845458241 ], [ 79.74415337920702, 19.837744114306037 ], [ 79.736993307117729, 19.815866000203211 ], [ 79.753461472923092, 19.757742055273319 ], [ 79.782459764884706, 19.727047387726074 ], [ 79.785681797324884, 19.644433016561678 ], [ 79.806446006383808, 19.5787986742532 ], [ 79.778521725235592, 19.599697171306644 ], [ 79.743079368393623, 19.608840263767526 ], [ 79.709069025969512, 19.584676376549481 ], [ 79.627802207756119, 19.573247510973381 ], [ 79.614198070786472, 19.559532872282059 ], [ 79.595939886958789, 19.507286629648448 ], [ 79.552979454423067, 19.52426665850437 ], [ 79.539733321057895, 19.554634787035155 ], [ 79.518611108394495, 19.543205921459055 ], [ 79.518611108394495, 19.520021651290389 ], [ 79.471712636209674, 19.500429310302785 ], [ 79.433406250531988, 19.537328219162774 ], [ 79.420518120771277, 19.529491282767729 ], [ 79.405481969383771, 19.535368985064011 ], [ 79.365743569288227, 19.576512901137981 ], [ 79.318487093498945, 19.576839440154441 ], [ 79.31419105024537, 19.566716730644178 ], [ 79.307030978156078, 19.596758320158507 ], [ 79.273020635731967, 19.598717554257266 ], [ 79.243306336561432, 19.61667720016257 ], [ 79.238652289703396, 19.606227951635848 ], [ 79.253330437486426, 19.593166390977444 ], [ 79.236862271681076, 19.557247099166837 ], [ 79.239726300516793, 19.535042446047552 ], [ 79.203925940070349, 19.494225068990044 ], [ 79.22361613831589, 19.469408103739077 ], [ 79.191037810309638, 19.458958855212355 ], [ 79.097956873148917, 19.532103594899411 ], [ 79.046046350501584, 19.548430545722415 ], [ 78.998073867503365, 19.540267070310914 ], [ 78.98124769809354, 19.5608390283479 ], [ 78.974087626004263, 19.549410162771796 ], [ 78.940435287184613, 19.552022474903474 ], [ 78.937929261953357, 19.561818645397278 ], [ 78.973013615190865, 19.582390603434263 ], [ 78.955471438572118, 19.600350249339566 ], [ 78.955471438572118, 19.655861882137778 ], [ 78.903560915924785, 19.670229598862022 ], [ 78.886734746514961, 19.655208804104859 ], [ 78.851650393277453, 19.658474194269459 ], [ 78.859884476180142, 19.689495400833167 ], [ 78.840910285143536, 19.7619870624873 ], [ 78.877068649194428, 19.767538225767122 ], [ 78.877068649194428, 19.767538225767122 ], [ 78.878858667216747, 19.754476665108719 ], [ 78.879574674425683, 19.748598962812437 ], [ 78.879574674425683, 19.747619345763056 ], [ 78.8863767429105, 19.745007033631378 ], [ 78.902128901506927, 19.738149714285715 ], [ 78.903560915924785, 19.737496636252796 ], [ 78.931485197073002, 19.745007033631378 ], [ 78.949385377296224, 19.749905118878278 ], [ 78.950459388109607, 19.750231657894737 ], [ 78.937213254744435, 19.777007857244463 ], [ 78.951533398923004, 19.798559432330826 ], [ 78.971939604377468, 19.807049446758789 ], [ 79.02349212342034, 19.800192127413126 ], [ 79.041034300039087, 19.821417163483034 ], [ 79.07182261002302, 19.818151773318434 ], [ 79.090080793850703, 19.84656066775046 ], [ 79.106190956051591, 19.847540284799837 ], [ 79.110128995700705, 19.847540284799837 ], [ 79.116573060581061, 19.85472414316196 ], [ 79.142349320102497, 19.883786115626904 ], [ 79.146645363356058, 19.888357661857349 ], [ 79.148435381378391, 19.896521137268849 ], [ 79.090796801059625, 19.916766556289375 ], [ 79.088290775828384, 19.949420457935382 ], [ 79.109054984887308, 19.970318954988826 ], [ 79.091154804664086, 19.982727437614308 ], [ 79.111919013723025, 19.991217452042271 ], [ 79.108338977678386, 20.009503636964034 ], [ 79.082920721761411, 20.023218275655356 ], [ 79.072896620836417, 20.064362191729323 ], [ 79.043898328874803, 20.068607198943305 ], [ 79.048194372128378, 20.086566844848608 ], [ 79.019196080166765, 20.111383810099575 ], [ 78.998789874712301, 20.127710760922579 ], [ 78.969433579146227, 20.127057682889657 ], [ 78.96871757193729, 20.144037711745582 ], [ 78.98124769809354, 20.149262336008942 ], [ 78.95403942415426, 20.172120067161146 ], [ 78.962631510661396, 20.208039358971753 ], [ 78.92217710335693, 20.238734026519001 ], [ 78.921103092543532, 20.254081360292624 ], [ 78.8151340256221, 20.251142509144483 ], [ 78.814776022017639, 20.252122126193864 ], [ 78.819788072480137, 20.276612552428368 ], [ 78.799739870630134, 20.299796822597035 ], [ 78.799381867025673, 20.299796822597035 ], [ 78.799023863421198, 20.300449900629953 ], [ 78.823726112129236, 20.317429929485879 ], [ 78.831244187822989, 20.322654553749238 ], [ 78.830528180614067, 20.327226099979679 ], [ 78.819430068875675, 20.350083831131883 ], [ 78.824442119338173, 20.358900384576309 ], [ 78.81692404364442, 20.396778910485676 ], [ 78.846280339210495, 20.412779322292216 ], [ 78.834108216658706, 20.426167421967079 ], [ 78.834824223867642, 20.4268205 ], [ 78.834108216658706, 20.427147039016461 ], [ 78.836614241889961, 20.428779734098761 ], [ 78.843416310374778, 20.432371663279824 ], [ 78.845564332001572, 20.434004358362124 ], [ 78.857020447344425, 20.421269336720179 ], [ 78.899980879880147, 20.436943209510261 ], [ 78.900338883484608, 20.437269748526724 ], [ 78.953681420549799, 20.428126656065842 ], [ 78.967285557519432, 20.460127479678928 ], [ 78.987333759369434, 20.46567864295875 ], [ 79.001653903548018, 20.450657848201587 ], [ 79.02349212342034, 20.482658671814672 ], [ 79.045330343292662, 20.477760586567772 ], [ 79.052132411777478, 20.466005181975209 ], [ 79.102252916402492, 20.46241325279415 ], [ 79.118721082207841, 20.450657848201587 ], [ 79.132325219177488, 20.457188628530787 ], [ 79.140201298475702, 20.482005593781754 ], [ 79.158101478698924, 20.478087125584231 ], [ 79.169915597646238, 20.514006417394839 ], [ 79.182087720198027, 20.51335333936192 ], [ 79.191753817518574, 20.537190687563506 ], [ 79.217172073435535, 20.552538021337128 ], [ 79.220752109480173, 20.583232688884372 ], [ 79.29306883758197, 20.592702320361717 ], [ 79.320993118730186, 20.584865383966672 ], [ 79.347127381856083, 20.635152392501524 ], [ 79.341041320580189, 20.644295484962406 ], [ 79.353571446736439, 20.653112038406828 ], [ 79.348917399878403, 20.675969769559032 ], [ 79.379705709862336, 20.682827088904695 ], [ 79.398679900898941, 20.65898974070311 ], [ 79.436270279367704, 20.660948974801869 ], [ 79.469564614582879, 20.679888237756554 ], [ 79.48925481282842, 20.709276749237961 ], [ 79.505006971424848, 20.702092890875839 ], [ 79.517895101185573, 20.714174834484862 ], [ 79.518611108394495, 20.714174834484862 ], [ 79.565151576974856, 20.707317515139202 ], [ 79.566941594997175, 20.696868266612476 ], [ 79.589495822078433, 20.691643642349117 ], [ 79.609186020323975, 20.695888649563098 ], [ 79.61956812485343, 20.675969769559032 ], [ 79.660738539366832, 20.66682667709815 ], [ 79.663602568202549, 20.654418194472669 ], [ 79.694390878186482, 20.642009711847187 ], [ 79.694748881790943, 20.642336250863647 ], [ 79.692242856559687, 20.674010535460273 ], [ 79.709427029573988, 20.687398635135136 ], [ 79.750955447691837, 20.690337486283276 ], [ 79.752029458505234, 20.699154039727699 ], [ 79.757399512572206, 20.733767175472465 ], [ 79.757399512572206, 20.734746792521847 ], [ 79.786039800929345, 20.721032153830524 ], [ 79.80286597033917, 20.697847883661858 ], [ 79.839024334390061, 20.682827088904695 ], [ 79.888428831806138, 20.689357869233895 ], [ 79.92959924631954, 20.669438989229832 ], [ 79.933537285968654, 20.672704379394432 ] ] ] } },
{ "type": "Feature", "properties": { "dt_code": "510", "district": "Yavatmal", "st_nm": "Maharashtra", "st_code": "27", "year": "2011_c" }, "geometry": { "type": "Polygon", "coordinates": [ [ [ 78.274190579276507, 20.693276337431417 ], [ 78.278486622530082, 20.692296720382039 ], [ 78.266314499978293, 20.679561698740095 ], [ 78.269178528813995, 20.665520521032313 ], [ 78.269536532418471, 20.66519398201585 ], [ 78.248772323359532, 20.645275102011787 ], [ 78.26273446393364, 20.578334603637472 ], [ 78.278844626134543, 20.560048418715709 ], [ 78.29459678473097, 20.56135457478155 ], [ 78.409873945368489, 20.51172064427962 ], [ 78.43350218326313, 20.519557580674661 ], [ 78.450328352672955, 20.512700261328998 ], [ 78.472166572545277, 20.52804759510262 ], [ 78.509040943805104, 20.525108743954483 ], [ 78.534817203326526, 20.465352103942291 ], [ 78.562383480870281, 20.440208599674865 ], [ 78.605701917010464, 20.431065507213983 ], [ 78.611787978286358, 20.444780145905305 ], [ 78.620022061189047, 20.434657436395042 ], [ 78.647588338732788, 20.434983975411502 ], [ 78.646156324314944, 20.418657024588498 ], [ 78.689474760455113, 20.370329250152409 ], [ 78.689474760455113, 20.358573845559846 ], [ 78.708448951491732, 20.349430753098964 ], [ 78.707732944282796, 20.310572610140216 ], [ 78.730645174968515, 20.305347985876857 ], [ 78.736015229035488, 20.294898737350131 ], [ 78.738163250662268, 20.293919120300753 ], [ 78.79186379133192, 20.299143744564113 ], [ 78.799381867025673, 20.299796822597035 ], [ 78.799739870630134, 20.299796822597035 ], [ 78.819788072480137, 20.276612552428368 ], [ 78.814776022017639, 20.252122126193864 ], [ 78.8151340256221, 20.251142509144483 ], [ 78.921103092543532, 20.254081360292624 ], [ 78.92217710335693, 20.238734026519001 ], [ 78.962631510661396, 20.208039358971753 ], [ 78.95403942415426, 20.172120067161146 ], [ 78.98124769809354, 20.149262336008942 ], [ 78.96871757193729, 20.144037711745582 ], [ 78.969433579146227, 20.127057682889657 ], [ 78.998789874712301, 20.127710760922579 ], [ 79.019196080166765, 20.111383810099575 ], [ 79.048194372128378, 20.086566844848608 ], [ 79.043898328874803, 20.068607198943305 ], [ 79.072896620836417, 20.064362191729323 ], [ 79.082920721761411, 20.023218275655356 ], [ 79.108338977678386, 20.009503636964034 ], [ 79.111919013723025, 19.991217452042271 ], [ 79.091154804664086, 19.982727437614308 ], [ 79.109054984887308, 19.970318954988826 ], [ 79.088290775828384, 19.949420457935382 ], [ 79.090796801059625, 19.916766556289375 ], [ 79.148435381378391, 19.896521137268849 ], [ 79.146645363356058, 19.888357661857349 ], [ 79.142349320102497, 19.883786115626904 ], [ 79.116573060581061, 19.85472414316196 ], [ 79.110128995700705, 19.847540284799837 ], [ 79.106190956051591, 19.847540284799837 ], [ 79.090080793850703, 19.84656066775046 ], [ 79.07182261002302, 19.818151773318434 ], [ 79.041034300039087, 19.821417163483034 ], [ 79.02349212342034, 19.800192127413126 ], [ 78.971939604377468, 19.807049446758789 ], [ 78.951533398923004, 19.798559432330826 ], [ 78.937213254744435, 19.777007857244463 ], [ 78.950459388109607, 19.750231657894737 ], [ 78.949385377296224, 19.749905118878278 ], [ 78.931485197073002, 19.745007033631378 ], [ 78.903560915924785, 19.737496636252796 ], [ 78.902128901506927, 19.738149714285715 ], [ 78.8863767429105, 19.745007033631378 ], [ 78.879574674425683, 19.747619345763056 ], [ 78.879574674425683, 19.748598962812437 ], [ 78.878858667216747, 19.754476665108719 ], [ 78.877068649194428, 19.767538225767122 ], [ 78.877068649194428, 19.767538225767122 ], [ 78.840910285143536, 19.7619870624873 ], [ 78.80439391748817, 19.756109360191019 ], [ 78.782197694011387, 19.778640552326763 ], [ 78.756421434489951, 19.772762850030482 ], [ 78.738521254266729, 19.783212098557204 ], [ 78.719547063230124, 19.766558608717741 ], [ 78.69914085777566, 19.788763261837026 ], [ 78.603553895383683, 19.818478312334893 ], [ 78.515485008685459, 19.819131390367811 ], [ 78.507250925782785, 19.797579815281448 ], [ 78.49042475637296, 19.792681730034545 ], [ 78.472524576149738, 19.817172156269052 ], [ 78.43171216524081, 19.814559844137371 ], [ 78.400207848047941, 19.834152185124974 ], [ 78.386245707473833, 19.846234128733997 ], [ 78.380517649802414, 19.880520725462304 ], [ 78.328965130759542, 19.887051505791508 ], [ 78.324669087505967, 19.89750075431823 ], [ 78.333977181222039, 19.90566422972973 ], [ 78.326459105528301, 19.916440017272912 ], [ 78.306052900073823, 19.911215393009552 ], [ 78.284214680201501, 19.90566422972973 ], [ 78.274190579276507, 19.873989945133104 ], [ 78.253784373822043, 19.866153008738063 ], [ 78.253426370217568, 19.866479547754523 ], [ 78.240896244061318, 19.882806498577526 ], [ 78.257006406262221, 19.901745761532212 ], [ 78.250562341381851, 19.924603492684415 ], [ 78.205095883614888, 19.898480371367608 ], [ 78.204737880010427, 19.898480371367608 ], [ 78.164641476310422, 19.906643846779112 ], [ 78.143519263647022, 19.910888853993093 ], [ 78.128483112259516, 19.894561903170089 ], [ 78.103780863551492, 19.890316895956108 ], [ 78.102706852738095, 19.890643434972567 ], [ 78.074424567985403, 19.896521137268849 ], [ 78.053660358926479, 19.924603492684415 ], [ 78.015353973248793, 19.907623463828493 ], [ 77.953061346072005, 19.908603080877871 ], [ 77.901508827029147, 19.878234952347086 ], [ 77.872152531463072, 19.831866412009756 ], [ 77.870362513440739, 19.821417163483034 ], [ 77.853894347635389, 19.80345751757773 ], [ 77.849598304381814, 19.796600198232067 ], [ 77.863918448560383, 19.772762850030482 ], [ 77.862486434142525, 19.745660111664296 ], [ 77.876090571112172, 19.743700877565537 ], [ 77.890410715290741, 19.725741231660233 ], [ 77.9340871550354, 19.738149714285715 ], [ 77.980269620011299, 19.698965032310507 ], [ 77.985639674078257, 19.678066535257063 ], [ 77.987787695705038, 19.676760379191222 ], [ 78.011773937204154, 19.681985003454585 ], [ 78.030390124636298, 19.692434251981304 ], [ 78.047574297650584, 19.689821939849626 ], [ 78.054734369739876, 19.663372279516359 ], [ 78.088386708559511, 19.637249158199552 ], [ 78.102706852738095, 19.655861882137778 ], [ 78.124545072610417, 19.651616874923796 ], [ 78.131347141095233, 19.664351896565741 ], [ 78.178961620488991, 19.650637257874415 ], [ 78.179677627697927, 19.649657640825037 ], [ 78.196861800712213, 19.616350661146107 ], [ 78.18934372501846, 19.559206333265596 ], [ 78.188985721413999, 19.558226716216218 ], [ 78.151037339340775, 19.544512077524892 ], [ 78.119891025752381, 19.548757084738874 ], [ 78.135643184348808, 19.51936857325747 ], [ 78.135643184348808, 19.519042034241011 ], [ 78.122397050983636, 19.510552019813048 ], [ 78.112730953663089, 19.481816586364562 ], [ 78.094830773439881, 19.48279620341394 ], [ 78.069412517522906, 19.458305777179437 ], [ 78.068696510313984, 19.458632316195896 ], [ 78.068338506709523, 19.458305777179437 ], [ 78.024662066964865, 19.489326983743144 ], [ 78.018934009293446, 19.470387720788459 ], [ 78.014637966039871, 19.456020004064214 ], [ 78.01427996243541, 19.455040387014837 ], [ 77.998169800234507, 19.455040387014837 ], [ 77.992441742563074, 19.455040387014837 ], [ 77.992083738958613, 19.455040387014837 ], [ 77.971319529899688, 19.508266246697826 ], [ 77.952703342467544, 19.511205097845966 ], [ 77.938025194684499, 19.496837381121725 ], [ 77.907236884700566, 19.534062828998174 ], [ 77.888978700872883, 19.519042034241011 ], [ 77.885398664828244, 19.501408927352166 ], [ 77.859980408911284, 19.521980885389148 ], [ 77.84351224310592, 19.510552019813048 ], [ 77.843870246710381, 19.488020827677303 ], [ 77.826686073696095, 19.478877735216422 ], [ 77.846734275546098, 19.452428074883155 ], [ 77.83098211694967, 19.439366514224751 ], [ 77.819884005211279, 19.440672670290592 ], [ 77.805205857428234, 19.464183479475718 ], [ 77.79911979615234, 19.450142301767933 ], [ 77.74899929152734, 19.429896882747411 ], [ 77.698878786902327, 19.43838689717537 ], [ 77.697088768880008, 19.43838689717537 ], [ 77.694224740044291, 19.455366926031296 ], [ 77.711050909454116, 19.476918501117659 ], [ 77.738617186997871, 19.48279620341394 ], [ 77.733605136535374, 19.494551608006503 ], [ 77.749357295131801, 19.508919324730748 ], [ 77.745419255482702, 19.525246275553751 ], [ 77.727877078863941, 19.532430133915874 ], [ 77.705680855387158, 19.521980885389148 ], [ 77.695656754462149, 19.539613992277992 ], [ 77.635512148912142, 19.549736701788255 ], [ 77.633364127285361, 19.557247099166837 ], [ 77.649116285881789, 19.557247099166837 ], [ 77.638018174143397, 19.593166390977444 ], [ 77.644462239023753, 19.607207568685226 ], [ 77.627278066009467, 19.605901412619389 ], [ 77.625846051591608, 19.625167214590533 ], [ 77.6118839110175, 19.629085682788052 ], [ 77.616537957875536, 19.638228775248933 ], [ 77.606871860555003, 19.648351484759196 ], [ 77.597563766838931, 19.642800321479374 ], [ 77.578231572197851, 19.658800733285918 ], [ 77.554245330698748, 19.650637257874415 ], [ 77.537777164893384, 19.668596903779722 ], [ 77.458300364702311, 19.682311542471044 ], [ 77.445770238546061, 19.689168861816704 ], [ 77.443264213314805, 19.689495400833167 ], [ 77.443622216919266, 19.690148478866085 ], [ 77.448992270986238, 19.700924266409267 ], [ 77.438610166456769, 19.725088153627311 ], [ 77.411043888913014, 19.745986650680756 ], [ 77.392785705085331, 19.727700465758993 ], [ 77.380255578929081, 19.728680082808374 ], [ 77.380255578929081, 19.729659699857756 ], [ 77.383477611369258, 19.767211686750663 ], [ 77.40531583124158, 19.775048623145704 ], [ 77.3781075573023, 19.787130566754726 ], [ 77.387773654622833, 19.819784468400734 ], [ 77.365935434750511, 19.825988709713474 ], [ 77.355195326616581, 19.816845617252593 ], [ 77.353763312198723, 19.818151773318434 ], [ 77.351615290571942, 19.819457929384271 ], [ 77.343381207669253, 19.825662170697015 ], [ 77.343381207669253, 19.829907177910997 ], [ 77.343023204064792, 19.834152185124974 ], [ 77.343023204064792, 19.836764497256656 ], [ 77.359849373474617, 19.835458341190815 ], [ 77.351615290571942, 19.849172979882137 ], [ 77.361281387892475, 19.859948767425323 ], [ 77.345171225691587, 19.863867235622841 ], [ 77.345887232900509, 19.875949179231863 ], [ 77.322616998610329, 19.888031122840886 ], [ 77.295050721066573, 19.884439193659826 ], [ 77.294692717462112, 19.885745349725667 ], [ 77.294334713857651, 19.891623052021949 ], [ 77.293618706648715, 19.895214981203008 ], [ 77.294334713857651, 19.895214981203008 ], [ 77.313308904894257, 19.895541520219467 ], [ 77.312234894080859, 19.91219501005893 ], [ 77.302926800364787, 19.909909236943712 ], [ 77.287890648977282, 19.905990768746193 ], [ 77.284668616537104, 19.905011151696812 ], [ 77.284668616537104, 19.908603080877871 ], [ 77.284668616537104, 19.937011975309897 ], [ 77.298630757111212, 19.943542755639101 ], [ 77.304358814782645, 19.965420869741923 ], [ 77.321900991401407, 19.959216628429182 ], [ 77.335863131975515, 19.973584345153427 ], [ 77.340517178833551, 20.007544402865271 ], [ 77.35483732301212, 20.013422105161553 ], [ 77.372021496026406, 20.046402545824019 ], [ 77.352689301385325, 20.065341808778705 ], [ 77.369873474399625, 20.089832235013212 ], [ 77.364861423937114, 20.098648788457631 ], [ 77.463670418769269, 20.069260276976223 ], [ 77.478706570156774, 20.08428107173339 ], [ 77.494458728753202, 20.079382986486486 ], [ 77.524531031528213, 20.096689554358871 ], [ 77.555319341512146, 20.047382162873401 ], [ 77.580379593824645, 20.029095977951638 ], [ 77.627994073218403, 20.035300219264379 ], [ 77.658424379597861, 20.096689554358871 ], [ 77.669522491336252, 20.101914178622231 ], [ 77.675966556216622, 20.146650023877264 ], [ 77.6791885886568, 20.167875059947164 ], [ 77.678830585052339, 20.167875059947164 ], [ 77.652338318321966, 20.172120067161146 ], [ 77.644462239023753, 20.187140861918309 ], [ 77.665942455291614, 20.247224040946964 ], [ 77.610451896599642, 20.263550991769968 ], [ 77.610451896599642, 20.278571786527131 ], [ 77.593983730794292, 20.28053102062589 ], [ 77.584317633473745, 20.326573021946761 ], [ 77.56749146406392, 20.33016495112782 ], [ 77.567133460459459, 20.343553050802683 ], [ 77.567849467668395, 20.345512284901446 ], [ 77.578947579406787, 20.371961945234709 ], [ 77.573577525339815, 20.400044300650276 ], [ 77.581811608242504, 20.415718173440361 ], [ 77.595415745212136, 20.412126244259298 ], [ 77.590045691145178, 20.429106273115224 ], [ 77.603649828114825, 20.435963592460883 ], [ 77.597921770443392, 20.446739380004065 ], [ 77.615105943457678, 20.466331720991668 ], [ 77.643030224605894, 20.450657848201587 ], [ 77.653770332739825, 20.497679466571835 ], [ 77.66665846250055, 20.51694526854298 ], [ 77.687422671559474, 20.523476048872183 ], [ 77.690286700395191, 20.534904914448283 ], [ 77.673460530985366, 20.538823382645806 ], [ 77.642314217396972, 20.531966063300143 ], [ 77.650190296695186, 20.564293425929691 ], [ 77.650906303904108, 20.564946503962609 ], [ 77.665942455291614, 20.579967298719772 ], [ 77.697088768880008, 20.572130362324732 ], [ 77.741481215833588, 20.56135457478155 ], [ 77.751505316758596, 20.544701084942087 ], [ 77.778713590697876, 20.540129538711646 ], [ 77.805563861032709, 20.564293425929691 ], [ 77.810575911495206, 20.584212305933754 ], [ 77.840290210665742, 20.564946503962609 ], [ 77.846376271941637, 20.587804235114817 ], [ 77.867140481000561, 20.595314632493398 ], [ 77.866066470187178, 20.610335427250561 ], [ 77.878596596343428, 20.60935581020118 ], [ 77.894706758544316, 20.625029682991261 ], [ 77.917618989230036, 20.60739657610242 ], [ 77.912606938767539, 20.566905738061372 ], [ 77.925137064923788, 20.558742262649869 ], [ 77.932655140617541, 20.575395752489332 ], [ 77.973109547922007, 20.587477696098354 ], [ 77.99530577139879, 20.624376604958343 ], [ 78.02036602371129, 20.626009300040643 ], [ 78.018576005688971, 20.640377016764887 ], [ 78.036834189516654, 20.665520521032313 ], [ 78.089460719372909, 20.671398223328595 ], [ 78.099126816693456, 20.665847060048772 ], [ 78.093398759022023, 20.641030094797806 ], [ 78.110582932036309, 20.639397399715506 ], [ 78.129199119468453, 20.646907797094087 ], [ 78.128125108655055, 20.662581669884169 ], [ 78.156765397012208, 20.65866320168665 ], [ 78.182183652929169, 20.677275925624876 ], [ 78.205453887219349, 20.674010535460273 ], [ 78.217268006166677, 20.690337486283276 ], [ 78.218700020584535, 20.692623259398498 ], [ 78.254858384635426, 20.683153627921154 ], [ 78.255574391844362, 20.683153627921154 ], [ 78.261302449515782, 20.697194805628939 ], [ 78.274190579276507, 20.693276337431417 ] ] ] } },
{ "type": "Feature", "properties": { "dt_code": "514", "district": "Jalna", "st_nm": "Maharashtra", "st_code": "27", "year": "2011_c" }, "geometry": { "type": "Polygon", "coordinates": [ [ [ 75.976523445824469, 20.531312985267224 ], [ 75.972943409779816, 20.531639524283683 ], [ 75.970437384548575, 20.529353751168465 ], [ 75.960771287228042, 20.52021065870758 ], [ 75.942513103400358, 20.503883707884576 ], [ 75.940723085378039, 20.501924473785817 ], [ 75.9410810889825, 20.500291778703517 ], [ 75.955401233161069, 20.465352103942291 ], [ 75.939649074564642, 20.428126656065842 ], [ 75.966857348503936, 20.369349633103027 ], [ 75.941439092586961, 20.369349633103027 ], [ 75.9410810889825, 20.341267277687464 ], [ 75.924254919572675, 20.314817617354198 ], [ 75.922822905154817, 20.312531844238976 ], [ 75.929624973639633, 20.301102978662875 ], [ 75.948599164676253, 20.298817205547653 ], [ 75.967931359317319, 20.315144156370657 ], [ 76.031297997307504, 20.305347985876857 ], [ 76.046692152299471, 20.337348809489942 ], [ 76.085356541581618, 20.36641078195489 ], [ 76.092516613670909, 20.347798058016664 ], [ 76.108268772267337, 20.353675760312946 ], [ 76.126168952490559, 20.344206128835602 ], [ 76.126884959699481, 20.315797234403576 ], [ 76.147291165153945, 20.310246071123757 ], [ 76.140847100273589, 20.300449900629953 ], [ 76.193473630129844, 20.299796822597035 ], [ 76.166265356190564, 20.238407487502542 ], [ 76.133329024579837, 20.222733614712457 ], [ 76.1497971903852, 20.205100507823616 ], [ 76.131897010161978, 20.198569727494412 ], [ 76.119366884005728, 20.161344279617964 ], [ 76.108626775871798, 20.162976974700264 ], [ 76.094306631693229, 20.09570993730949 ], [ 76.056000246015543, 20.097995710424712 ], [ 76.051346199157507, 20.084607610749849 ], [ 76.06745636135841, 20.074811440256045 ], [ 76.068172368567332, 20.072852206157286 ], [ 76.018767871151255, 20.058484489433042 ], [ 76.023421918009291, 20.024850970737656 ], [ 75.966499344899461, 19.99970746647023 ], [ 75.963277312459283, 19.99840131040439 ], [ 75.968647366526255, 19.99317668614103 ], [ 75.982251503495903, 19.980441664499086 ], [ 75.989769579189641, 19.973584345153427 ], [ 76.012323806270899, 19.973910884169886 ], [ 76.010891791853041, 19.954645082198741 ], [ 76.016261845920013, 19.953338926132901 ], [ 76.047408159508407, 19.946808145803701 ], [ 76.05886427485126, 19.919052329404593 ], [ 76.078912476701262, 19.912848088091852 ], [ 76.078554473096801, 19.880847264478767 ], [ 76.097528664133407, 19.857009916277178 ], [ 76.129032981326276, 19.864846852672223 ], [ 76.135119042602156, 19.846887206766919 ], [ 76.137983071437873, 19.846234128733997 ], [ 76.14764916875842, 19.843948355618778 ], [ 76.148365175967342, 19.855703760211341 ], [ 76.183807532809311, 19.85145875299736 ], [ 76.197411669778958, 19.864846852672223 ], [ 76.229273990576274, 19.864846852672223 ], [ 76.254334242888788, 19.876928796281245 ], [ 76.296220664611113, 19.868765320869741 ], [ 76.323786942154868, 19.882153420544604 ], [ 76.354575252138787, 19.896521137268849 ], [ 76.366747374690576, 19.928521960881938 ], [ 76.391807627003089, 19.904358073663889 ], [ 76.4086337964129, 19.920358485470434 ], [ 76.493480650670946, 19.920358485470434 ], [ 76.491332629044166, 19.893908825137167 ], [ 76.533935057975427, 19.865499930705141 ], [ 76.536799086811129, 19.848519901849219 ], [ 76.519972917401304, 19.850805674964441 ], [ 76.512454841707566, 19.831539872993297 ], [ 76.512096838103091, 19.824682553647634 ], [ 76.510664823685232, 19.799865588396671 ], [ 76.484888564163811, 19.797579815281448 ], [ 76.483814553350413, 19.783865176590126 ], [ 76.510306820080771, 19.771456693964641 ], [ 76.50994881647631, 19.767538225767122 ], [ 76.50994881647631, 19.766558608717741 ], [ 76.509590812871849, 19.761333984454382 ], [ 76.48882660381291, 19.76394629658606 ], [ 76.483814553350413, 19.743700877565537 ], [ 76.459470308246836, 19.745333572647837 ], [ 76.459828311851311, 19.724761614610852 ], [ 76.483814553350413, 19.721496224446252 ], [ 76.487752592999527, 19.676760379191222 ], [ 76.470210416380766, 19.679372691322904 ], [ 76.46555636952273, 19.665331513615119 ], [ 76.449804210926303, 19.6614130454176 ], [ 76.4508782217397, 19.61341180999797 ], [ 76.432262034307556, 19.601982944421867 ], [ 76.436200073956655, 19.586635610648244 ], [ 76.448014192903983, 19.584023298516563 ], [ 76.44228613523255, 19.541246687360292 ], [ 76.375339461197726, 19.537328219162774 ], [ 76.364241349459334, 19.470387720788459 ], [ 76.343835144004871, 19.472346954887218 ], [ 76.337391079124501, 19.453407691932536 ], [ 76.313404837625399, 19.466469252590937 ], [ 76.30123271507361, 19.43185611684617 ], [ 76.28870258891736, 19.43348881192847 ], [ 76.282974531245927, 19.366221774537696 ], [ 76.261852318582527, 19.367201391587077 ], [ 76.257556275328966, 19.356425604043896 ], [ 76.27617246276111, 19.346302894533633 ], [ 76.26364233660486, 19.333241333875229 ], [ 76.24037210231468, 19.338139419122129 ], [ 76.230348001389672, 19.312669375838244 ], [ 76.21065780314413, 19.318547078134525 ], [ 76.207793774308414, 19.297648581081081 ], [ 76.21924988965128, 19.292097417801262 ], [ 76.208151777912889, 19.274464310912418 ], [ 76.203855734659314, 19.277076623044099 ], [ 76.200275698614675, 19.28328086435684 ], [ 76.192757622920922, 19.282954325340377 ], [ 76.164833341772706, 19.28164816927454 ], [ 76.16411733456377, 19.28328086435684 ], [ 76.159105284101273, 19.297322042064621 ], [ 76.139773089460192, 19.28981164468604 ], [ 76.128674977721801, 19.303526283377362 ], [ 76.127242963303942, 19.302873205344444 ], [ 76.113638826334309, 19.295689346982321 ], [ 76.103614725409301, 19.307771290591344 ], [ 76.102540714595904, 19.306465134525503 ], [ 76.080702494723582, 19.279035857142858 ], [ 76.040606091023577, 19.282954325340377 ], [ 76.024853932427149, 19.297648581081081 ], [ 76.019841881964652, 19.339772114204429 ], [ 75.978313463846789, 19.305485517476125 ], [ 75.94322911060928, 19.29144433976834 ], [ 75.942155099795897, 19.291770878784799 ], [ 75.907070746558389, 19.313648992887625 ], [ 75.906712742953928, 19.315281687969925 ], [ 75.905996735744992, 19.34075173125381 ], [ 75.923896915968214, 19.380916030278399 ], [ 75.912440800625347, 19.392344895854503 ], [ 75.911724793416425, 19.392018356838044 ], [ 75.887022544708387, 19.37732410109734 ], [ 75.873776411343201, 19.383528342410081 ], [ 75.842272094150346, 19.370466781751677 ], [ 75.790719575107488, 19.400181832249544 ], [ 75.75778324349676, 19.389406044706362 ], [ 75.762437290354796, 19.379283335196099 ], [ 75.750623171407483, 19.357078682076814 ], [ 75.712674789334258, 19.355119447978055 ], [ 75.683318493768184, 19.356099065027436 ], [ 75.671504374820856, 19.368181008636455 ], [ 75.649308151344073, 19.367201391587077 ], [ 75.641432072045859, 19.382875264377159 ], [ 75.623531891822637, 19.373079093883359 ], [ 75.606705722412812, 19.385161037492381 ], [ 75.612075776479784, 19.424345719467588 ], [ 75.603125686368173, 19.428264187665111 ], [ 75.604557700786032, 19.452101535866696 ], [ 75.613149787293182, 19.467448869640318 ], [ 75.63104996751639, 19.464510018492177 ], [ 75.655394212619967, 19.569982120808781 ], [ 75.648950147739612, 19.595125625076204 ], [ 75.598113635905676, 19.600350249339566 ], [ 75.58486750254049, 19.637575697216015 ], [ 75.60384169357711, 19.642473782462915 ], [ 75.605273707994968, 19.657494577220078 ], [ 75.62532190984497, 19.655861882137778 ], [ 75.63104996751639, 19.668923442796181 ], [ 75.623531891822637, 19.770803615931722 ], [ 75.645728115299434, 19.782559020524285 ], [ 75.633555992747645, 19.810967914956311 ], [ 75.655752216224428, 19.812927149055071 ], [ 75.658974248664606, 19.823702936598252 ], [ 75.645370111694973, 19.843621816602319 ], [ 75.654678205411045, 19.90729692481203 ], [ 75.681170472141403, 19.922317719569193 ], [ 75.668640345985153, 19.944522372688478 ], [ 75.642506082859256, 19.957910472363341 ], [ 75.644296100881576, 20.006564785815893 ], [ 75.592027574629782, 20.007217863848812 ], [ 75.588089534980668, 20.024850970737656 ], [ 75.603483689972634, 20.050647553038001 ], [ 75.589521549398526, 20.060117184515342 ], [ 75.585583509749426, 20.097669171408253 ], [ 75.623889895427112, 20.100608022556393 ], [ 75.644654104486037, 20.185834705852471 ], [ 75.673294392843189, 20.182895854704331 ], [ 75.678306443305686, 20.191712408148753 ], [ 75.673294392843189, 20.234815558321479 ], [ 75.694058601902114, 20.279877942592968 ], [ 75.681170472141403, 20.306654141942694 ], [ 75.707662738871761, 20.312858383255438 ], [ 75.715896821774436, 20.330818029160739 ], [ 75.742389088504794, 20.33506303637472 ], [ 75.742389088504794, 20.326573021946761 ], [ 75.754561211056583, 20.325593404897379 ], [ 75.77031336965301, 20.336042653424101 ], [ 75.757067236287838, 20.36804347703719 ], [ 75.745611120944972, 20.370329250152409 ], [ 75.748475149780688, 20.401023917699654 ], [ 75.730932973161941, 20.408860854094698 ], [ 75.754919214661044, 20.423228570818942 ], [ 75.764227308377116, 20.451637465250968 ], [ 75.793941607547666, 20.450331309185124 ], [ 75.796805636383368, 20.461433635744768 ], [ 75.821507885091421, 20.472535962304413 ], [ 75.838692058105707, 20.45751516754725 ], [ 75.856592238328915, 20.458821323613087 ], [ 75.861962292395887, 20.439882060658405 ], [ 75.890960584357487, 20.445433223938224 ], [ 75.86948036808964, 20.455229394432028 ], [ 75.847642148217304, 20.486577140012194 ], [ 75.860172274373554, 20.523802587888643 ], [ 75.883442508663748, 20.52804759510262 ], [ 75.859814270769093, 20.560701496748628 ], [ 75.874850422156598, 20.552864560353587 ], [ 75.881652490641414, 20.560374957732169 ], [ 75.917094847483384, 20.555150333468809 ], [ 75.950389182698572, 20.531966063300143 ], [ 75.971511395361972, 20.538496843629346 ], [ 75.976523445824469, 20.531312985267224 ] ] ] } },
{ "type": "Feature", "properties": { "dt_code": "522", "district": "Ahmednagar", "st_nm": "Maharashtra", "st_code": "27", "year": "2011_c" }, "geometry": { "type": "Polygon", "coordinates": [ [ [ 74.670526296738615, 19.946808145803701 ], [ 74.670884300343076, 19.946808145803701 ], [ 74.676612358014509, 19.924603492684415 ], [ 74.649762087679676, 19.920031946453975 ], [ 74.64510804082164, 19.8609283844747 ], [ 74.660144192209145, 19.8576629943101 ], [ 74.657280163373429, 19.835131802174356 ], [ 74.603579622703776, 19.845581050701078 ], [ 74.591765503756463, 19.780926325441985 ], [ 74.595345539801102, 19.775375162162163 ], [ 74.608591673166288, 19.770477076915263 ], [ 74.61145570200199, 19.7701505378988 ], [ 74.636157950710029, 19.793008269051008 ], [ 74.636873957918965, 19.792681730034545 ], [ 74.652268112910932, 19.777334396260922 ], [ 74.689858491379681, 19.767538225767122 ], [ 74.694512538237717, 19.755782821174559 ], [ 74.705610649976109, 19.762640140520219 ], [ 74.70203061393147, 19.777334396260922 ], [ 74.717782772527897, 19.779946708392604 ], [ 74.722436819385933, 19.755129743141637 ], [ 74.731744913102006, 19.7701505378988 ], [ 74.750719104138625, 19.748925501828897 ], [ 74.766113259130577, 19.753170509042878 ], [ 74.768261280757372, 19.736517019203415 ], [ 74.784729446562736, 19.734557785104656 ], [ 74.785445453771658, 19.716271600182893 ], [ 74.814443745733271, 19.704189656573867 ], [ 74.808715688061838, 19.688189244767326 ], [ 74.849170095366304, 19.646718789676896 ], [ 74.883896444999351, 19.655861882137778 ], [ 74.88747648104399, 19.639534931314774 ], [ 74.915758765796667, 19.648351484759196 ], [ 74.93186892799757, 19.637249158199552 ], [ 74.961583227168106, 19.647371867709815 ], [ 74.999173605636855, 19.624187597541152 ], [ 75.03927000933686, 19.625493753606992 ], [ 75.039628012941336, 19.613085270981507 ], [ 75.060034218395799, 19.604921795570007 ], [ 75.087600495939554, 19.612105653932129 ], [ 75.152757151952059, 19.589247922779926 ], [ 75.187841505189553, 19.596105242125585 ], [ 75.18891551600295, 19.596105242125585 ], [ 75.205741685412775, 19.579125213269663 ], [ 75.203593663785995, 19.5624717234302 ], [ 75.25622019364225, 19.522960502438529 ], [ 75.274120373865458, 19.554634787035155 ], [ 75.280564438745813, 19.545165155557815 ], [ 75.273762370260997, 19.514797027027029 ], [ 75.30276066222261, 19.510878558829507 ], [ 75.311710752334221, 19.494878147022963 ], [ 75.328894925348507, 19.505653934566148 ], [ 75.327462910930649, 19.482469664397481 ], [ 75.334980986624402, 19.480510430298722 ], [ 75.33856102266904, 19.498470076204026 ], [ 75.356103199287787, 19.501082388335703 ], [ 75.358251220914582, 19.480183891282259 ], [ 75.344647083944935, 19.483449281446862 ], [ 75.33856102266904, 19.465489635541559 ], [ 75.323166867677074, 19.463856940459259 ], [ 75.327104907326188, 19.439039975208292 ], [ 75.346437101967254, 19.449489223735014 ], [ 75.355387192078865, 19.433162272912011 ], [ 75.339635033482438, 19.406386073562285 ], [ 75.366485303817257, 19.398222598150785 ], [ 75.441308057150295, 19.428264187665111 ], [ 75.44381408238155, 19.412916853891488 ], [ 75.467442320276191, 19.413896470940866 ], [ 75.47567640317888, 19.427284570615729 ], [ 75.487848525730669, 19.417814939138388 ], [ 75.485342500499414, 19.38385488142654 ], [ 75.493218579797627, 19.382548725360699 ], [ 75.516846817692269, 19.384834498475922 ], [ 75.531524965475313, 19.376017945031499 ], [ 75.516846817692269, 19.330629021743547 ], [ 75.539401044773527, 19.323118624364966 ], [ 75.542623077213705, 19.322139007315588 ], [ 75.539401044773527, 19.315608226986384 ], [ 75.522932878968163, 19.283607403373299 ], [ 75.520068850132446, 19.278709318126399 ], [ 75.518994839319063, 19.278056240093477 ], [ 75.458492230164595, 19.250300423694373 ], [ 75.44560410040387, 19.220911912212966 ], [ 75.44560410040387, 19.220585373196506 ], [ 75.421617858904767, 19.219932295163584 ], [ 75.403717678681545, 19.19740110302784 ], [ 75.42269186971815, 19.173237215809795 ], [ 75.448468129239586, 19.166053357447673 ], [ 75.453838183306559, 19.144175243344851 ], [ 75.42269186971815, 19.13797100203211 ], [ 75.430209945411903, 19.118705200060965 ], [ 75.482478471663697, 19.126868675472465 ], [ 75.485700504103875, 19.105970178419021 ], [ 75.449542140052984, 19.083112447266817 ], [ 75.444530089590486, 19.092582078744158 ], [ 75.412309765188695, 19.080173596118676 ], [ 75.368275321839576, 19.081479752184517 ], [ 75.392977570547615, 19.126542136456006 ], [ 75.409087732748517, 19.128827909571225 ], [ 75.407655718330659, 19.140583314163788 ], [ 75.350733145220829, 19.126542136456006 ], [ 75.352523163243148, 19.148420250558829 ], [ 75.351807156034226, 19.148746789575291 ], [ 75.330326939766366, 19.15266525777281 ], [ 75.331758954184224, 19.131113682686447 ], [ 75.360399242541362, 19.108255951534243 ], [ 75.365053289399398, 19.078540901036376 ], [ 75.336054997437785, 19.081153213168058 ], [ 75.308488719894029, 19.09845978104044 ], [ 75.284144474790466, 19.082459369233895 ], [ 75.293094564902077, 19.074948971855314 ], [ 75.284502478394927, 19.034131594797806 ], [ 75.339993037086899, 19.028580431517984 ], [ 75.341783055109218, 18.990375366592158 ], [ 75.295242586528857, 18.981232274131276 ], [ 75.269108323402961, 18.998212302987199 ], [ 75.256578197246711, 19.025315041353384 ], [ 75.27089834142528, 19.054050474801869 ], [ 75.261590247709208, 19.070050886608414 ], [ 75.22471587644938, 19.067112035460273 ], [ 75.226863898076175, 19.091275922678317 ], [ 75.216481793546706, 19.112500958748221 ], [ 75.187483501585092, 19.09323515677708 ], [ 75.196791595301164, 19.067438574476732 ], [ 75.185693483562773, 19.05209124070311 ], [ 75.208963717852953, 19.034784672830725 ], [ 75.21003772866635, 19.022376190205243 ], [ 75.181397440309198, 19.01225348069498 ], [ 75.168867314152948, 19.019437339057102 ], [ 75.166003285317231, 19.037070445945947 ], [ 75.134856971728837, 19.035764289880106 ], [ 75.07077432652973, 19.05535663086771 ], [ 75.074712366178829, 19.069071269559032 ], [ 75.090464524775257, 19.068091652509654 ], [ 75.078650405827943, 19.081153213168058 ], [ 75.097266593260088, 19.081479752184517 ], [ 75.097624596864549, 19.10139863218858 ], [ 75.110154723020798, 19.113480575797603 ], [ 75.105500676162762, 19.126542136456006 ], [ 75.070416322925254, 19.120011356126803 ], [ 75.078650405827943, 19.118705200060965 ], [ 75.068626304902935, 19.110868263665921 ], [ 75.077576395014546, 19.105643639402562 ], [ 75.058602203977941, 19.09845978104044 ], [ 75.052874146306507, 19.107602873501321 ], [ 75.03712198771008, 19.10172517120504 ], [ 75.043924056194896, 19.110215185633002 ], [ 75.024949865158291, 19.10303132727088 ], [ 75.025307868762752, 19.114786731863443 ], [ 75.011703731793105, 19.104010944320262 ], [ 74.979125403786853, 19.116745965962203 ], [ 74.974471356928817, 19.110868263665921 ], [ 74.9426090361315, 19.133072916785206 ], [ 74.920412812654703, 19.093888234809999 ], [ 74.914684754983284, 19.037723523978869 ], [ 74.950485115429714, 19.032825438731965 ], [ 74.948695097407395, 19.004416544299939 ], [ 74.960509216354708, 19.001151154135339 ], [ 74.953707147869892, 18.973068798719773 ], [ 74.92327684149042, 18.972089181670391 ], [ 74.916474773005604, 18.95804800396261 ], [ 74.903228639640417, 18.96425224527535 ], [ 74.899648603595779, 18.978946501016054 ], [ 74.873156336865421, 18.984824203312336 ], [ 74.836997972814515, 18.970129947571632 ], [ 74.825183853867202, 18.990701905608617 ], [ 74.808357684457377, 18.976660727900835 ], [ 74.812653727710952, 18.961966472160132 ], [ 74.835207954792196, 18.95282337969925 ], [ 74.824825850262727, 18.932904499695184 ], [ 74.848096084552921, 18.90841407346068 ], [ 74.86420624675381, 18.897638285917498 ], [ 74.883180437790415, 18.914618314773421 ], [ 74.884612452208273, 18.885882881324935 ], [ 74.897858585573459, 18.875760171814672 ], [ 74.893920545924345, 18.846045121316806 ], [ 74.918980798236845, 18.854535135744769 ], [ 74.922202830677037, 18.827758936395043 ], [ 74.943683046944884, 18.830044709510261 ], [ 74.957287183914531, 18.81894238295062 ], [ 74.973397346115433, 18.828412014427961 ], [ 74.971249324488639, 18.81241160262142 ], [ 74.985927472271683, 18.797064268847798 ], [ 75.009197706561864, 18.803268510160539 ], [ 75.005617670517211, 18.782696552123554 ], [ 75.039628012941336, 18.763430750152409 ], [ 75.076860387805624, 18.714449897683398 ], [ 75.103352654535982, 18.702041415057916 ], [ 75.156337187996698, 18.641631697012805 ], [ 75.174953375428842, 18.708572195387116 ], [ 75.171731342988664, 18.736654550802683 ], [ 75.207889707039556, 18.738613784901442 ], [ 75.254072172015455, 18.72000106096322 ], [ 75.276268395492252, 18.72979723145702 ], [ 75.328894925348507, 18.805880822292217 ], [ 75.339993037086899, 18.785961942288154 ], [ 75.361115249750299, 18.789880410485676 ], [ 75.373287372302073, 18.767022679333468 ], [ 75.381163451600301, 18.76963499146515 ], [ 75.398347624614587, 18.832330482625483 ], [ 75.441308057150295, 18.792166183600894 ], [ 75.450616150866367, 18.751348806543387 ], [ 75.467800323880667, 18.751675345559846 ], [ 75.507538723976197, 18.723592990144279 ], [ 75.52579690780388, 18.733389160638083 ], [ 75.52579690780388, 18.752654962609228 ], [ 75.556227214183352, 18.736328011786224 ], [ 75.554079192556557, 18.708245656370657 ], [ 75.583077484518171, 18.698122946860394 ], [ 75.583077484518171, 18.697469868827476 ], [ 75.584151495331568, 18.697143329811016 ], [ 75.582361477309249, 18.687673698333672 ], [ 75.582003473704788, 18.684408308169072 ], [ 75.543339084422627, 18.680816378988013 ], [ 75.545845109653882, 18.643590931111564 ], [ 75.540475055586924, 18.642611314062183 ], [ 75.520068850132446, 18.638366306848202 ], [ 75.499304641073522, 18.620733199959361 ], [ 75.487848525730669, 18.626284363239179 ], [ 75.462072266209233, 18.605712405202194 ], [ 75.414815790419937, 18.530934970432838 ], [ 75.342141058713679, 18.560650020930705 ], [ 75.329610932557429, 18.52375111207072 ], [ 75.329610932557429, 18.523424573054257 ], [ 75.328178918139571, 18.523424573054257 ], [ 75.312426759543143, 18.520159182889657 ], [ 75.29595859373778, 18.52375111207072 ], [ 75.259442226082427, 18.508730317313557 ], [ 75.241184042254744, 18.539751523877261 ], [ 75.213617764710989, 18.553466162568583 ], [ 75.201087638554739, 18.531261509449301 ], [ 75.15705319520562, 18.519179565840275 ], [ 75.13378296091544, 18.526036885185938 ], [ 75.121610838363665, 18.491750288457631 ], [ 75.105858679767223, 18.490117593375331 ], [ 75.090822528379732, 18.43101403139606 ], [ 75.079724416641326, 18.423503634017479 ], [ 75.058960207582402, 18.418932087787034 ], [ 75.016715782255616, 18.436891733692342 ], [ 75.005617670517211, 18.403584754013412 ], [ 74.979483407391328, 18.399992824832353 ], [ 74.966595277630603, 18.38497203007519 ], [ 74.914684754983284, 18.378767788762449 ], [ 74.907882686498453, 18.356563135643164 ], [ 74.865996264776129, 18.351991589412723 ], [ 74.86420624675381, 18.335664638589719 ], [ 74.850960113388624, 18.329460397276979 ], [ 74.832343925956479, 18.334685021540338 ], [ 74.831627918747557, 18.335664638589719 ], [ 74.802987630390405, 18.34513427006706 ], [ 74.79690156911451, 18.352318128429182 ], [ 74.794037540278808, 18.355583518593782 ], [ 74.793321533069872, 18.356563135643164 ], [ 74.809431695270774, 18.382033178927049 ], [ 74.794037540278808, 18.401625519914653 ], [ 74.777927378077905, 18.409462456309694 ], [ 74.752509122160944, 18.396727434667753 ], [ 74.728522880661828, 18.403258214996953 ], [ 74.715992754505578, 18.427748641231457 ], [ 74.726374859035047, 18.484892969111971 ], [ 74.723510830199331, 18.488484898293031 ], [ 74.706684660789506, 18.502852615017275 ], [ 74.665514246276103, 18.491423749441172 ], [ 74.656922159768968, 18.478362188782768 ], [ 74.656206152560031, 18.475749876651086 ], [ 74.674464336387715, 18.463014855009146 ], [ 74.646540055239498, 18.449626755334283 ], [ 74.646182051635037, 18.449953294350742 ], [ 74.614677734442168, 18.467586401239586 ], [ 74.581383399226993, 18.472484486486486 ], [ 74.557397157727877, 18.49207682747409 ], [ 74.546657049593946, 18.507750700264175 ], [ 74.578161366786816, 18.549221155354605 ], [ 74.541286995526988, 18.580895439951231 ], [ 74.549879082034138, 18.611916646514938 ], [ 74.509066671125197, 18.612569724547857 ], [ 74.471834296260909, 18.641631697012805 ], [ 74.509782678334133, 18.66742827931315 ], [ 74.475056328701086, 18.687347159317213 ], [ 74.477562353932342, 18.719021443913839 ], [ 74.443910015112692, 18.72163375604552 ], [ 74.426725842098406, 18.749389572444628 ], [ 74.399159564554651, 18.742858792115424 ], [ 74.393073503278757, 18.76636960130055 ], [ 74.400591578972509, 18.776492310810813 ], [ 74.383765409562685, 18.803921588193457 ], [ 74.398085553741254, 18.827105858362124 ], [ 74.349039059929652, 18.845392043283887 ], [ 74.326126829243933, 18.837881645905306 ], [ 74.307152638207313, 18.854535135744769 ], [ 74.295696522864461, 18.90318944919732 ], [ 74.270636270551961, 18.919842939036783 ], [ 74.2491560542841, 18.955109152814469 ], [ 74.235909920918914, 18.952496840682787 ], [ 74.236267924523389, 18.968170713472873 ], [ 74.221589776740345, 18.970783025604554 ], [ 74.225527816389459, 18.985150742328795 ], [ 74.210491665001953, 18.994620373806139 ], [ 74.212997690233209, 19.00898809053038 ], [ 74.200467564076945, 19.00572270036578 ], [ 74.174333300951048, 19.031192743649665 ], [ 74.173975297346587, 19.031519282666125 ], [ 74.210133661397492, 19.127848292521847 ], [ 74.234477906501056, 19.122950207274947 ], [ 74.266340227298386, 19.162134889250154 ], [ 74.266698230902847, 19.181727230237758 ], [ 74.294980515655539, 19.18597223745174 ], [ 74.31681873552786, 19.207197273521643 ], [ 74.260612169626953, 19.226789614509247 ], [ 74.219083751509089, 19.202952266307662 ], [ 74.168605243279629, 19.223850763361106 ], [ 74.157507131541237, 19.202299188274743 ], [ 74.152495081078726, 19.226136536476325 ], [ 74.126718821557304, 19.221891529262347 ], [ 74.084116392626044, 19.239198097134729 ], [ 74.089486446693016, 19.227442692542166 ], [ 74.050464053806394, 19.243769643365169 ], [ 74.044735996134975, 19.261729289270473 ], [ 74.031131859165328, 19.250300423694373 ], [ 74.023613783471575, 19.266300835500914 ], [ 74.032563873583186, 19.279362396159318 ], [ 74.011799664524247, 19.297322042064621 ], [ 74.025761805098355, 19.297648581081081 ], [ 74.026477812307292, 19.313975531904084 ], [ 74.002133567203714, 19.34075173125381 ], [ 73.998911534763536, 19.360017533224955 ], [ 73.936618907586748, 19.338792497155051 ], [ 73.933754878751031, 19.34075173125381 ], [ 73.920866748990306, 19.350221362731155 ], [ 73.891868457028707, 19.371119859784599 ], [ 73.879338330872457, 19.365895235521236 ], [ 73.873252269596563, 19.358711377159114 ], [ 73.853562071351021, 19.355445986994514 ], [ 73.826711801016202, 19.382548725360699 ], [ 73.805589588352802, 19.394304129953262 ], [ 73.779097321622444, 19.386467193558222 ], [ 73.777307303600125, 19.387773349624062 ], [ 73.770147231510833, 19.38548757650884 ], [ 73.758691116167981, 19.398549137167244 ], [ 73.727186798975112, 19.416835322089007 ], [ 73.730408831415289, 19.430549960780329 ], [ 73.69281845294654, 19.434141889961392 ], [ 73.673844261909935, 19.460918089311118 ], [ 73.71394066560994, 19.48442889849624 ], [ 73.708570611542967, 19.494878147022963 ], [ 73.686374388066184, 19.500429310302785 ], [ 73.679930323185829, 19.518715495224548 ], [ 73.674918272723318, 19.509245863747207 ], [ 73.664178164589387, 19.511858175878888 ], [ 73.657734099709032, 19.536675141129852 ], [ 73.632673847396532, 19.532430133915874 ], [ 73.622649746471524, 19.542226304409674 ], [ 73.628377804142957, 19.569329042775859 ], [ 73.616205681591168, 19.585655993598863 ], [ 73.634463865418851, 19.595778703109126 ], [ 73.661314135753685, 19.584023298516563 ], [ 73.681720341208148, 19.588268305730544 ], [ 73.703916564684931, 19.596105242125585 ], [ 73.721458741303678, 19.619616051310711 ], [ 73.737926907109042, 19.617983356228411 ], [ 73.766925199070656, 19.633330690002033 ], [ 73.77515928197333, 19.62647337065637 ], [ 73.776591296391189, 19.640841087380615 ], [ 73.793059462196553, 19.642473782462915 ], [ 73.780171332435827, 19.650637257874415 ], [ 73.781603346853686, 19.6597803503353 ], [ 73.806305595561724, 19.676760379191222 ], [ 73.792701458592092, 19.687862705750867 ], [ 73.809885631606377, 19.683617698536885 ], [ 73.818835721717974, 19.71431236608413 ], [ 73.838167916359055, 19.722149302479174 ], [ 73.837451909150118, 19.740108948384474 ], [ 73.837451909150118, 19.740762026417396 ], [ 73.839957934381374, 19.741088565433856 ], [ 73.867166208320668, 19.743374338549074 ], [ 73.885424392148352, 19.745007033631378 ], [ 73.897596514700126, 19.745986650680756 ], [ 73.894732485864424, 19.716271600182893 ], [ 73.911200651669773, 19.702230422475107 ], [ 73.907620615625135, 19.684597315586263 ], [ 73.925878799452818, 19.672515371977241 ], [ 74.020749754635858, 19.673494989026622 ], [ 74.071228262865333, 19.660759967384678 ], [ 74.097720529595691, 19.640841087380615 ], [ 74.099868551222471, 19.649004562792115 ], [ 74.119558749468013, 19.641167626397074 ], [ 74.144260998176051, 19.673494989026622 ], [ 74.134952904459979, 19.690801556899004 ], [ 74.152853084683201, 19.687862705750867 ], [ 74.16717322886177, 19.730639316907133 ], [ 74.24700803265732, 19.744027416581996 ], [ 74.269204256134103, 19.760027828388541 ], [ 74.275290317409997, 19.777334396260922 ], [ 74.317534742736783, 19.764599374618982 ], [ 74.327558843661791, 19.795620581182689 ], [ 74.373383305033215, 19.80182482249543 ], [ 74.362643196899285, 19.871377633001423 ], [ 74.337224940982324, 19.872683789067263 ], [ 74.335792926564466, 19.887051505791508 ], [ 74.274932313805536, 19.906317307762649 ], [ 74.27242628857428, 19.933420046128838 ], [ 74.248082043470703, 19.935052741211138 ], [ 74.247724039866242, 19.963135096626701 ], [ 74.280660371476955, 19.956930855313963 ], [ 74.286030425543927, 19.986972444828289 ], [ 74.286030425543927, 19.986972444828289 ], [ 74.303572602162674, 19.966727025807764 ], [ 74.319324760759102, 19.985339749745989 ], [ 74.347607045511793, 19.984360132696608 ], [ 74.349397063534113, 19.967380103840682 ], [ 74.362643196899285, 19.965420869741923 ], [ 74.381617387935904, 19.981094742532008 ], [ 74.442836004299295, 19.973910884169886 ], [ 74.458230159291261, 19.995462459256249 ], [ 74.48078438637252, 19.99513592023979 ], [ 74.479352371954661, 19.964114713676082 ], [ 74.519448775654666, 19.968033181873604 ], [ 74.523028811699305, 19.976849735318027 ], [ 74.568853273070744, 19.954645082198741 ], [ 74.670526296738615, 19.946808145803701 ] ] ] } },
{ "type": "Feature", "properties": { "dt_code": "512", "district": "Hingoli", "st_nm": "Maharashtra", "st_code": "27", "year": "2011_c" }, "geometry": { "type": "Polygon", "coordinates": [ [ [ 76.536799086811129, 19.848519901849219 ], [ 76.537515094020065, 19.846234128733997 ], [ 76.564365364354884, 19.844601433651697 ], [ 76.615559879793281, 19.841662582503556 ], [ 76.619497919442395, 19.841336043487097 ], [ 76.639188117687937, 19.866479547754523 ], [ 76.681074539410261, 19.847213745783378 ], [ 76.696826698006689, 19.875949179231863 ], [ 76.740145134146871, 19.873336867100186 ], [ 76.746947202631688, 19.912521549075393 ], [ 76.764489379250449, 19.904684612680349 ], [ 76.772723462153124, 19.935379280227597 ], [ 76.821411952360279, 19.929175038914856 ], [ 76.837522114561168, 19.963788174659623 ], [ 76.89516069487992, 19.94876737990246 ], [ 76.900530748946892, 19.963788174659623 ], [ 76.922368968819214, 19.975217040235727 ], [ 76.988241632040655, 19.997748232371471 ], [ 76.993969689712074, 20.017340573359075 ], [ 77.012585877144218, 20.001993239585452 ], [ 77.036214115038874, 20.008197480898193 ], [ 77.060916363746912, 19.994482842206871 ], [ 77.102444781864762, 19.932766968095915 ], [ 77.102802785469237, 19.932113890062997 ], [ 77.134307102662092, 19.943216216622638 ], [ 77.138603145915667, 19.95529816023166 ], [ 77.171181473921919, 19.965420869741923 ], [ 77.177983542406736, 19.980768203515545 ], [ 77.185501618100488, 19.984360132696608 ], [ 77.200895773092455, 19.990890913025808 ], [ 77.214499910062102, 19.973257806136964 ], [ 77.206981834368349, 19.940277365474497 ], [ 77.20733983797281, 19.940277365474497 ], [ 77.236696133538885, 19.937011975309897 ], [ 77.243140198419241, 19.904684612680349 ], [ 77.235264119121027, 19.891296513005486 ], [ 77.236696133538885, 19.891623052021949 ], [ 77.261756385851399, 19.896521137268849 ], [ 77.267126439918357, 19.897827293334689 ], [ 77.267126439918357, 19.898153832351149 ], [ 77.267484443522818, 19.898153832351149 ], [ 77.271064479567471, 19.917093095305834 ], [ 77.275360522821032, 19.916113478256452 ], [ 77.284668616537104, 19.908603080877871 ], [ 77.284668616537104, 19.905011151696812 ], [ 77.287890648977282, 19.905990768746193 ], [ 77.302926800364787, 19.909909236943712 ], [ 77.312234894080859, 19.91219501005893 ], [ 77.313308904894257, 19.895541520219467 ], [ 77.294334713857651, 19.895214981203008 ], [ 77.293618706648715, 19.895214981203008 ], [ 77.294334713857651, 19.891623052021949 ], [ 77.294692717462112, 19.885745349725667 ], [ 77.295050721066573, 19.884439193659826 ], [ 77.322616998610329, 19.888031122840886 ], [ 77.345887232900509, 19.875949179231863 ], [ 77.345171225691587, 19.863867235622841 ], [ 77.361281387892475, 19.859948767425323 ], [ 77.351615290571942, 19.849172979882137 ], [ 77.359849373474617, 19.835458341190815 ], [ 77.343023204064792, 19.836764497256656 ], [ 77.343023204064792, 19.834152185124974 ], [ 77.343381207669253, 19.829907177910997 ], [ 77.343381207669253, 19.825662170697015 ], [ 77.351615290571942, 19.819457929384271 ], [ 77.353763312198723, 19.818151773318434 ], [ 77.355195326616581, 19.816845617252593 ], [ 77.365935434750511, 19.825988709713474 ], [ 77.387773654622833, 19.819784468400734 ], [ 77.3781075573023, 19.787130566754726 ], [ 77.40531583124158, 19.775048623145704 ], [ 77.383477611369258, 19.767211686750663 ], [ 77.380255578929081, 19.729659699857756 ], [ 77.380255578929081, 19.728680082808374 ], [ 77.392785705085331, 19.727700465758993 ], [ 77.411043888913014, 19.745986650680756 ], [ 77.438610166456769, 19.725088153627311 ], [ 77.448992270986238, 19.700924266409267 ], [ 77.443622216919266, 19.690148478866085 ], [ 77.443264213314805, 19.689495400833167 ], [ 77.445770238546061, 19.689168861816704 ], [ 77.458300364702311, 19.682311542471044 ], [ 77.449350274590699, 19.674474606076004 ], [ 77.466176444000524, 19.664025357549278 ], [ 77.462596407955886, 19.609166802783989 ], [ 77.479064573761235, 19.600023710323107 ], [ 77.450782289008558, 19.569329042775859 ], [ 77.452572307030877, 19.561818645397278 ], [ 77.465818440396063, 19.563777879496037 ], [ 77.470114483649624, 19.492592373907744 ], [ 77.470114483649624, 19.491286217841903 ], [ 77.470472487254099, 19.491286217841903 ], [ 77.47083049085856, 19.490959678825444 ], [ 77.486224645850527, 19.493245451940663 ], [ 77.487656660268385, 19.48769428866084 ], [ 77.486940653059449, 19.458632316195896 ], [ 77.473336516089802, 19.457326160130055 ], [ 77.469398476440702, 19.43838689717537 ], [ 77.447918260172841, 19.440346131274133 ], [ 77.435388134016591, 19.408671846677507 ], [ 77.446844249359444, 19.384834498475922 ], [ 77.417129950188908, 19.377650640113799 ], [ 77.378823564511222, 19.338139419122129 ], [ 77.362355398705873, 19.33944557518797 ], [ 77.350183276154084, 19.353160213879292 ], [ 77.311876890476398, 19.355445986994514 ], [ 77.309370865245143, 19.330302482727088 ], [ 77.280730576888004, 19.326710553546029 ], [ 77.280730576888004, 19.316261305019307 ], [ 77.24099217679246, 19.322465546332047 ], [ 77.235622122725502, 19.274464310912418 ], [ 77.220227967733535, 19.275117388945336 ], [ 77.202685791114774, 19.244096182381632 ], [ 77.178699549615672, 19.228748848608006 ], [ 77.177625538802275, 19.167686052529973 ], [ 77.191587679376383, 19.163441045315995 ], [ 77.191587679376383, 19.13960369711441 ], [ 77.167959441481742, 19.122950207274947 ], [ 77.163663398228167, 19.120011356126803 ], [ 77.162589387414769, 19.119031739077425 ], [ 77.157935340556733, 19.084092064316195 ], [ 77.138603145915667, 19.070377425624873 ], [ 77.130011059408517, 19.074948971855314 ], [ 77.121418972901381, 19.079193979069295 ], [ 77.121418972901381, 19.079193979069295 ], [ 77.120702965692445, 19.078867440052836 ], [ 77.090630662917448, 19.072010120707173 ], [ 77.087766634081731, 19.083438986283277 ], [ 77.088124637686192, 19.087030915464339 ], [ 77.097790735006726, 19.094541312842921 ], [ 77.10387679628262, 19.099439398089821 ], [ 77.083828594432617, 19.109235568583621 ], [ 77.099580753029059, 19.107602873501321 ], [ 77.105308810700478, 19.119358278093884 ], [ 77.091704673730845, 19.140256775147328 ], [ 77.120702965692445, 19.150379484657591 ], [ 77.093494691753165, 19.156910264986792 ], [ 77.098506742215662, 19.173237215809795 ], [ 77.086334619663873, 19.173890293842717 ], [ 77.073446489903162, 19.19413571286324 ], [ 77.036930122247796, 19.203278805324121 ], [ 77.053756291657621, 19.236585785003051 ], [ 77.048386237590648, 19.249647345661451 ], [ 77.011869869935296, 19.252586196809592 ], [ 77.010437855517438, 19.273158154846577 ], [ 77.022967981673688, 19.28491355943914 ], [ 76.990389653667435, 19.280668552225158 ], [ 76.987525624831719, 19.307444751574884 ], [ 76.977859527511185, 19.316261305019307 ], [ 76.979649545533505, 19.318220539118066 ], [ 76.976069509488866, 19.317567461085147 ], [ 76.925232997654931, 19.309730524690103 ], [ 76.925232997654931, 19.297975120097544 ], [ 76.901246756155814, 19.297975120097544 ], [ 76.89122265523082, 19.309403985673644 ], [ 76.900530748946892, 19.33128209977647 ], [ 76.917356918356717, 19.336506724039829 ], [ 76.898740730924573, 19.344996738467792 ], [ 76.900530748946892, 19.33781288010567 ], [ 76.888716629999564, 19.355445986994514 ], [ 76.892296666044203, 19.38058949126194 ], [ 76.924516990445994, 19.437407280125992 ], [ 76.900530748946892, 19.445897294553951 ], [ 76.895876702088856, 19.428917265698029 ], [ 76.865088392104923, 19.43838689717537 ], [ 76.886568608372784, 19.463203862426337 ], [ 76.865804399313845, 19.467448869640318 ], [ 76.849336233508495, 19.509572402763666 ], [ 76.855780298388851, 19.535368985064011 ], [ 76.882272565119209, 19.533736289981711 ], [ 76.890506648021884, 19.581084447368422 ], [ 76.923800983237072, 19.597411398191426 ], [ 76.929887044512967, 19.612105653932129 ], [ 76.910554849871886, 19.62190182442593 ], [ 76.911270857080822, 19.642800321479374 ], [ 76.896592709297778, 19.643779938528755 ], [ 76.881198554305811, 19.623534519508233 ], [ 76.869384435358498, 19.624514136557611 ], [ 76.876544507447775, 19.641167626397074 ], [ 76.850410244321878, 19.650637257874415 ], [ 76.863656377687064, 19.676107301158304 ], [ 76.849336233508495, 19.706801968705548 ], [ 76.814609883875448, 19.70288350050803 ], [ 76.821411952360279, 19.670556137878481 ], [ 76.807449811786171, 19.683617698536885 ], [ 76.790623642376346, 19.6712092159114 ], [ 76.781673552264735, 19.733251629038815 ], [ 76.766279397272768, 19.71725121723227 ], [ 76.772007454944202, 19.695046564112985 ], [ 76.759477328787938, 19.686230010668563 ], [ 76.732627058453119, 19.71398582706767 ], [ 76.737997112520091, 19.730312777890674 ], [ 76.715800889043294, 19.768844381832963 ], [ 76.685728586268297, 19.757415516256859 ], [ 76.664606373604897, 19.777334396260922 ], [ 76.643484160941497, 19.774722084129245 ], [ 76.630238027576326, 19.804763673643571 ], [ 76.623077955487034, 19.783212098557204 ], [ 76.599449717592393, 19.776354779211545 ], [ 76.593721659920959, 19.783538637573663 ], [ 76.61126383653972, 19.791375573968708 ], [ 76.596943692361137, 19.80182482249543 ], [ 76.605535778868287, 19.80998829790693 ], [ 76.593721659920959, 19.829907177910997 ], [ 76.593721659920959, 19.830560255943915 ], [ 76.57080942923524, 19.826641787746393 ], [ 76.564007360750423, 19.815539461186752 ], [ 76.512096838103091, 19.824682553647634 ], [ 76.512454841707566, 19.831539872993297 ], [ 76.519972917401304, 19.850805674964441 ], [ 76.536799086811129, 19.848519901849219 ] ] ] } },
{ "type": "Feature", "properties": { "dt_code": "511", "district": "Nanded", "st_nm": "Maharashtra", "st_code": "27", "year": "2011_c" }, "geometry": { "type": "Polygon", "coordinates": [ [ [ 77.458300364702311, 19.682311542471044 ], [ 77.537777164893384, 19.668596903779722 ], [ 77.554245330698748, 19.650637257874415 ], [ 77.578231572197851, 19.658800733285918 ], [ 77.597563766838931, 19.642800321479374 ], [ 77.606871860555003, 19.648351484759196 ], [ 77.616537957875536, 19.638228775248933 ], [ 77.6118839110175, 19.629085682788052 ], [ 77.625846051591608, 19.625167214590533 ], [ 77.627278066009467, 19.605901412619389 ], [ 77.644462239023753, 19.607207568685226 ], [ 77.638018174143397, 19.593166390977444 ], [ 77.649116285881789, 19.557247099166837 ], [ 77.633364127285361, 19.557247099166837 ], [ 77.635512148912142, 19.549736701788255 ], [ 77.695656754462149, 19.539613992277992 ], [ 77.705680855387158, 19.521980885389148 ], [ 77.727877078863941, 19.532430133915874 ], [ 77.745419255482702, 19.525246275553751 ], [ 77.749357295131801, 19.508919324730748 ], [ 77.733605136535374, 19.494551608006503 ], [ 77.738617186997871, 19.48279620341394 ], [ 77.711050909454116, 19.476918501117659 ], [ 77.694224740044291, 19.455366926031296 ], [ 77.697088768880008, 19.43838689717537 ], [ 77.698878786902327, 19.43838689717537 ], [ 77.74899929152734, 19.429896882747411 ], [ 77.79911979615234, 19.450142301767933 ], [ 77.805205857428234, 19.464183479475718 ], [ 77.819884005211279, 19.440672670290592 ], [ 77.83098211694967, 19.439366514224751 ], [ 77.846734275546098, 19.452428074883155 ], [ 77.826686073696095, 19.478877735216422 ], [ 77.843870246710381, 19.488020827677303 ], [ 77.84351224310592, 19.510552019813048 ], [ 77.859980408911284, 19.521980885389148 ], [ 77.885398664828244, 19.501408927352166 ], [ 77.888978700872883, 19.519042034241011 ], [ 77.907236884700566, 19.534062828998174 ], [ 77.938025194684499, 19.496837381121725 ], [ 77.952703342467544, 19.511205097845966 ], [ 77.971319529899688, 19.508266246697826 ], [ 77.992083738958613, 19.455040387014837 ], [ 77.992441742563074, 19.455040387014837 ], [ 77.998169800234507, 19.455040387014837 ], [ 78.01427996243541, 19.455040387014837 ], [ 78.014637966039871, 19.456020004064214 ], [ 78.018934009293446, 19.470387720788459 ], [ 78.024662066964865, 19.489326983743144 ], [ 78.068338506709523, 19.458305777179437 ], [ 78.068696510313984, 19.458632316195896 ], [ 78.069412517522906, 19.458305777179437 ], [ 78.094830773439881, 19.48279620341394 ], [ 78.112730953663089, 19.481816586364562 ], [ 78.122397050983636, 19.510552019813048 ], [ 78.135643184348808, 19.519042034241011 ], [ 78.135643184348808, 19.51936857325747 ], [ 78.119891025752381, 19.548757084738874 ], [ 78.151037339340775, 19.544512077524892 ], [ 78.188985721413999, 19.558226716216218 ], [ 78.18934372501846, 19.559206333265596 ], [ 78.196861800712213, 19.616350661146107 ], [ 78.179677627697927, 19.649657640825037 ], [ 78.178961620488991, 19.650637257874415 ], [ 78.131347141095233, 19.664351896565741 ], [ 78.124545072610417, 19.651616874923796 ], [ 78.102706852738095, 19.655861882137778 ], [ 78.088386708559511, 19.637249158199552 ], [ 78.054734369739876, 19.663372279516359 ], [ 78.047574297650584, 19.689821939849626 ], [ 78.030390124636298, 19.692434251981304 ], [ 78.011773937204154, 19.681985003454585 ], [ 77.987787695705038, 19.676760379191222 ], [ 77.985639674078257, 19.678066535257063 ], [ 77.980269620011299, 19.698965032310507 ], [ 77.9340871550354, 19.738149714285715 ], [ 77.890410715290741, 19.725741231660233 ], [ 77.876090571112172, 19.743700877565537 ], [ 77.862486434142525, 19.745660111664296 ], [ 77.863918448560383, 19.772762850030482 ], [ 77.849598304381814, 19.796600198232067 ], [ 77.853894347635389, 19.80345751757773 ], [ 77.870362513440739, 19.821417163483034 ], [ 77.872152531463072, 19.831866412009756 ], [ 77.901508827029147, 19.878234952347086 ], [ 77.953061346072005, 19.908603080877871 ], [ 78.015353973248793, 19.907623463828493 ], [ 78.053660358926479, 19.924603492684415 ], [ 78.074424567985403, 19.896521137268849 ], [ 78.102706852738095, 19.890643434972567 ], [ 78.103780863551492, 19.890316895956108 ], [ 78.128483112259516, 19.894561903170089 ], [ 78.143519263647022, 19.910888853993093 ], [ 78.164641476310422, 19.906643846779112 ], [ 78.204737880010427, 19.898480371367608 ], [ 78.205095883614888, 19.898480371367608 ], [ 78.250562341381851, 19.924603492684415 ], [ 78.257006406262221, 19.901745761532212 ], [ 78.240896244061318, 19.882806498577526 ], [ 78.253426370217568, 19.866479547754523 ], [ 78.253784373822043, 19.866153008738063 ], [ 78.274190579276507, 19.873989945133104 ], [ 78.284214680201501, 19.90566422972973 ], [ 78.306052900073823, 19.911215393009552 ], [ 78.28600469822382, 19.847866823816297 ], [ 78.336483206453295, 19.837744114306037 ], [ 78.333977181222039, 19.814559844137371 ], [ 78.357605419116695, 19.805416751676489 ], [ 78.364765491205972, 19.781252864458445 ], [ 78.341495256915792, 19.735537402154034 ], [ 78.343285274938125, 19.713332749034748 ], [ 78.318583026230073, 19.705822351656167 ], [ 78.311780957745256, 19.691128095915467 ], [ 78.276338600903287, 19.692434251981304 ], [ 78.26273446393364, 19.665004974598659 ], [ 78.290300741477395, 19.646065711643978 ], [ 78.305694896469362, 19.607207568685226 ], [ 78.303904878447042, 19.569329042775859 ], [ 78.293522773917573, 19.558879794249137 ], [ 78.27526459008989, 19.5624717234302 ], [ 78.274190579276507, 19.553655169985777 ], [ 78.293164770313112, 19.542226304409674 ], [ 78.309274932514001, 19.480836969315181 ], [ 78.304620885655964, 19.456346543080677 ], [ 78.286720705432757, 19.448509606685633 ], [ 78.270610543231854, 19.456020004064214 ], [ 78.244476280105971, 19.42859072668157 ], [ 78.211539948495243, 19.42859072668157 ], [ 78.195071782689894, 19.406712612578744 ], [ 78.176097591653274, 19.412263775858566 ], [ 78.187911710600602, 19.394630668969722 ], [ 78.172159552004175, 19.349241745681773 ], [ 78.193997771876496, 19.314955148953466 ], [ 78.17645559525775, 19.278709318126399 ], [ 78.175381584444352, 19.237565402052429 ], [ 78.144593274460419, 19.229728465657388 ], [ 78.117026996916664, 19.248667728612073 ], [ 78.089460719372909, 19.239524636151188 ], [ 78.079078614843439, 19.254871969924814 ], [ 78.055808380553259, 19.237238863035969 ], [ 78.041846239979151, 19.24344310434871 ], [ 78.042562247188087, 19.270545842714895 ], [ 78.014995969644332, 19.279035857142858 ], [ 78.013563955226473, 19.29470972993294 ], [ 77.945185266773791, 19.34238442633611 ], [ 77.911532927954141, 19.316261305019307 ], [ 77.894348754939855, 19.320179773216829 ], [ 77.863560444955922, 19.304179361410284 ], [ 77.865708466582703, 19.283607403373299 ], [ 77.903656848655928, 19.277729701077018 ], [ 77.907594888305027, 19.268260069599677 ], [ 77.90258283784253, 19.256178125990655 ], [ 77.871436524254136, 19.254871969924814 ], [ 77.847808286359495, 19.189564166632799 ], [ 77.860338412515745, 19.180094535155458 ], [ 77.834204149389848, 19.134379072851047 ], [ 77.847808286359495, 19.116092887929284 ], [ 77.850314311590736, 19.088663610546639 ], [ 77.831340120554131, 19.086051298414958 ], [ 77.80985990428627, 19.10466402235318 ], [ 77.796971774525559, 19.072663198740095 ], [ 77.800193806965737, 19.051111623653728 ], [ 77.764751450123768, 19.062867028246291 ], [ 77.761887421288051, 19.033151977748425 ], [ 77.775491558257698, 19.000498076102417 ], [ 77.771553518608584, 18.979273040032513 ], [ 77.821674023233598, 18.978619961999595 ], [ 77.819167998002342, 18.945966060353587 ], [ 77.858906398097886, 18.949231450518187 ], [ 77.84351224310592, 18.908740612477139 ], [ 77.885398664828244, 18.904169066246698 ], [ 77.891484726104139, 18.881637874110954 ], [ 77.904014852260389, 18.881311335094495 ], [ 77.903298845051467, 18.866617079353791 ], [ 77.94876530281843, 18.843106270168665 ], [ 77.948407299213969, 18.829391631477343 ], [ 77.906878881096105, 18.826779319345661 ], [ 77.840290210665742, 18.80457466622638 ], [ 77.787305677205026, 18.682449074070313 ], [ 77.77191152221306, 18.688979854399513 ], [ 77.768331486168407, 18.705959883255439 ], [ 77.753295334780915, 18.700735258992076 ], [ 77.749357295131801, 18.682449074070313 ], [ 77.730025100490735, 18.666775201280227 ], [ 77.750431305945199, 18.589058915362731 ], [ 77.73825918339341, 18.556731552733186 ], [ 77.701742815738044, 18.555098857650883 ], [ 77.655918354366619, 18.530934970432838 ], [ 77.645894253441611, 18.538771906827883 ], [ 77.648042275068406, 18.554772318634424 ], [ 77.634080134494297, 18.543669992074783 ], [ 77.629426087636261, 18.553792701585046 ], [ 77.612241914621961, 18.544649609124164 ], [ 77.596131752421073, 18.548894616338142 ], [ 77.5907616983541, 18.526689963218857 ], [ 77.600427795674648, 18.52211841698842 ], [ 77.585749647891603, 18.503832232066653 ], [ 77.604723838928209, 18.496321834688072 ], [ 77.603291824510364, 18.476729493700468 ], [ 77.576441554175531, 18.486852203210731 ], [ 77.572861518130892, 18.469872174354805 ], [ 77.548517273027315, 18.468566018288968 ], [ 77.55066529465411, 18.460402542877464 ], [ 77.583601626264823, 18.456484074679945 ], [ 77.585391644287142, 18.447014443202601 ], [ 77.564269431623742, 18.437218272708801 ], [ 77.52775306396839, 18.442116357955701 ], [ 77.528111067572851, 18.429054797297297 ], [ 77.556751355930004, 18.417299392704734 ], [ 77.551739305467493, 18.388890498272708 ], [ 77.525605042341596, 18.372563547449705 ], [ 77.522383009901418, 18.346440426132901 ], [ 77.557825366743387, 18.331746170392197 ], [ 77.571787507317495, 18.308888439239993 ], [ 77.551381301863032, 18.291581871367608 ], [ 77.512716912580885, 18.309541517272912 ], [ 77.511284898163026, 18.282112239890267 ], [ 77.493026714335343, 18.267091445133104 ], [ 77.481570598992491, 18.272316069396464 ], [ 77.46223840435141, 18.263172976935582 ], [ 77.438252162852308, 18.286683786120708 ], [ 77.437536155643372, 18.310521134322293 ], [ 77.408895867286233, 18.301704580877871 ], [ 77.36557743114605, 18.30692920514123 ], [ 77.358059355452298, 18.317051914651493 ], [ 77.400303780779083, 18.347420043182282 ], [ 77.394575723107664, 18.368645079252186 ], [ 77.414265921353191, 18.392482427453771 ], [ 77.400303780779083, 18.401952058931112 ], [ 77.373095506839803, 18.400972441881731 ], [ 77.36557743114605, 18.451585989433042 ], [ 77.345171225691587, 18.433626343527738 ], [ 77.320110973379073, 18.458116769762245 ], [ 77.316888940938895, 18.442116357955701 ], [ 77.265694425500499, 18.422197477951638 ], [ 77.264978418291577, 18.44276943598862 ], [ 77.253880306553171, 18.451912528449505 ], [ 77.267126439918357, 18.454524840581183 ], [ 77.277150540843365, 18.476729493700468 ], [ 77.249942266904071, 18.48717874222719 ], [ 77.247436241672816, 18.500566841902053 ], [ 77.267842447127293, 18.521791877971957 ], [ 77.282162591305863, 18.521791877971957 ], [ 77.296840739088893, 18.547261921255842 ], [ 77.261756385851399, 18.567180801259909 ], [ 77.267484443522818, 18.611916646514938 ], [ 77.211277877621924, 18.62432512914042 ], [ 77.198747751465675, 18.647835938325546 ], [ 77.153639297303172, 18.647509399309083 ], [ 77.158651347765669, 18.68016330095509 ], [ 77.1944517082121, 18.689959471448894 ], [ 77.180847571242452, 18.700408719975616 ], [ 77.151491275676378, 18.700082180959157 ], [ 77.141467174751384, 18.713143741617557 ], [ 77.137887138706731, 18.697469868827476 ], [ 77.045880212359407, 18.683102152103231 ], [ 77.043732190732612, 18.701388337024994 ], [ 77.058052334911196, 18.724572607193661 ], [ 77.05339828805316, 18.769308452448691 ], [ 77.008647837495118, 18.765716523267628 ], [ 76.990389653667435, 18.824167007213983 ], [ 76.991105660876357, 18.824493546230443 ], [ 76.990031650062974, 18.828412014427961 ], [ 77.020103952837971, 18.843432809185124 ], [ 77.015091902375474, 18.879678640012195 ], [ 76.952799275198686, 18.873147859682991 ], [ 76.954589293221005, 18.890780966571835 ], [ 76.929529040908506, 18.900903676082098 ], [ 76.947429221131713, 18.907107917394839 ], [ 76.955663304034402, 18.933231038711646 ], [ 76.980007549137966, 18.912332541658202 ], [ 76.989315642854038, 18.934210655761024 ], [ 77.023325985278149, 18.931924882645806 ], [ 77.056620320493337, 18.988742671509858 ], [ 77.055904313284401, 18.998538842003658 ], [ 77.041226165501371, 19.003763466267021 ], [ 77.04301618352369, 19.030866204633206 ], [ 77.06628641781387, 19.029560048567365 ], [ 77.061274367351373, 19.065805879394432 ], [ 77.061632370955834, 19.066785496443813 ], [ 77.083828594432617, 19.109235568583621 ], [ 77.10387679628262, 19.099439398089821 ], [ 77.097790735006726, 19.094541312842921 ], [ 77.088124637686192, 19.087030915464339 ], [ 77.087766634081731, 19.083438986283277 ], [ 77.090630662917448, 19.072010120707173 ], [ 77.120702965692445, 19.078867440052836 ], [ 77.121418972901381, 19.079193979069295 ], [ 77.121418972901381, 19.079193979069295 ], [ 77.130011059408517, 19.074948971855314 ], [ 77.138603145915667, 19.070377425624873 ], [ 77.157935340556733, 19.084092064316195 ], [ 77.162589387414769, 19.119031739077425 ], [ 77.163663398228167, 19.120011356126803 ], [ 77.167959441481742, 19.122950207274947 ], [ 77.191587679376383, 19.13960369711441 ], [ 77.191587679376383, 19.163441045315995 ], [ 77.177625538802275, 19.167686052529973 ], [ 77.178699549615672, 19.228748848608006 ], [ 77.202685791114774, 19.244096182381632 ], [ 77.220227967733535, 19.275117388945336 ], [ 77.235622122725502, 19.274464310912418 ], [ 77.24099217679246, 19.322465546332047 ], [ 77.280730576888004, 19.316261305019307 ], [ 77.280730576888004, 19.326710553546029 ], [ 77.309370865245143, 19.330302482727088 ], [ 77.311876890476398, 19.355445986994514 ], [ 77.350183276154084, 19.353160213879292 ], [ 77.362355398705873, 19.33944557518797 ], [ 77.378823564511222, 19.338139419122129 ], [ 77.417129950188908, 19.377650640113799 ], [ 77.446844249359444, 19.384834498475922 ], [ 77.435388134016591, 19.408671846677507 ], [ 77.447918260172841, 19.440346131274133 ], [ 77.469398476440702, 19.43838689717537 ], [ 77.473336516089802, 19.457326160130055 ], [ 77.486940653059449, 19.458632316195896 ], [ 77.487656660268385, 19.48769428866084 ], [ 77.486224645850527, 19.493245451940663 ], [ 77.47083049085856, 19.490959678825444 ], [ 77.470472487254099, 19.491286217841903 ], [ 77.470114483649624, 19.491286217841903 ], [ 77.470114483649624, 19.492592373907744 ], [ 77.465818440396063, 19.563777879496037 ], [ 77.452572307030877, 19.561818645397278 ], [ 77.450782289008558, 19.569329042775859 ], [ 77.479064573761235, 19.600023710323107 ], [ 77.462596407955886, 19.609166802783989 ], [ 77.466176444000524, 19.664025357549278 ], [ 77.449350274590699, 19.674474606076004 ], [ 77.458300364702311, 19.682311542471044 ] ] ] } },
{ "type": "Feature", "properties": { "dt_code": "513", "district": "Parbhani", "st_nm": "Maharashtra", "st_code": "27", "year": "2011_c" }, "geometry": { "type": "Polygon", "coordinates": [ [ [ 76.208151777912889, 19.274464310912418 ], [ 76.21924988965128, 19.292097417801262 ], [ 76.207793774308414, 19.297648581081081 ], [ 76.21065780314413, 19.318547078134525 ], [ 76.230348001389672, 19.312669375838244 ], [ 76.24037210231468, 19.338139419122129 ], [ 76.26364233660486, 19.333241333875229 ], [ 76.27617246276111, 19.346302894533633 ], [ 76.257556275328966, 19.356425604043896 ], [ 76.261852318582527, 19.367201391587077 ], [ 76.282974531245927, 19.366221774537696 ], [ 76.28870258891736, 19.43348881192847 ], [ 76.30123271507361, 19.43185611684617 ], [ 76.313404837625399, 19.466469252590937 ], [ 76.337391079124501, 19.453407691932536 ], [ 76.343835144004871, 19.472346954887218 ], [ 76.364241349459334, 19.470387720788459 ], [ 76.375339461197726, 19.537328219162774 ], [ 76.44228613523255, 19.541246687360292 ], [ 76.448014192903983, 19.584023298516563 ], [ 76.436200073956655, 19.586635610648244 ], [ 76.432262034307556, 19.601982944421867 ], [ 76.4508782217397, 19.61341180999797 ], [ 76.449804210926303, 19.6614130454176 ], [ 76.46555636952273, 19.665331513615119 ], [ 76.470210416380766, 19.679372691322904 ], [ 76.487752592999527, 19.676760379191222 ], [ 76.483814553350413, 19.721496224446252 ], [ 76.459828311851311, 19.724761614610852 ], [ 76.459470308246836, 19.745333572647837 ], [ 76.483814553350413, 19.743700877565537 ], [ 76.48882660381291, 19.76394629658606 ], [ 76.509590812871849, 19.761333984454382 ], [ 76.50994881647631, 19.766558608717741 ], [ 76.50994881647631, 19.767538225767122 ], [ 76.510306820080771, 19.771456693964641 ], [ 76.483814553350413, 19.783865176590126 ], [ 76.484888564163811, 19.797579815281448 ], [ 76.510664823685232, 19.799865588396671 ], [ 76.512096838103091, 19.824682553647634 ], [ 76.564007360750423, 19.815539461186752 ], [ 76.57080942923524, 19.826641787746393 ], [ 76.593721659920959, 19.830560255943915 ], [ 76.593721659920959, 19.829907177910997 ], [ 76.605535778868287, 19.80998829790693 ], [ 76.596943692361137, 19.80182482249543 ], [ 76.61126383653972, 19.791375573968708 ], [ 76.593721659920959, 19.783538637573663 ], [ 76.599449717592393, 19.776354779211545 ], [ 76.623077955487034, 19.783212098557204 ], [ 76.630238027576326, 19.804763673643571 ], [ 76.643484160941497, 19.774722084129245 ], [ 76.664606373604897, 19.777334396260922 ], [ 76.685728586268297, 19.757415516256859 ], [ 76.715800889043294, 19.768844381832963 ], [ 76.737997112520091, 19.730312777890674 ], [ 76.732627058453119, 19.71398582706767 ], [ 76.759477328787938, 19.686230010668563 ], [ 76.772007454944202, 19.695046564112985 ], [ 76.766279397272768, 19.71725121723227 ], [ 76.781673552264735, 19.733251629038815 ], [ 76.790623642376346, 19.6712092159114 ], [ 76.807449811786171, 19.683617698536885 ], [ 76.821411952360279, 19.670556137878481 ], [ 76.814609883875448, 19.70288350050803 ], [ 76.849336233508495, 19.706801968705548 ], [ 76.863656377687064, 19.676107301158304 ], [ 76.850410244321878, 19.650637257874415 ], [ 76.876544507447775, 19.641167626397074 ], [ 76.869384435358498, 19.624514136557611 ], [ 76.881198554305811, 19.623534519508233 ], [ 76.896592709297778, 19.643779938528755 ], [ 76.911270857080822, 19.642800321479374 ], [ 76.910554849871886, 19.62190182442593 ], [ 76.929887044512967, 19.612105653932129 ], [ 76.923800983237072, 19.597411398191426 ], [ 76.890506648021884, 19.581084447368422 ], [ 76.882272565119209, 19.533736289981711 ], [ 76.855780298388851, 19.535368985064011 ], [ 76.849336233508495, 19.509572402763666 ], [ 76.865804399313845, 19.467448869640318 ], [ 76.886568608372784, 19.463203862426337 ], [ 76.865088392104923, 19.43838689717537 ], [ 76.895876702088856, 19.428917265698029 ], [ 76.900530748946892, 19.445897294553951 ], [ 76.924516990445994, 19.437407280125992 ], [ 76.892296666044203, 19.38058949126194 ], [ 76.888716629999564, 19.355445986994514 ], [ 76.900530748946892, 19.33781288010567 ], [ 76.898740730924573, 19.344996738467792 ], [ 76.917356918356717, 19.336506724039829 ], [ 76.900530748946892, 19.33128209977647 ], [ 76.89122265523082, 19.309403985673644 ], [ 76.901246756155814, 19.297975120097544 ], [ 76.925232997654931, 19.297975120097544 ], [ 76.925232997654931, 19.309730524690103 ], [ 76.976069509488866, 19.317567461085147 ], [ 76.979649545533505, 19.318220539118066 ], [ 76.977859527511185, 19.316261305019307 ], [ 76.987525624831719, 19.307444751574884 ], [ 76.990389653667435, 19.280668552225158 ], [ 77.022967981673688, 19.28491355943914 ], [ 77.010437855517438, 19.273158154846577 ], [ 77.011869869935296, 19.252586196809592 ], [ 77.048386237590648, 19.249647345661451 ], [ 77.053756291657621, 19.236585785003051 ], [ 77.036930122247796, 19.203278805324121 ], [ 77.073446489903162, 19.19413571286324 ], [ 77.086334619663873, 19.173890293842717 ], [ 77.098506742215662, 19.173237215809795 ], [ 77.093494691753165, 19.156910264986792 ], [ 77.120702965692445, 19.150379484657591 ], [ 77.091704673730845, 19.140256775147328 ], [ 77.105308810700478, 19.119358278093884 ], [ 77.099580753029059, 19.107602873501321 ], [ 77.083828594432617, 19.109235568583621 ], [ 77.061632370955834, 19.066785496443813 ], [ 77.061274367351373, 19.065805879394432 ], [ 77.06628641781387, 19.029560048567365 ], [ 77.04301618352369, 19.030866204633206 ], [ 77.041226165501371, 19.003763466267021 ], [ 77.055904313284401, 18.998538842003658 ], [ 77.056620320493337, 18.988742671509858 ], [ 77.023325985278149, 18.931924882645806 ], [ 76.989315642854038, 18.934210655761024 ], [ 76.980007549137966, 18.912332541658202 ], [ 76.955663304034402, 18.933231038711646 ], [ 76.947429221131713, 18.907107917394839 ], [ 76.929529040908506, 18.900903676082098 ], [ 76.954589293221005, 18.890780966571835 ], [ 76.952799275198686, 18.873147859682991 ], [ 77.015091902375474, 18.879678640012195 ], [ 77.020103952837971, 18.843432809185124 ], [ 76.990031650062974, 18.828412014427961 ], [ 76.910912853476361, 18.836575489839465 ], [ 76.894086684066536, 18.834289716724243 ], [ 76.877976521865634, 18.832330482625483 ], [ 76.869742438962959, 18.831024326559643 ], [ 76.851126251530815, 18.809146212456817 ], [ 76.828572024449556, 18.812085063604961 ], [ 76.779883534242416, 18.794451956716117 ], [ 76.778451519824557, 18.775512693761431 ], [ 76.742651159378127, 18.776165771794354 ], [ 76.73298506205758, 18.755920352773828 ], [ 76.724392975550444, 18.751022267526928 ], [ 76.721886950319188, 18.749716111461087 ], [ 76.712220852998655, 18.752981501625687 ], [ 76.671050438485253, 18.765716523267628 ], [ 76.683580564641503, 18.777145388843731 ], [ 76.670692434880792, 18.813391219670798 ], [ 76.644916175359356, 18.820248539016461 ], [ 76.641336139314717, 18.846698199349728 ], [ 76.628448009554006, 18.847024738366187 ], [ 76.620571930255792, 18.867270157386709 ], [ 76.586203584227206, 18.872821320666532 ], [ 76.585487577018284, 18.943027209205447 ], [ 76.536441083206668, 18.949231450518187 ], [ 76.532861047162029, 18.917883704938021 ], [ 76.519972917401304, 18.917883704938021 ], [ 76.502788744387018, 18.949557989534647 ], [ 76.477370488470058, 18.953802996748628 ], [ 76.468778401962908, 18.981232274131276 ], [ 76.479160506492377, 19.000498076102417 ], [ 76.455532268597736, 19.00898809053038 ], [ 76.437990091978975, 19.043274687258688 ], [ 76.451952232553083, 19.049805467587888 ], [ 76.432262034307556, 19.072010120707173 ], [ 76.434410055934336, 19.097480163991058 ], [ 76.410065810830758, 19.091602461694777 ], [ 76.389659605376295, 19.126542136456006 ], [ 76.376413472011123, 19.131440221702906 ], [ 76.349205198071829, 19.09813324202398 ], [ 76.321996924132534, 19.106949795468402 ], [ 76.33309503587094, 19.136991384982728 ], [ 76.360661313414681, 19.156583725970332 ], [ 76.361377320623617, 19.157236804003251 ], [ 76.351711223303084, 19.19217647876448 ], [ 76.36209332783254, 19.226136536476325 ], [ 76.364241349459334, 19.232667316805529 ], [ 76.361377320623617, 19.234953089920747 ], [ 76.352785234116467, 19.242136948282869 ], [ 76.343477140400395, 19.249973884677914 ], [ 76.330589010639684, 19.253565813858973 ], [ 76.285480556477182, 19.265647757467995 ], [ 76.284048542059324, 19.266300835500914 ], [ 76.283690538454863, 19.265647757467995 ], [ 76.250396203239674, 19.239851175167651 ], [ 76.250038199635213, 19.239851175167651 ], [ 76.22318792930038, 19.242463487299332 ], [ 76.226409961740572, 19.256504665007114 ], [ 76.226409961740572, 19.257157743040032 ], [ 76.213521831979847, 19.260096594188173 ], [ 76.208151777912889, 19.274464310912418 ] ] ] } },
{ "type": "Feature", "properties": { "dt_code": "521", "district": "Pune", "st_nm": "Maharashtra", "st_code": "27", "year": "2011_c" }, "geometry": { "type": "Polygon", "coordinates": [ [ [ 73.779097321622444, 19.386467193558222 ], [ 73.805589588352802, 19.394304129953262 ], [ 73.826711801016202, 19.382548725360699 ], [ 73.853562071351021, 19.355445986994514 ], [ 73.873252269596563, 19.358711377159114 ], [ 73.879338330872457, 19.365895235521236 ], [ 73.891868457028707, 19.371119859784599 ], [ 73.920866748990306, 19.350221362731155 ], [ 73.933754878751031, 19.34075173125381 ], [ 73.936618907586748, 19.338792497155051 ], [ 73.998911534763536, 19.360017533224955 ], [ 74.002133567203714, 19.34075173125381 ], [ 74.026477812307292, 19.313975531904084 ], [ 74.025761805098355, 19.297648581081081 ], [ 74.011799664524247, 19.297322042064621 ], [ 74.032563873583186, 19.279362396159318 ], [ 74.023613783471575, 19.266300835500914 ], [ 74.031131859165328, 19.250300423694373 ], [ 74.044735996134975, 19.261729289270473 ], [ 74.050464053806394, 19.243769643365169 ], [ 74.089486446693016, 19.227442692542166 ], [ 74.084116392626044, 19.239198097134729 ], [ 74.126718821557304, 19.221891529262347 ], [ 74.152495081078726, 19.226136536476325 ], [ 74.157507131541237, 19.202299188274743 ], [ 74.168605243279629, 19.223850763361106 ], [ 74.219083751509089, 19.202952266307662 ], [ 74.260612169626953, 19.226789614509247 ], [ 74.31681873552786, 19.207197273521643 ], [ 74.294980515655539, 19.18597223745174 ], [ 74.266698230902847, 19.181727230237758 ], [ 74.266340227298386, 19.162134889250154 ], [ 74.234477906501056, 19.122950207274947 ], [ 74.210133661397492, 19.127848292521847 ], [ 74.173975297346587, 19.031519282666125 ], [ 74.174333300951048, 19.031192743649665 ], [ 74.200467564076945, 19.00572270036578 ], [ 74.212997690233209, 19.00898809053038 ], [ 74.210491665001953, 18.994620373806139 ], [ 74.225527816389459, 18.985150742328795 ], [ 74.221589776740345, 18.970783025604554 ], [ 74.236267924523389, 18.968170713472873 ], [ 74.235909920918914, 18.952496840682787 ], [ 74.2491560542841, 18.955109152814469 ], [ 74.270636270551961, 18.919842939036783 ], [ 74.295696522864461, 18.90318944919732 ], [ 74.307152638207313, 18.854535135744769 ], [ 74.326126829243933, 18.837881645905306 ], [ 74.349039059929652, 18.845392043283887 ], [ 74.398085553741254, 18.827105858362124 ], [ 74.383765409562685, 18.803921588193457 ], [ 74.400591578972509, 18.776492310810813 ], [ 74.393073503278757, 18.76636960130055 ], [ 74.399159564554651, 18.742858792115424 ], [ 74.426725842098406, 18.749389572444628 ], [ 74.443910015112692, 18.72163375604552 ], [ 74.477562353932342, 18.719021443913839 ], [ 74.475056328701086, 18.687347159317213 ], [ 74.509782678334133, 18.66742827931315 ], [ 74.471834296260909, 18.641631697012805 ], [ 74.509066671125197, 18.612569724547857 ], [ 74.549879082034138, 18.611916646514938 ], [ 74.541286995526988, 18.580895439951231 ], [ 74.578161366786816, 18.549221155354605 ], [ 74.546657049593946, 18.507750700264175 ], [ 74.557397157727877, 18.49207682747409 ], [ 74.581383399226993, 18.472484486486486 ], [ 74.614677734442168, 18.467586401239586 ], [ 74.646182051635037, 18.449953294350742 ], [ 74.646540055239498, 18.449626755334283 ], [ 74.674464336387715, 18.463014855009146 ], [ 74.656206152560031, 18.475749876651086 ], [ 74.656922159768968, 18.478362188782768 ], [ 74.665514246276103, 18.491423749441172 ], [ 74.706684660789506, 18.502852615017275 ], [ 74.723510830199331, 18.488484898293031 ], [ 74.726374859035047, 18.484892969111971 ], [ 74.715992754505578, 18.427748641231457 ], [ 74.728522880661828, 18.403258214996953 ], [ 74.752509122160944, 18.396727434667753 ], [ 74.777927378077905, 18.409462456309694 ], [ 74.794037540278808, 18.401625519914653 ], [ 74.809431695270774, 18.382033178927049 ], [ 74.793321533069872, 18.356563135643164 ], [ 74.794037540278808, 18.355583518593782 ], [ 74.79690156911451, 18.352318128429182 ], [ 74.802987630390405, 18.34513427006706 ], [ 74.831627918747557, 18.335664638589719 ], [ 74.832343925956479, 18.334685021540338 ], [ 74.846664070135063, 18.307908822190612 ], [ 74.844158044903807, 18.304969971042471 ], [ 74.832701929560955, 18.292888027433449 ], [ 74.832343925956479, 18.29256148841699 ], [ 74.832343925956479, 18.29256148841699 ], [ 74.831627918747557, 18.291908410384067 ], [ 74.805135652017199, 18.301378041861412 ], [ 74.800839608763624, 18.29876572972973 ], [ 74.796543565510049, 18.29386764448283 ], [ 74.808715688061838, 18.275907998577527 ], [ 74.837355976418991, 18.24782564316196 ], [ 74.842368026881488, 18.244886792013819 ], [ 74.948695097407395, 18.265132211034341 ], [ 74.990581519129719, 18.238682550701078 ], [ 75.041776034568116, 18.262193359886204 ], [ 75.043566052590435, 18.252070650375941 ], [ 75.008481699352927, 18.209294039219671 ], [ 75.022085836322574, 18.188722081182686 ], [ 75.059676214791324, 18.200150946758789 ], [ 75.080082420245802, 18.218110592664093 ], [ 75.10657468697616, 18.219090209713475 ], [ 75.111586737438657, 18.197865173643571 ], [ 75.090464524775257, 18.145945470026419 ], [ 75.09225454279759, 18.121781582808374 ], [ 75.149535119511881, 18.123087738874212 ], [ 75.164571270899373, 18.11231195133103 ], [ 75.135214975333298, 18.092719610343426 ], [ 75.131276935684198, 18.076392659520423 ], [ 75.09404456081991, 18.068555723125382 ], [ 75.080082420245802, 18.038840672627515 ], [ 75.04965211386633, 18.021860643771593 ], [ 75.019937814695794, 17.966675549989841 ], [ 75.038912005732399, 17.950022060150378 ], [ 75.053590153515444, 17.951981294249137 ], [ 75.07077432652973, 17.980063649664704 ], [ 75.100130622095804, 17.975492103434263 ], [ 75.10872270860294, 17.999329451635848 ], [ 75.114450766274373, 17.999655990652307 ], [ 75.115882780692232, 17.999655990652307 ], [ 75.119462816736871, 17.999982529668767 ], [ 75.134498968124376, 17.972879791302582 ], [ 75.135214975333298, 17.971573635236741 ], [ 75.135214975333298, 17.971247096220281 ], [ 75.131276935684198, 17.971247096220281 ], [ 75.117672798714551, 17.969940940154441 ], [ 75.12984492126634, 17.956879379496037 ], [ 75.127338896035084, 17.954267067364356 ], [ 75.118388805923473, 17.945123974903474 ], [ 75.111944741043118, 17.938266655557815 ], [ 75.110870730229735, 17.938593194574274 ], [ 75.097266593260088, 17.946103591952856 ], [ 75.080798427454724, 17.940878967689496 ], [ 75.087600495939554, 17.926511250965252 ], [ 75.073280351760971, 17.918021236537289 ], [ 75.072206340947588, 17.91736815850437 ], [ 75.050010117470791, 17.926837789981711 ], [ 75.052874146306507, 17.904959675878889 ], [ 75.023875854344894, 17.895163505385085 ], [ 75.017789793068999, 17.908878144076407 ], [ 74.942251032527025, 17.924552016866492 ], [ 74.936880978460067, 17.940878967689496 ], [ 74.912178729752029, 17.945123974903474 ], [ 74.894278549528806, 17.936960499491974 ], [ 74.86420624675381, 17.952634372282056 ], [ 74.845948062926126, 17.946756669985774 ], [ 74.860984214313632, 17.993451749339567 ], [ 74.831269915143096, 17.993451749339567 ], [ 74.81802378177791, 18.01500332442593 ], [ 74.802629626785944, 17.996717139504167 ], [ 74.801913619577022, 17.997370217537085 ], [ 74.766471262735053, 18.024146416886811 ], [ 74.749287089720767, 18.017615636557611 ], [ 74.728880884266289, 18.027738346067874 ], [ 74.717424768923436, 18.029044502133715 ], [ 74.708832682416286, 18.029697580166633 ], [ 74.708474678811825, 18.029697580166633 ], [ 74.708116675207364, 18.030024119183093 ], [ 74.687710469752901, 18.048963382137778 ], [ 74.671242303947537, 18.0643107159114 ], [ 74.659786188604684, 18.068555723125382 ], [ 74.656922159768968, 18.067902645092463 ], [ 74.654058130933251, 18.067249567059541 ], [ 74.640811997568065, 18.044718374923796 ], [ 74.640095990359143, 18.043738757874415 ], [ 74.628997878620751, 18.056800318532819 ], [ 74.609665683979671, 18.046024530989637 ], [ 74.590333489338605, 18.055820701483441 ], [ 74.582099406435916, 18.046677609022556 ], [ 74.581741402831454, 18.046024530989637 ], [ 74.558829172145735, 18.069535340174763 ], [ 74.460020177313581, 18.045697991973178 ], [ 74.437107946627876, 18.063984176894941 ], [ 74.380901380726968, 18.070188418207682 ], [ 74.354051110392149, 18.096964617557408 ], [ 74.300350569722497, 18.067249567059541 ], [ 74.233403895687673, 18.101209624771389 ], [ 74.209059650584095, 18.097291156573867 ], [ 74.186505423502837, 18.111985412314571 ], [ 74.165025207234976, 18.106760788051211 ], [ 74.14784103422069, 18.121128504775452 ], [ 74.13710092608676, 18.116883497561471 ], [ 74.118842742259091, 18.132883909368015 ], [ 74.077672327745688, 18.121455043791912 ], [ 74.054044089851047, 18.140067767730137 ], [ 74.028267830329611, 18.132230831335097 ], [ 74.00463959243497, 18.159007030684819 ], [ 73.986023405002825, 18.15214971133916 ], [ 73.943778979676026, 18.180232066754726 ], [ 73.904756586789418, 18.159007030684819 ], [ 73.904398583184957, 18.1599866477342 ], [ 73.894374482259948, 18.181538222820567 ], [ 73.894016478655487, 18.181538222820567 ], [ 73.892584464237629, 18.180885144787645 ], [ 73.876116298432279, 18.168150123145704 ], [ 73.901176550744779, 18.127985824121115 ], [ 73.886856406566196, 18.11557734149563 ], [ 73.860722143440313, 18.119822348709612 ], [ 73.879338330872457, 18.086515369030685 ], [ 73.85714210739566, 18.031003736232474 ], [ 73.845327988448346, 18.040146828693356 ], [ 73.827069804620663, 18.029697580166633 ], [ 73.81274966044208, 18.037861055578134 ], [ 73.792343454987616, 18.020227948689293 ], [ 73.765851188257258, 18.022840260820971 ], [ 73.757975108959045, 18.037534516561674 ], [ 73.703916564684931, 18.046024530989637 ], [ 73.665610179007246, 18.025126033936193 ], [ 73.664536168193862, 18.024472955903271 ], [ 73.657734099709032, 18.029044502133715 ], [ 73.65701809250011, 18.029697580166633 ], [ 73.61262564554653, 18.058759552631578 ], [ 73.61262564554653, 18.059086091648041 ], [ 73.620143721240282, 18.076392659520423 ], [ 73.60224354101706, 18.080964205750863 ], [ 73.609403613106352, 18.09761769559033 ], [ 73.594009458114385, 18.108720022149971 ], [ 73.606539584270635, 18.139741228713678 ], [ 73.606181580666174, 18.138108533631375 ], [ 73.603317551830457, 18.117863114610852 ], [ 73.628377804142957, 18.123414277890674 ], [ 73.619427714031346, 18.127332746088193 ], [ 73.633747858209929, 18.146272009042878 ], [ 73.642339944717065, 18.142353540845356 ], [ 73.647709998784038, 18.159007030684819 ], [ 73.660598128544748, 18.1518231723227 ], [ 73.665610179007246, 18.1599866477342 ], [ 73.653438056455457, 18.173048208392604 ], [ 73.597589494159024, 18.190028237248526 ], [ 73.594009458114385, 18.177619754623045 ], [ 73.581837335562597, 18.178599371672426 ], [ 73.566801184175091, 18.187742464133308 ], [ 73.558925104876877, 18.213865585450112 ], [ 73.556777083250097, 18.196232478561271 ], [ 73.541024924653669, 18.207661344137371 ], [ 73.537444888609016, 18.189375159215608 ], [ 73.520976722803667, 18.187089386100386 ], [ 73.520976722803667, 18.187089386100386 ], [ 73.534938863377775, 18.20472249298923 ], [ 73.520976722803667, 18.210926734301971 ], [ 73.536012874191158, 18.226927146108515 ], [ 73.523482748034908, 18.232151770371878 ], [ 73.537086885004555, 18.243254096931519 ], [ 73.505224564207225, 18.25598911857346 ], [ 73.514532657923311, 18.271989530380004 ], [ 73.500212513744728, 18.281785700873808 ], [ 73.477658286663484, 18.267417984149564 ], [ 73.47586826864115, 18.300071885795571 ], [ 73.447227980284012, 18.30203111989433 ], [ 73.431117818083123, 18.303010736943712 ], [ 73.423599742389371, 18.30366381497663 ], [ 73.420377709949193, 18.30366381497663 ], [ 73.420377709949193, 18.306276127108312 ], [ 73.421093717158115, 18.316398836618575 ], [ 73.421809724367051, 18.329786936293438 ], [ 73.441499922612579, 18.358195830725464 ], [ 73.423241738784895, 18.373216625482627 ], [ 73.420019706344718, 18.403584754013412 ], [ 73.398897493681332, 18.400645902865271 ], [ 73.393169436009899, 18.444402131070923 ], [ 73.401761522517049, 18.444402131070923 ], [ 73.408205587397404, 18.499913763869134 ], [ 73.388515389151863, 18.491750288457631 ], [ 73.372763230555435, 18.464321011074986 ], [ 73.364887151257221, 18.469545635338346 ], [ 73.360591108003646, 18.484239891079049 ], [ 73.379207295435791, 18.481627578947368 ], [ 73.374553248577755, 18.493056444523472 ], [ 73.396749472054537, 18.505138388132494 ], [ 73.384577349502749, 18.503179154033734 ], [ 73.355579057541149, 18.532894204531601 ], [ 73.342690927780424, 18.531261509449301 ], [ 73.358801089981327, 18.557711169782564 ], [ 73.333740837668827, 18.550200772403983 ], [ 73.323000729534897, 18.557711169782564 ], [ 73.334098841273288, 18.608651256350335 ], [ 73.341974920571502, 18.603753171103435 ], [ 73.361307115212568, 18.636733611765901 ], [ 73.388873392756324, 18.654693257671205 ], [ 73.387441378338465, 18.689306393415972 ], [ 73.374553248577755, 18.709225273420039 ], [ 73.360949111608107, 18.701061798008535 ], [ 73.361665118817044, 18.710531429485876 ], [ 73.352715028705433, 18.708898734403576 ], [ 73.343764938593822, 18.696163712761635 ], [ 73.331592816042033, 18.701388337024994 ], [ 73.355221053936674, 18.721307217029061 ], [ 73.358443086376852, 18.755593813757368 ], [ 73.349492996265255, 18.756573430806746 ], [ 73.368109183697399, 18.794778495732576 ], [ 73.378133284622393, 18.793145800650276 ], [ 73.388873392756324, 18.852902440662469 ], [ 73.401403518912574, 18.842779731152206 ], [ 73.430043807269726, 18.874127476732372 ], [ 73.44006790819472, 18.898291363950417 ], [ 73.440425911799196, 18.899270980999798 ], [ 73.430759814478648, 18.915597931822802 ], [ 73.441499922612579, 18.929312570514124 ], [ 73.458326092022403, 18.929639109530584 ], [ 73.460474113649198, 18.964905323308273 ], [ 73.460832117253659, 18.964905323308273 ], [ 73.479090301081342, 18.966538018390573 ], [ 73.480522315499201, 18.979926118065436 ], [ 73.5095206074608, 18.96588494035765 ], [ 73.551407029183125, 19.010294246596221 ], [ 73.547826993138486, 19.014212714793743 ], [ 73.538518899422414, 19.024335424304006 ], [ 73.53279084175098, 19.030539665616747 ], [ 73.540308917444733, 19.047846233489128 ], [ 73.514890661527772, 19.046213538406828 ], [ 73.514890661527772, 19.046213538406828 ], [ 73.517754690363489, 19.057642403982932 ], [ 73.525988773266164, 19.054377013818332 ], [ 73.527778791288483, 19.084418603332658 ], [ 73.514890661527772, 19.082785908250358 ], [ 73.511668629087595, 19.09486785185938 ], [ 73.525272766057228, 19.129154448587688 ], [ 73.525272766057228, 19.129154448587688 ], [ 73.541740931862591, 19.117725583011584 ], [ 73.54532096790723, 19.140583314163788 ], [ 73.529568809310803, 19.15593064793741 ], [ 73.540308917444733, 19.159196038102014 ], [ 73.534222856168839, 19.178461840073158 ], [ 73.605823577061713, 19.192829556797399 ], [ 73.611909638337607, 19.210462663686243 ], [ 73.623007750075999, 19.216340365982525 ], [ 73.629809818560815, 19.203931883357043 ], [ 73.660598128544748, 19.239524636151188 ], [ 73.689954424110823, 19.250626962710832 ], [ 73.69281845294654, 19.255525047957732 ], [ 73.691744442133142, 19.262708906319855 ], [ 73.66775820063404, 19.290791261735421 ], [ 73.671338236678679, 19.300913971245684 ], [ 73.672054243887601, 19.301240510262144 ], [ 73.741864946758156, 19.334874028957529 ], [ 73.742580953967078, 19.322792085348507 ], [ 73.773727267555472, 19.330629021743547 ], [ 73.772653256742089, 19.342057887319651 ], [ 73.794849480218872, 19.330302482727088 ], [ 73.794133473009936, 19.360344072241414 ], [ 73.779097321622444, 19.386467193558222 ] ] ] } },
{ "type": "Feature", "properties": { "dt_code": "523", "district": "Beed", "st_nm": "Maharashtra", "st_code": "27", "year": "2011_c" }, "geometry": { "type": "Polygon", "coordinates": [ [ [ 76.208151777912889, 19.274464310912418 ], [ 76.213521831979847, 19.260096594188173 ], [ 76.226409961740572, 19.257157743040032 ], [ 76.226409961740572, 19.256504665007114 ], [ 76.22318792930038, 19.242463487299332 ], [ 76.250038199635213, 19.239851175167651 ], [ 76.250396203239674, 19.239851175167651 ], [ 76.283690538454863, 19.265647757467995 ], [ 76.284048542059324, 19.266300835500914 ], [ 76.285480556477182, 19.265647757467995 ], [ 76.330589010639684, 19.253565813858973 ], [ 76.343477140400395, 19.249973884677914 ], [ 76.352785234116467, 19.242136948282869 ], [ 76.361377320623617, 19.234953089920747 ], [ 76.364241349459334, 19.232667316805529 ], [ 76.36209332783254, 19.226136536476325 ], [ 76.351711223303084, 19.19217647876448 ], [ 76.361377320623617, 19.157236804003251 ], [ 76.360661313414681, 19.156583725970332 ], [ 76.33309503587094, 19.136991384982728 ], [ 76.321996924132534, 19.106949795468402 ], [ 76.349205198071829, 19.09813324202398 ], [ 76.376413472011123, 19.131440221702906 ], [ 76.389659605376295, 19.126542136456006 ], [ 76.410065810830758, 19.091602461694777 ], [ 76.434410055934336, 19.097480163991058 ], [ 76.432262034307556, 19.072010120707173 ], [ 76.451952232553083, 19.049805467587888 ], [ 76.437990091978975, 19.043274687258688 ], [ 76.455532268597736, 19.00898809053038 ], [ 76.479160506492377, 19.000498076102417 ], [ 76.468778401962908, 18.981232274131276 ], [ 76.477370488470058, 18.953802996748628 ], [ 76.502788744387018, 18.949557989534647 ], [ 76.519972917401304, 18.917883704938021 ], [ 76.532861047162029, 18.917883704938021 ], [ 76.536441083206668, 18.949231450518187 ], [ 76.585487577018284, 18.943027209205447 ], [ 76.586203584227206, 18.872821320666532 ], [ 76.620571930255792, 18.867270157386709 ], [ 76.628448009554006, 18.847024738366187 ], [ 76.641336139314717, 18.846698199349728 ], [ 76.644916175359356, 18.820248539016461 ], [ 76.670692434880792, 18.813391219670798 ], [ 76.683580564641503, 18.777145388843731 ], [ 76.671050438485253, 18.765716523267628 ], [ 76.712220852998655, 18.752981501625687 ], [ 76.721886950319188, 18.749716111461087 ], [ 76.733701069266516, 18.699755641942694 ], [ 76.682148550223644, 18.691918705547653 ], [ 76.664248370000436, 18.658285186852268 ], [ 76.681074539410261, 18.648815555374924 ], [ 76.673198460112047, 18.635427455700061 ], [ 76.671050438485253, 18.63248860455192 ], [ 76.630596031180787, 18.646203243243242 ], [ 76.640620132105795, 18.661224038000405 ], [ 76.63632408885222, 18.67526521570819 ], [ 76.600165724801315, 18.67395905964235 ], [ 76.593005652712037, 18.672652903576509 ], [ 76.580117522951312, 18.615835114712457 ], [ 76.54360115529596, 18.652080945539524 ], [ 76.528565003908454, 18.649468633407846 ], [ 76.519972917401304, 18.626284363239179 ], [ 76.518898906587921, 18.623672051107498 ], [ 76.513528852520949, 18.62105973897582 ], [ 76.499924715551316, 18.614855497663079 ], [ 76.49527066869328, 18.612569724547857 ], [ 76.479160506492377, 18.611590107498476 ], [ 76.468062394753986, 18.632162065535461 ], [ 76.459112304642375, 18.619100504877057 ], [ 76.399325702696828, 18.601793937004675 ], [ 76.39789368827897, 18.600814319955294 ], [ 76.390375612585231, 18.541384218959561 ], [ 76.368179389108434, 18.543016914041864 ], [ 76.348131187258431, 18.565548106177609 ], [ 76.279394495201288, 18.574038120605568 ], [ 76.274024441134316, 18.558690786831946 ], [ 76.273666437529855, 18.558037708799027 ], [ 76.254692246493249, 18.563588872078846 ], [ 76.254334242888788, 18.575344276671409 ], [ 76.170203395839664, 18.58481390814875 ], [ 76.169487388630742, 18.58481390814875 ], [ 76.169845392235203, 18.560976559947164 ], [ 76.16017929491467, 18.555425396667346 ], [ 76.16017929491467, 18.555751935683805 ], [ 76.159463287705734, 18.558364247815486 ], [ 76.151945212011981, 18.58122197896769 ], [ 76.14764916875842, 18.58285467404999 ], [ 76.105762747036081, 18.58775275929689 ], [ 76.101108700178045, 18.58775275929689 ], [ 76.056716253224479, 18.572078886506809 ], [ 76.032730011725363, 18.600161241922375 ], [ 76.01268180987536, 18.607345100284498 ], [ 76.008385766621785, 18.585466986181672 ], [ 75.992991611629819, 18.583507752082909 ], [ 75.992275604420897, 18.583507752082909 ], [ 75.982251503495903, 18.591671227494412 ], [ 75.994065622443216, 18.613222802580779 ], [ 75.992633608025358, 18.615182036679538 ], [ 75.95361121513875, 18.606038944218657 ], [ 75.948957168280714, 18.604732788152816 ], [ 75.948957168280714, 18.605059327169275 ], [ 75.939291070960181, 18.641305157996342 ], [ 75.855518227515518, 18.648815555374924 ], [ 75.857308245537851, 18.659591342918105 ], [ 75.848716159030701, 18.654693257671205 ], [ 75.802891697659263, 18.673305981609431 ], [ 75.787855546271771, 18.655672874720587 ], [ 75.760647272332477, 18.677877527839872 ], [ 75.753487200243185, 18.679836761938631 ], [ 75.727352937117303, 18.674612137675268 ], [ 75.668282342380678, 18.691592166531194 ], [ 75.667208331567295, 18.650774789473687 ], [ 75.648592144135151, 18.649795172424305 ], [ 75.641074068441398, 18.649142094391387 ], [ 75.633913996352106, 18.655999413737046 ], [ 75.60813773683067, 18.680816378988013 ], [ 75.599187646719074, 18.689959471448894 ], [ 75.587731531376207, 18.695837173745176 ], [ 75.584151495331568, 18.697143329811016 ], [ 75.583077484518171, 18.697469868827476 ], [ 75.583077484518171, 18.698122946860394 ], [ 75.554079192556557, 18.708245656370657 ], [ 75.556227214183352, 18.736328011786224 ], [ 75.52579690780388, 18.752654962609228 ], [ 75.52579690780388, 18.733389160638083 ], [ 75.507538723976197, 18.723592990144279 ], [ 75.467800323880667, 18.751675345559846 ], [ 75.450616150866367, 18.751348806543387 ], [ 75.441308057150295, 18.792166183600894 ], [ 75.398347624614587, 18.832330482625483 ], [ 75.381163451600301, 18.76963499146515 ], [ 75.373287372302073, 18.767022679333468 ], [ 75.361115249750299, 18.789880410485676 ], [ 75.339993037086899, 18.785961942288154 ], [ 75.328894925348507, 18.805880822292217 ], [ 75.276268395492252, 18.72979723145702 ], [ 75.254072172015455, 18.72000106096322 ], [ 75.207889707039556, 18.738613784901442 ], [ 75.171731342988664, 18.736654550802683 ], [ 75.174953375428842, 18.708572195387116 ], [ 75.156337187996698, 18.641631697012805 ], [ 75.103352654535982, 18.702041415057916 ], [ 75.076860387805624, 18.714449897683398 ], [ 75.039628012941336, 18.763430750152409 ], [ 75.005617670517211, 18.782696552123554 ], [ 75.009197706561864, 18.803268510160539 ], [ 74.985927472271683, 18.797064268847798 ], [ 74.971249324488639, 18.81241160262142 ], [ 74.973397346115433, 18.828412014427961 ], [ 74.957287183914531, 18.81894238295062 ], [ 74.943683046944884, 18.830044709510261 ], [ 74.922202830677037, 18.827758936395043 ], [ 74.918980798236845, 18.854535135744769 ], [ 74.893920545924345, 18.846045121316806 ], [ 74.897858585573459, 18.875760171814672 ], [ 74.884612452208273, 18.885882881324935 ], [ 74.883180437790415, 18.914618314773421 ], [ 74.86420624675381, 18.897638285917498 ], [ 74.848096084552921, 18.90841407346068 ], [ 74.824825850262727, 18.932904499695184 ], [ 74.835207954792196, 18.95282337969925 ], [ 74.812653727710952, 18.961966472160132 ], [ 74.808357684457377, 18.976660727900835 ], [ 74.825183853867202, 18.990701905608617 ], [ 74.836997972814515, 18.970129947571632 ], [ 74.873156336865421, 18.984824203312336 ], [ 74.899648603595779, 18.978946501016054 ], [ 74.903228639640417, 18.96425224527535 ], [ 74.916474773005604, 18.95804800396261 ], [ 74.92327684149042, 18.972089181670391 ], [ 74.953707147869892, 18.973068798719773 ], [ 74.960509216354708, 19.001151154135339 ], [ 74.948695097407395, 19.004416544299939 ], [ 74.950485115429714, 19.032825438731965 ], [ 74.914684754983284, 19.037723523978869 ], [ 74.920412812654703, 19.093888234809999 ], [ 74.9426090361315, 19.133072916785206 ], [ 74.974471356928817, 19.110868263665921 ], [ 74.979125403786853, 19.116745965962203 ], [ 75.011703731793105, 19.104010944320262 ], [ 75.025307868762752, 19.114786731863443 ], [ 75.024949865158291, 19.10303132727088 ], [ 75.043924056194896, 19.110215185633002 ], [ 75.03712198771008, 19.10172517120504 ], [ 75.052874146306507, 19.107602873501321 ], [ 75.058602203977941, 19.09845978104044 ], [ 75.077576395014546, 19.105643639402562 ], [ 75.068626304902935, 19.110868263665921 ], [ 75.078650405827943, 19.118705200060965 ], [ 75.070416322925254, 19.120011356126803 ], [ 75.105500676162762, 19.126542136456006 ], [ 75.110154723020798, 19.113480575797603 ], [ 75.097624596864549, 19.10139863218858 ], [ 75.097266593260088, 19.081479752184517 ], [ 75.078650405827943, 19.081153213168058 ], [ 75.090464524775257, 19.068091652509654 ], [ 75.074712366178829, 19.069071269559032 ], [ 75.07077432652973, 19.05535663086771 ], [ 75.134856971728837, 19.035764289880106 ], [ 75.166003285317231, 19.037070445945947 ], [ 75.168867314152948, 19.019437339057102 ], [ 75.181397440309198, 19.01225348069498 ], [ 75.21003772866635, 19.022376190205243 ], [ 75.208963717852953, 19.034784672830725 ], [ 75.185693483562773, 19.05209124070311 ], [ 75.196791595301164, 19.067438574476732 ], [ 75.187483501585092, 19.09323515677708 ], [ 75.216481793546706, 19.112500958748221 ], [ 75.226863898076175, 19.091275922678317 ], [ 75.22471587644938, 19.067112035460273 ], [ 75.261590247709208, 19.070050886608414 ], [ 75.27089834142528, 19.054050474801869 ], [ 75.256578197246711, 19.025315041353384 ], [ 75.269108323402961, 18.998212302987199 ], [ 75.295242586528857, 18.981232274131276 ], [ 75.341783055109218, 18.990375366592158 ], [ 75.339993037086899, 19.028580431517984 ], [ 75.284502478394927, 19.034131594797806 ], [ 75.293094564902077, 19.074948971855314 ], [ 75.284144474790466, 19.082459369233895 ], [ 75.308488719894029, 19.09845978104044 ], [ 75.336054997437785, 19.081153213168058 ], [ 75.365053289399398, 19.078540901036376 ], [ 75.360399242541362, 19.108255951534243 ], [ 75.331758954184224, 19.131113682686447 ], [ 75.330326939766366, 19.15266525777281 ], [ 75.351807156034226, 19.148746789575291 ], [ 75.352523163243148, 19.148420250558829 ], [ 75.350733145220829, 19.126542136456006 ], [ 75.407655718330659, 19.140583314163788 ], [ 75.409087732748517, 19.128827909571225 ], [ 75.392977570547615, 19.126542136456006 ], [ 75.368275321839576, 19.081479752184517 ], [ 75.412309765188695, 19.080173596118676 ], [ 75.444530089590486, 19.092582078744158 ], [ 75.449542140052984, 19.083112447266817 ], [ 75.485700504103875, 19.105970178419021 ], [ 75.482478471663697, 19.126868675472465 ], [ 75.430209945411903, 19.118705200060965 ], [ 75.42269186971815, 19.13797100203211 ], [ 75.453838183306559, 19.144175243344851 ], [ 75.448468129239586, 19.166053357447673 ], [ 75.42269186971815, 19.173237215809795 ], [ 75.403717678681545, 19.19740110302784 ], [ 75.421617858904767, 19.219932295163584 ], [ 75.44560410040387, 19.220585373196506 ], [ 75.44560410040387, 19.220911912212966 ], [ 75.458492230164595, 19.250300423694373 ], [ 75.518994839319063, 19.278056240093477 ], [ 75.520068850132446, 19.278709318126399 ], [ 75.522932878968163, 19.283607403373299 ], [ 75.539401044773527, 19.315608226986384 ], [ 75.542623077213705, 19.322139007315588 ], [ 75.539401044773527, 19.323118624364966 ], [ 75.516846817692269, 19.330629021743547 ], [ 75.531524965475313, 19.376017945031499 ], [ 75.516846817692269, 19.384834498475922 ], [ 75.493218579797627, 19.382548725360699 ], [ 75.485342500499414, 19.38385488142654 ], [ 75.487848525730669, 19.417814939138388 ], [ 75.47567640317888, 19.427284570615729 ], [ 75.474602392365483, 19.428264187665111 ], [ 75.4814044608503, 19.435774585043692 ], [ 75.487490522126194, 19.442631904389351 ], [ 75.487848525730669, 19.442958443405814 ], [ 75.507896727580672, 19.430876499796788 ], [ 75.515772806878886, 19.404753378479985 ], [ 75.550499156511918, 19.386467193558222 ], [ 75.587731531376207, 19.378303718146718 ], [ 75.60598971520389, 19.384834498475922 ], [ 75.606705722412812, 19.385161037492381 ], [ 75.623531891822637, 19.373079093883359 ], [ 75.641432072045859, 19.382875264377159 ], [ 75.649308151344073, 19.367201391587077 ], [ 75.671504374820856, 19.368181008636455 ], [ 75.683318493768184, 19.356099065027436 ], [ 75.712674789334258, 19.355119447978055 ], [ 75.750623171407483, 19.357078682076814 ], [ 75.762437290354796, 19.379283335196099 ], [ 75.75778324349676, 19.389406044706362 ], [ 75.790719575107488, 19.400181832249544 ], [ 75.842272094150346, 19.370466781751677 ], [ 75.873776411343201, 19.383528342410081 ], [ 75.887022544708387, 19.37732410109734 ], [ 75.911724793416425, 19.392018356838044 ], [ 75.912440800625347, 19.392344895854503 ], [ 75.923896915968214, 19.380916030278399 ], [ 75.905996735744992, 19.34075173125381 ], [ 75.906712742953928, 19.315281687969925 ], [ 75.907070746558389, 19.313648992887625 ], [ 75.942155099795897, 19.291770878784799 ], [ 75.94322911060928, 19.29144433976834 ], [ 75.978313463846789, 19.305485517476125 ], [ 76.019841881964652, 19.339772114204429 ], [ 76.024853932427149, 19.297648581081081 ], [ 76.040606091023577, 19.282954325340377 ], [ 76.080702494723582, 19.279035857142858 ], [ 76.102540714595904, 19.306465134525503 ], [ 76.103614725409301, 19.307771290591344 ], [ 76.113638826334309, 19.295689346982321 ], [ 76.127242963303942, 19.302873205344444 ], [ 76.128674977721801, 19.303526283377362 ], [ 76.139773089460192, 19.28981164468604 ], [ 76.159105284101273, 19.297322042064621 ], [ 76.16411733456377, 19.28328086435684 ], [ 76.164833341772706, 19.28164816927454 ], [ 76.192757622920922, 19.282954325340377 ], [ 76.200275698614675, 19.28328086435684 ], [ 76.203855734659314, 19.277076623044099 ], [ 76.208151777912889, 19.274464310912418 ] ] ] } },
{ "type": "Feature", "properties": { "dt_code": "524", "district": "Latur", "st_nm": "Maharashtra", "st_code": "27", "year": "2011_c" }, "geometry": { "type": "Polygon", "coordinates": [ [ [ 76.990031650062974, 18.828412014427961 ], [ 76.991105660876357, 18.824493546230443 ], [ 76.990389653667435, 18.824167007213983 ], [ 77.008647837495118, 18.765716523267628 ], [ 77.05339828805316, 18.769308452448691 ], [ 77.058052334911196, 18.724572607193661 ], [ 77.043732190732612, 18.701388337024994 ], [ 77.045880212359407, 18.683102152103231 ], [ 77.137887138706731, 18.697469868827476 ], [ 77.141467174751384, 18.713143741617557 ], [ 77.151491275676378, 18.700082180959157 ], [ 77.180847571242452, 18.700408719975616 ], [ 77.1944517082121, 18.689959471448894 ], [ 77.158651347765669, 18.68016330095509 ], [ 77.153639297303172, 18.647509399309083 ], [ 77.198747751465675, 18.647835938325546 ], [ 77.211277877621924, 18.62432512914042 ], [ 77.267484443522818, 18.611916646514938 ], [ 77.261756385851399, 18.567180801259909 ], [ 77.296840739088893, 18.547261921255842 ], [ 77.282162591305863, 18.521791877971957 ], [ 77.267842447127293, 18.521791877971957 ], [ 77.247436241672816, 18.500566841902053 ], [ 77.249942266904071, 18.48717874222719 ], [ 77.277150540843365, 18.476729493700468 ], [ 77.267126439918357, 18.454524840581183 ], [ 77.253880306553171, 18.451912528449505 ], [ 77.264978418291577, 18.44276943598862 ], [ 77.265694425500499, 18.422197477951638 ], [ 77.241708184001396, 18.412401307457834 ], [ 77.234906115516566, 18.396727434667753 ], [ 77.246362230859432, 18.370277774334486 ], [ 77.225956025404955, 18.365379689087586 ], [ 77.220227967733535, 18.349052738264582 ], [ 77.229536061449608, 18.348073121215201 ], [ 77.219153956920138, 18.325868468095916 ], [ 77.199463758674597, 18.316725375635034 ], [ 77.213067895644244, 18.280479544807967 ], [ 77.175119513571019, 18.284724552021949 ], [ 77.169749459504061, 18.260887203820364 ], [ 77.148985250445136, 18.239009089717538 ], [ 77.151491275676378, 18.217130975614712 ], [ 77.097432731402264, 18.19655901757773 ], [ 77.116764926043345, 18.169456279211545 ], [ 77.110678864767451, 18.1550885624873 ], [ 77.06413839618709, 18.150843555273319 ], [ 77.051966273635301, 18.173048208392604 ], [ 77.033350086203157, 18.181864761837026 ], [ 77.023325985278149, 18.175660520524286 ], [ 77.023325985278149, 18.1583539526519 ], [ 77.001129761801366, 18.160966264783582 ], [ 76.990389653667435, 18.190028237248526 ], [ 76.95208326798975, 18.188069003149767 ], [ 76.942417170669216, 18.156394718553141 ], [ 76.931677062535286, 18.159660108717741 ], [ 76.923800983237072, 18.1469250870758 ], [ 76.932035066139747, 18.133536987400937 ], [ 76.920578950796894, 18.118189653627311 ], [ 76.966403412168319, 18.098270773623248 ], [ 76.945281199504933, 18.083249978866085 ], [ 76.952441271594211, 18.040146828693356 ], [ 76.914134885916539, 18.035248743446456 ], [ 76.905542799409389, 18.009452161146108 ], [ 76.919146936379036, 17.916388541454989 ], [ 76.901246756155814, 17.91736815850437 ], [ 76.884420586745989, 17.894183888335704 ], [ 76.840028139792423, 17.899408512599067 ], [ 76.831436053285273, 17.885367334891285 ], [ 76.810313840621873, 17.887000029973585 ], [ 76.804227779345979, 17.870673079150581 ], [ 76.775229487384379, 17.8778569375127 ], [ 76.768427418899549, 17.901367746697826 ], [ 76.73978713054241, 17.899735051615526 ], [ 76.735849090893296, 17.904306597845967 ], [ 76.735133083684374, 17.910837378175167 ], [ 76.729405026012941, 17.911490456208089 ], [ 76.67427247092543, 17.918347775553748 ], [ 76.681074539410261, 17.946756669985774 ], [ 76.673198460112047, 17.948715904084537 ], [ 76.672840456507572, 17.9670020890063 ], [ 76.688950618708475, 17.969614401137981 ], [ 76.678926517783466, 17.996064061471245 ], [ 76.60267175003257, 18.006186770981508 ], [ 76.610547829330784, 18.037861055578134 ], [ 76.598733710383456, 18.030677197216015 ], [ 76.566155382377204, 18.039493750660437 ], [ 76.552909249012032, 18.026432190002033 ], [ 76.532145039953093, 18.035901821479374 ], [ 76.524626964259355, 18.021534104755133 ], [ 76.509232809267388, 18.023493338853893 ], [ 76.512454841707566, 18.044391835907337 ], [ 76.498492701133458, 18.048636843121319 ], [ 76.494912665088805, 18.025452572952652 ], [ 76.425459965822725, 18.034269126397074 ], [ 76.396461673861126, 18.054841084434059 ], [ 76.379635504451301, 18.087821525096526 ], [ 76.332021025057543, 18.075739581487504 ], [ 76.327366978199507, 18.095985000508026 ], [ 76.279036491596827, 18.10904656116643 ], [ 76.280826509619146, 18.182191300853486 ], [ 76.301590718678071, 18.230192536273115 ], [ 76.285838560081643, 18.232151770371878 ], [ 76.283332534850388, 18.250111416277178 ], [ 76.314478848438796, 18.281459161857349 ], [ 76.317342877274498, 18.330113475309897 ], [ 76.284764549268246, 18.34023618482016 ], [ 76.289418596126282, 18.387910881223331 ], [ 76.257556275328966, 18.363746994005282 ], [ 76.202065716636994, 18.393788583519612 ], [ 76.226051958136097, 18.433626343527738 ], [ 76.268296383462896, 18.420891321885797 ], [ 76.261136311373605, 18.466280245173746 ], [ 76.269728397880755, 18.468239479272505 ], [ 76.253260232075391, 18.482607195996749 ], [ 76.260062300560207, 18.493382983539931 ], [ 76.253618235679852, 18.520485721906116 ], [ 76.270086401485216, 18.524404190103638 ], [ 76.275814459156635, 18.558037708799027 ], [ 76.274024441134316, 18.558690786831946 ], [ 76.279394495201288, 18.574038120605568 ], [ 76.348131187258431, 18.565548106177609 ], [ 76.368179389108434, 18.543016914041864 ], [ 76.390375612585231, 18.541384218959561 ], [ 76.39789368827897, 18.600814319955294 ], [ 76.399325702696828, 18.601793937004675 ], [ 76.459112304642375, 18.619100504877057 ], [ 76.468062394753986, 18.632162065535461 ], [ 76.479160506492377, 18.611590107498476 ], [ 76.49527066869328, 18.612569724547857 ], [ 76.499924715551316, 18.614855497663079 ], [ 76.513528852520949, 18.62105973897582 ], [ 76.518898906587921, 18.623672051107498 ], [ 76.519972917401304, 18.626284363239179 ], [ 76.528565003908454, 18.649468633407846 ], [ 76.54360115529596, 18.652080945539524 ], [ 76.580117522951312, 18.615835114712457 ], [ 76.593005652712037, 18.672652903576509 ], [ 76.600165724801315, 18.67395905964235 ], [ 76.63632408885222, 18.67526521570819 ], [ 76.640620132105795, 18.661224038000405 ], [ 76.630596031180787, 18.646203243243242 ], [ 76.671050438485253, 18.63248860455192 ], [ 76.673198460112047, 18.635427455700061 ], [ 76.681074539410261, 18.648815555374924 ], [ 76.664248370000436, 18.658285186852268 ], [ 76.682148550223644, 18.691918705547653 ], [ 76.733701069266516, 18.699755641942694 ], [ 76.721886950319188, 18.749716111461087 ], [ 76.724392975550444, 18.751022267526928 ], [ 76.73298506205758, 18.755920352773828 ], [ 76.742651159378127, 18.776165771794354 ], [ 76.778451519824557, 18.775512693761431 ], [ 76.779883534242416, 18.794451956716117 ], [ 76.828572024449556, 18.812085063604961 ], [ 76.851126251530815, 18.809146212456817 ], [ 76.869742438962959, 18.831024326559643 ], [ 76.877976521865634, 18.832330482625483 ], [ 76.894086684066536, 18.834289716724243 ], [ 76.910912853476361, 18.836575489839465 ], [ 76.990031650062974, 18.828412014427961 ] ] ] } },
{ "type": "Feature", "properties": { "dt_code": "525", "district": "Osmanabad", "st_nm": "Maharashtra", "st_code": "27", "year": "2011_c" }, "geometry": { "type": "Polygon", "coordinates": [ [ [ 75.312426759543143, 18.520159182889657 ], [ 75.328178918139571, 18.523424573054257 ], [ 75.329610932557429, 18.523424573054257 ], [ 75.329610932557429, 18.52375111207072 ], [ 75.342141058713679, 18.560650020930705 ], [ 75.414815790419937, 18.530934970432838 ], [ 75.462072266209233, 18.605712405202194 ], [ 75.487848525730669, 18.626284363239179 ], [ 75.499304641073522, 18.620733199959361 ], [ 75.520068850132446, 18.638366306848202 ], [ 75.540475055586924, 18.642611314062183 ], [ 75.545845109653882, 18.643590931111564 ], [ 75.543339084422627, 18.680816378988013 ], [ 75.582003473704788, 18.684408308169072 ], [ 75.582361477309249, 18.687673698333672 ], [ 75.584151495331568, 18.697143329811016 ], [ 75.587731531376207, 18.695837173745176 ], [ 75.599187646719074, 18.689959471448894 ], [ 75.60813773683067, 18.680816378988013 ], [ 75.633913996352106, 18.655999413737046 ], [ 75.641074068441398, 18.649142094391387 ], [ 75.648592144135151, 18.649795172424305 ], [ 75.667208331567295, 18.650774789473687 ], [ 75.668282342380678, 18.691592166531194 ], [ 75.727352937117303, 18.674612137675268 ], [ 75.753487200243185, 18.679836761938631 ], [ 75.760647272332477, 18.677877527839872 ], [ 75.787855546271771, 18.655672874720587 ], [ 75.802891697659263, 18.673305981609431 ], [ 75.848716159030701, 18.654693257671205 ], [ 75.857308245537851, 18.659591342918105 ], [ 75.855518227515518, 18.648815555374924 ], [ 75.939291070960181, 18.641305157996342 ], [ 75.948957168280714, 18.605059327169275 ], [ 75.948957168280714, 18.604732788152816 ], [ 75.95361121513875, 18.606038944218657 ], [ 75.992633608025358, 18.615182036679538 ], [ 75.994065622443216, 18.613222802580779 ], [ 75.982251503495903, 18.591671227494412 ], [ 75.992275604420897, 18.583507752082909 ], [ 75.992991611629819, 18.583507752082909 ], [ 76.008385766621785, 18.585466986181672 ], [ 76.01268180987536, 18.607345100284498 ], [ 76.032730011725363, 18.600161241922375 ], [ 76.056716253224479, 18.572078886506809 ], [ 76.101108700178045, 18.58775275929689 ], [ 76.105762747036081, 18.58775275929689 ], [ 76.14764916875842, 18.58285467404999 ], [ 76.151945212011981, 18.58122197896769 ], [ 76.159463287705734, 18.558364247815486 ], [ 76.16017929491467, 18.555751935683805 ], [ 76.16017929491467, 18.555425396667346 ], [ 76.169845392235203, 18.560976559947164 ], [ 76.169487388630742, 18.58481390814875 ], [ 76.170203395839664, 18.58481390814875 ], [ 76.254334242888788, 18.575344276671409 ], [ 76.254692246493249, 18.563588872078846 ], [ 76.273666437529855, 18.558037708799027 ], [ 76.274024441134316, 18.558690786831946 ], [ 76.275814459156635, 18.558037708799027 ], [ 76.270086401485216, 18.524404190103638 ], [ 76.253618235679852, 18.520485721906116 ], [ 76.260062300560207, 18.493382983539931 ], [ 76.253260232075391, 18.482607195996749 ], [ 76.269728397880755, 18.468239479272505 ], [ 76.261136311373605, 18.466280245173746 ], [ 76.268296383462896, 18.420891321885797 ], [ 76.226051958136097, 18.433626343527738 ], [ 76.202065716636994, 18.393788583519612 ], [ 76.257556275328966, 18.363746994005282 ], [ 76.289418596126282, 18.387910881223331 ], [ 76.284764549268246, 18.34023618482016 ], [ 76.317342877274498, 18.330113475309897 ], [ 76.314478848438796, 18.281459161857349 ], [ 76.283332534850388, 18.250111416277178 ], [ 76.285838560081643, 18.232151770371878 ], [ 76.301590718678071, 18.230192536273115 ], [ 76.280826509619146, 18.182191300853486 ], [ 76.279036491596827, 18.10904656116643 ], [ 76.327366978199507, 18.095985000508026 ], [ 76.332021025057543, 18.075739581487504 ], [ 76.379635504451301, 18.087821525096526 ], [ 76.396461673861126, 18.054841084434059 ], [ 76.425459965822725, 18.034269126397074 ], [ 76.494912665088805, 18.025452572952652 ], [ 76.498492701133458, 18.048636843121319 ], [ 76.512454841707566, 18.044391835907337 ], [ 76.509232809267388, 18.023493338853893 ], [ 76.524626964259355, 18.021534104755133 ], [ 76.532145039953093, 18.035901821479374 ], [ 76.552909249012032, 18.026432190002033 ], [ 76.566155382377204, 18.039493750660437 ], [ 76.598733710383456, 18.030677197216015 ], [ 76.610547829330784, 18.037861055578134 ], [ 76.60267175003257, 18.006186770981508 ], [ 76.678926517783466, 17.996064061471245 ], [ 76.688950618708475, 17.969614401137981 ], [ 76.672840456507572, 17.9670020890063 ], [ 76.673198460112047, 17.948715904084537 ], [ 76.681074539410261, 17.946756669985774 ], [ 76.67427247092543, 17.918347775553748 ], [ 76.729405026012941, 17.911490456208089 ], [ 76.735133083684374, 17.910837378175167 ], [ 76.735849090893296, 17.904306597845967 ], [ 76.738355116124552, 17.856631901442796 ], [ 76.767711411690627, 17.852060355212355 ], [ 76.790623642376346, 17.826263772912011 ], [ 76.761983354019193, 17.787079090936803 ], [ 76.714368874625436, 17.780874849624063 ], [ 76.728331015199544, 17.737771699451333 ], [ 76.699690726842405, 17.726995911908148 ], [ 76.690740636730794, 17.680953910587281 ], [ 76.664248370000436, 17.687484690916481 ], [ 76.655656283493286, 17.717852819447266 ], [ 76.633102056412042, 17.728302067973988 ], [ 76.632028045598645, 17.754425189290796 ], [ 76.613769861770962, 17.771078679130259 ], [ 76.60052372840579, 17.725689755842311 ], [ 76.582265544578107, 17.705770875838244 ], [ 76.570451425630779, 17.705444336821785 ], [ 76.564007360750423, 17.750833260109736 ], [ 76.572957450862035, 17.760302891587077 ], [ 76.523194949841496, 17.759649813554155 ], [ 76.523910957050418, 17.714913968299125 ], [ 76.487394589395052, 17.714587429282666 ], [ 76.489900614626308, 17.660381952550296 ], [ 76.45302624336648, 17.655810406319855 ], [ 76.441570128023628, 17.649606165007114 ], [ 76.444792160463805, 17.641116150579151 ], [ 76.380351511660223, 17.659402335500914 ], [ 76.379277500846825, 17.685198917801259 ], [ 76.364241349459334, 17.684872378784799 ], [ 76.357081277370042, 17.696301244360903 ], [ 76.321996924132534, 17.695321627311522 ], [ 76.315552859252179, 17.713934351249748 ], [ 76.295504657402176, 17.728302067973988 ], [ 76.294788650193254, 17.728302067973988 ], [ 76.270086401485216, 17.72764898994107 ], [ 76.251828217657533, 17.704791258788866 ], [ 76.222471922091458, 17.698587017476122 ], [ 76.221755914882536, 17.687484690916481 ], [ 76.188103576062886, 17.683239683702499 ], [ 76.165907352586089, 17.699240095509044 ], [ 76.144785139922703, 17.698913556492585 ], [ 76.14764916875842, 17.717199741414348 ], [ 76.165191345377167, 17.713607812233285 ], [ 76.175215446302161, 17.729608224039829 ], [ 76.147291165153945, 17.733526692237351 ], [ 76.144427136318228, 17.756057884373096 ], [ 76.134045031788773, 17.755731345356637 ], [ 76.128674977721801, 17.767160210932737 ], [ 76.102182710991443, 17.764547898801059 ], [ 76.087504563208412, 17.778262537492381 ], [ 76.05492623520216, 17.762915203718755 ], [ 76.027717961262866, 17.7658540548669 ], [ 76.003373716159288, 17.750506721093274 ], [ 76.019125874755716, 17.82822300701077 ], [ 75.980461485473569, 17.843896879800855 ], [ 75.977597456637852, 17.820386070615729 ], [ 75.966141341295, 17.818100297500507 ], [ 75.941439092586961, 17.852713433245277 ], [ 75.931772995266428, 17.851733816195896 ], [ 75.923538912363753, 17.83312109225767 ], [ 75.874850422156598, 17.845856113899615 ], [ 75.873776411343201, 17.859570752590937 ], [ 75.856592238328915, 17.869040384068278 ], [ 75.844778119381601, 17.891898115220485 ], [ 75.85050617705302, 17.923245860800652 ], [ 75.85050617705302, 17.923245860800652 ], [ 75.837976050896771, 17.931735875228611 ], [ 75.83976606891909, 17.980716727697622 ], [ 75.852654198679815, 18.005860231965048 ], [ 75.907786753767311, 18.003574458849826 ], [ 75.92174889434142, 17.9751655644178 ], [ 75.922106897945895, 17.974512486384882 ], [ 75.922464901550356, 17.974512486384882 ], [ 75.979745478264647, 17.972226713269663 ], [ 75.983325514309286, 17.993451749339567 ], [ 75.995855640465535, 17.995410983438326 ], [ 76.004447726972685, 18.030024119183093 ], [ 76.018767871151255, 18.042106062792115 ], [ 76.018767871151255, 18.042432601808578 ], [ 76.014113824293219, 18.052881850335297 ], [ 75.984399525122683, 18.053861467384678 ], [ 75.995855640465535, 18.067249567059541 ], [ 75.986547546749463, 18.088148064112985 ], [ 75.95575923676553, 18.085535751981304 ], [ 75.945377132236075, 18.106107710018289 ], [ 75.938217060146783, 18.125700051005893 ], [ 75.957549254787864, 18.160639725767123 ], [ 75.935353031311067, 18.193293627413127 ], [ 75.947525153862856, 18.230845614306038 ], [ 75.92855096282625, 18.259907586770982 ], [ 75.932847006079825, 18.285704169071327 ], [ 75.895614631215523, 18.357542752692542 ], [ 75.882368497850351, 18.365379689087586 ], [ 75.860172274373554, 18.358522369741923 ], [ 75.824371913927124, 18.378114710729527 ], [ 75.796089629174446, 18.379420866795368 ], [ 75.77031336965301, 18.408156300243853 ], [ 75.762437290354796, 18.43950404582402 ], [ 75.723414897468189, 18.433299804511279 ], [ 75.705514717244967, 18.39476820056899 ], [ 75.723414897468189, 18.385625108108108 ], [ 75.728426947930686, 18.362114298922982 ], [ 75.717328836192294, 18.335991177606179 ], [ 75.681528475745864, 18.323909233997156 ], [ 75.647518133321753, 18.329460397276979 ], [ 75.647160129717292, 18.329133858260516 ], [ 75.614223798106565, 18.270030296281245 ], [ 75.629617953098531, 18.265132211034341 ], [ 75.627469931471751, 18.243254096931519 ], [ 75.587373527771746, 18.253376806441782 ], [ 75.568757340339602, 18.236396777585856 ], [ 75.560523257436927, 18.202763258890471 ], [ 75.548351134885138, 18.20472249298923 ], [ 75.554795199765493, 18.190354776264989 ], [ 75.544413095236024, 18.177946293639504 ], [ 75.543339084422627, 18.162925498882341 ], [ 75.53259897628871, 18.137781994614915 ], [ 75.530092951057455, 18.134843143466775 ], [ 75.50467469514048, 18.154108945437919 ], [ 75.502884677118161, 18.156068179536682 ], [ 75.502168669909238, 18.155741640520219 ], [ 75.487132518521733, 18.151170094289778 ], [ 75.485342500499414, 18.174027825441986 ], [ 75.463146277022631, 18.171088974293845 ], [ 75.462430269813694, 18.1583539526519 ], [ 75.428777930994045, 18.175333981507826 ], [ 75.437728021105656, 18.20472249298923 ], [ 75.419111833673512, 18.23966216775046 ], [ 75.429851941807442, 18.260887203820364 ], [ 75.39548359577887, 18.263172976935582 ], [ 75.401211653450304, 18.296153417598049 ], [ 75.392261563338693, 18.308235361207071 ], [ 75.403001671472623, 18.328154241211138 ], [ 75.387965520085118, 18.326848085145297 ], [ 75.335338990228863, 18.38823742023979 ], [ 75.304908683849391, 18.389543576305631 ], [ 75.285934492812785, 18.404890910079253 ], [ 75.30276066222261, 18.435259038610038 ], [ 75.29595859373778, 18.493709522556394 ], [ 75.312426759543143, 18.520159182889657 ] ] ] } },
{ "type": "Feature", "properties": { "dt_code": "526", "district": "Solapur", "st_nm": "Maharashtra", "st_code": "27", "year": "2011_c" }, "geometry": { "type": "Polygon", "coordinates": [ [ [ 74.832343925956479, 18.334685021540338 ], [ 74.850960113388624, 18.329460397276979 ], [ 74.86420624675381, 18.335664638589719 ], [ 74.865996264776129, 18.351991589412723 ], [ 74.907882686498453, 18.356563135643164 ], [ 74.914684754983284, 18.378767788762449 ], [ 74.966595277630603, 18.38497203007519 ], [ 74.979483407391328, 18.399992824832353 ], [ 75.005617670517211, 18.403584754013412 ], [ 75.016715782255616, 18.436891733692342 ], [ 75.058960207582402, 18.418932087787034 ], [ 75.079724416641326, 18.423503634017479 ], [ 75.090822528379732, 18.43101403139606 ], [ 75.105858679767223, 18.490117593375331 ], [ 75.121610838363665, 18.491750288457631 ], [ 75.13378296091544, 18.526036885185938 ], [ 75.15705319520562, 18.519179565840275 ], [ 75.201087638554739, 18.531261509449301 ], [ 75.213617764710989, 18.553466162568583 ], [ 75.241184042254744, 18.539751523877261 ], [ 75.259442226082427, 18.508730317313557 ], [ 75.29595859373778, 18.52375111207072 ], [ 75.312426759543143, 18.520159182889657 ], [ 75.29595859373778, 18.493709522556394 ], [ 75.30276066222261, 18.435259038610038 ], [ 75.285934492812785, 18.404890910079253 ], [ 75.304908683849391, 18.389543576305631 ], [ 75.335338990228863, 18.38823742023979 ], [ 75.387965520085118, 18.326848085145297 ], [ 75.403001671472623, 18.328154241211138 ], [ 75.392261563338693, 18.308235361207071 ], [ 75.401211653450304, 18.296153417598049 ], [ 75.39548359577887, 18.263172976935582 ], [ 75.429851941807442, 18.260887203820364 ], [ 75.419111833673512, 18.23966216775046 ], [ 75.437728021105656, 18.20472249298923 ], [ 75.428777930994045, 18.175333981507826 ], [ 75.462430269813694, 18.1583539526519 ], [ 75.463146277022631, 18.171088974293845 ], [ 75.485342500499414, 18.174027825441986 ], [ 75.487132518521733, 18.151170094289778 ], [ 75.502168669909238, 18.155741640520219 ], [ 75.502884677118161, 18.156068179536682 ], [ 75.50467469514048, 18.154108945437919 ], [ 75.530092951057455, 18.134843143466775 ], [ 75.53259897628871, 18.137781994614915 ], [ 75.543339084422627, 18.162925498882341 ], [ 75.544413095236024, 18.177946293639504 ], [ 75.554795199765493, 18.190354776264989 ], [ 75.548351134885138, 18.20472249298923 ], [ 75.560523257436927, 18.202763258890471 ], [ 75.568757340339602, 18.236396777585856 ], [ 75.587373527771746, 18.253376806441782 ], [ 75.627469931471751, 18.243254096931519 ], [ 75.629617953098531, 18.265132211034341 ], [ 75.614223798106565, 18.270030296281245 ], [ 75.647160129717292, 18.329133858260516 ], [ 75.647518133321753, 18.329460397276979 ], [ 75.681528475745864, 18.323909233997156 ], [ 75.717328836192294, 18.335991177606179 ], [ 75.728426947930686, 18.362114298922982 ], [ 75.723414897468189, 18.385625108108108 ], [ 75.705514717244967, 18.39476820056899 ], [ 75.723414897468189, 18.433299804511279 ], [ 75.762437290354796, 18.43950404582402 ], [ 75.77031336965301, 18.408156300243853 ], [ 75.796089629174446, 18.379420866795368 ], [ 75.824371913927124, 18.378114710729527 ], [ 75.860172274373554, 18.358522369741923 ], [ 75.882368497850351, 18.365379689087586 ], [ 75.895614631215523, 18.357542752692542 ], [ 75.932847006079825, 18.285704169071327 ], [ 75.92855096282625, 18.259907586770982 ], [ 75.947525153862856, 18.230845614306038 ], [ 75.935353031311067, 18.193293627413127 ], [ 75.957549254787864, 18.160639725767123 ], [ 75.938217060146783, 18.125700051005893 ], [ 75.945377132236075, 18.106107710018289 ], [ 75.95575923676553, 18.085535751981304 ], [ 75.986547546749463, 18.088148064112985 ], [ 75.995855640465535, 18.067249567059541 ], [ 75.984399525122683, 18.053861467384678 ], [ 76.014113824293219, 18.052881850335297 ], [ 76.018767871151255, 18.042432601808578 ], [ 76.018767871151255, 18.042106062792115 ], [ 76.004447726972685, 18.030024119183093 ], [ 75.995855640465535, 17.995410983438326 ], [ 75.983325514309286, 17.993451749339567 ], [ 75.979745478264647, 17.972226713269663 ], [ 75.922464901550356, 17.974512486384882 ], [ 75.922106897945895, 17.974512486384882 ], [ 75.92174889434142, 17.9751655644178 ], [ 75.907786753767311, 18.003574458849826 ], [ 75.852654198679815, 18.005860231965048 ], [ 75.83976606891909, 17.980716727697622 ], [ 75.837976050896771, 17.931735875228611 ], [ 75.85050617705302, 17.923245860800652 ], [ 75.85050617705302, 17.923245860800652 ], [ 75.844778119381601, 17.891898115220485 ], [ 75.856592238328915, 17.869040384068278 ], [ 75.873776411343201, 17.859570752590937 ], [ 75.874850422156598, 17.845856113899615 ], [ 75.923538912363753, 17.83312109225767 ], [ 75.931772995266428, 17.851733816195896 ], [ 75.941439092586961, 17.852713433245277 ], [ 75.966141341295, 17.818100297500507 ], [ 75.977597456637852, 17.820386070615729 ], [ 75.980461485473569, 17.843896879800855 ], [ 76.019125874755716, 17.82822300701077 ], [ 76.003373716159288, 17.750506721093274 ], [ 76.027717961262866, 17.7658540548669 ], [ 76.05492623520216, 17.762915203718755 ], [ 76.087504563208412, 17.778262537492381 ], [ 76.102182710991443, 17.764547898801059 ], [ 76.128674977721801, 17.767160210932737 ], [ 76.134045031788773, 17.755731345356637 ], [ 76.144427136318228, 17.756057884373096 ], [ 76.147291165153945, 17.733526692237351 ], [ 76.175215446302161, 17.729608224039829 ], [ 76.165191345377167, 17.713607812233285 ], [ 76.14764916875842, 17.717199741414348 ], [ 76.144785139922703, 17.698913556492585 ], [ 76.165907352586089, 17.699240095509044 ], [ 76.188103576062886, 17.683239683702499 ], [ 76.221755914882536, 17.687484690916481 ], [ 76.222471922091458, 17.698587017476122 ], [ 76.251828217657533, 17.704791258788866 ], [ 76.270086401485216, 17.72764898994107 ], [ 76.294788650193254, 17.728302067973988 ], [ 76.295504657402176, 17.728302067973988 ], [ 76.315552859252179, 17.713934351249748 ], [ 76.321996924132534, 17.695321627311522 ], [ 76.357081277370042, 17.696301244360903 ], [ 76.364241349459334, 17.684872378784799 ], [ 76.379277500846825, 17.685198917801259 ], [ 76.380351511660223, 17.659402335500914 ], [ 76.428681998262903, 17.643728462710833 ], [ 76.419731908151306, 17.603890702702703 ], [ 76.330947014244146, 17.596053766307662 ], [ 76.340613111564679, 17.54250136760821 ], [ 76.362809335041476, 17.53760328236131 ], [ 76.367463381899512, 17.519970175472466 ], [ 76.346699172840573, 17.512786317110344 ], [ 76.345983165631651, 17.492540898089821 ], [ 76.375339461197726, 17.490255124974599 ], [ 76.330589010639684, 17.470336244970536 ], [ 76.333453039475401, 17.434090414143469 ], [ 76.371401421548612, 17.436376187258688 ], [ 76.363525342250398, 17.377599164295876 ], [ 76.408991800017375, 17.371394922983136 ], [ 76.412213832457553, 17.35114950396261 ], [ 76.396461673861126, 17.347231035765088 ], [ 76.383215540495939, 17.314577134119084 ], [ 76.354217248534326, 17.314250595102621 ], [ 76.345267158422715, 17.35441489412721 ], [ 76.314478848438796, 17.348210652814469 ], [ 76.317700880878974, 17.332210241007925 ], [ 76.276530466365571, 17.334496014123147 ], [ 76.272234423111996, 17.360619135439951 ], [ 76.250754206844135, 17.360292596423491 ], [ 76.242162120336999, 17.378578781345254 ], [ 76.228557983367352, 17.375639930197114 ], [ 76.22963199418075, 17.365190681670391 ], [ 76.170203395839664, 17.35278219904491 ], [ 76.183091525600389, 17.319475219365984 ], [ 76.176289457115558, 17.300862495427758 ], [ 76.165191345377167, 17.303474807559439 ], [ 76.162685320145911, 17.345271801666328 ], [ 76.119008880401267, 17.370741844950214 ], [ 76.099676685760187, 17.364864142653932 ], [ 76.078912476701262, 17.331557162975006 ], [ 76.060654292873579, 17.355394511176591 ], [ 76.01447182789768, 17.353435277077832 ], [ 75.998361665696791, 17.338087943304206 ], [ 75.930698984453031, 17.322740609530584 ], [ 75.890602580753026, 17.356374128225973 ], [ 75.894182616797679, 17.401109973480999 ], [ 75.884516519477131, 17.417763463320465 ], [ 75.86088828158249, 17.385762639707377 ], [ 75.851222184261957, 17.410579604958343 ], [ 75.821507885091421, 17.421028853485065 ], [ 75.813631805793193, 17.372701079048973 ], [ 75.793225600338729, 17.369435688884373 ], [ 75.772103387675344, 17.385762639707377 ], [ 75.766017326399449, 17.40535498069498 ], [ 75.733797001997658, 17.420049236435684 ], [ 75.712316785729797, 17.407967292826662 ], [ 75.690836569461936, 17.409599987908962 ], [ 75.676158421678892, 17.455968528246292 ], [ 75.633197989143184, 17.477193564316195 ], [ 75.606705722412812, 17.420375775452143 ], [ 75.613507790897643, 17.391966881020117 ], [ 75.57412739440656, 17.383476866592158 ], [ 75.580571459286929, 17.35114950396261 ], [ 75.610285758457465, 17.344945262649869 ], [ 75.604557700786032, 17.305107502641739 ], [ 75.544055091631563, 17.278004764275554 ], [ 75.516846817692269, 17.240126238366187 ], [ 75.471738363529767, 17.243065089514328 ], [ 75.421259855300292, 17.265596281650073 ], [ 75.401927660659226, 17.211064265901239 ], [ 75.40586570030834, 17.185267683600895 ], [ 75.369707336257434, 17.190492307864258 ], [ 75.365769296608335, 17.236207770168665 ], [ 75.334264979415465, 17.239146621316806 ], [ 75.32996893616189, 17.218901202296284 ], [ 75.287008503626183, 17.21563581213168 ], [ 75.283786471186005, 17.192778080979476 ], [ 75.304192676640469, 17.170246888843732 ], [ 75.29595859373778, 17.146083001625687 ], [ 75.270182334216358, 17.147715696707987 ], [ 75.269108323402961, 17.184288066551513 ], [ 75.2225678548226, 17.183308449502135 ], [ 75.21397576831545, 17.199635400325139 ], [ 75.238678017023489, 17.21563581213168 ], [ 75.2476281071351, 17.25677972820565 ], [ 75.226147890867239, 17.25351433804105 ], [ 75.203951667390456, 17.270820905913432 ], [ 75.193211559256525, 17.268208593781754 ], [ 75.179249418682417, 17.235554692135747 ], [ 75.115166773483296, 17.240126238366187 ], [ 75.093328553610974, 17.250902025909369 ], [ 75.079724416641326, 17.246983557711847 ], [ 75.077934398619007, 17.221840053444424 ], [ 75.014567760628822, 17.225758521641943 ], [ 75.009197706561864, 17.208778492786021 ], [ 74.977693389368994, 17.192451541963017 ], [ 74.950485115429714, 17.202247712456817 ], [ 74.939029000086848, 17.192778080979476 ], [ 74.950485115429714, 17.192125002946558 ], [ 74.94833709380292, 17.174818435074172 ], [ 74.933300942415428, 17.168614193761432 ], [ 74.920770816259179, 17.166328420646209 ], [ 74.899648603595779, 17.184614605567976 ], [ 74.886044466626132, 17.180043059337535 ], [ 74.894636553133282, 17.194737315078235 ], [ 74.871366318843101, 17.189839229831335 ], [ 74.862774232335951, 17.196370010160535 ], [ 74.869218297216307, 17.210084648851861 ], [ 74.848454088157382, 17.203880407539117 ], [ 74.88532845941721, 17.220860436395043 ], [ 74.908240690102915, 17.274086296078032 ], [ 74.936164971251145, 17.275065913127413 ], [ 74.936522974855606, 17.284862083621217 ], [ 74.95907720193685, 17.293352098049176 ], [ 74.970175313675256, 17.344292184616947 ], [ 75.007765692144005, 17.368129532818532 ], [ 74.993445547965436, 17.39229342003658 ], [ 74.997741591218997, 17.406008058727902 ], [ 75.005975674121686, 17.413518456106484 ], [ 75.022801843531511, 17.407640753810202 ], [ 75.034615962478824, 17.419069619386306 ], [ 75.038554002127938, 17.476540486283277 ], [ 75.032825944456505, 17.490908203007521 ], [ 75.02852990120293, 17.494173593172121 ], [ 75.027097886785072, 17.495153210221499 ], [ 74.975545367742214, 17.466744315789473 ], [ 74.973755349719895, 17.465764698740095 ], [ 74.971249324488639, 17.469030088904695 ], [ 74.967311284839539, 17.473601635135136 ], [ 74.936880978460067, 17.509847465962203 ], [ 74.985211465062747, 17.544787140723432 ], [ 74.961225223563645, 17.564706020727495 ], [ 74.960509216354708, 17.591808759093681 ], [ 74.915400762192206, 17.580053354501118 ], [ 74.92327684149042, 17.618911497459866 ], [ 74.909314700916312, 17.619564575492788 ], [ 74.906450672080595, 17.626748433854907 ], [ 74.884612452208273, 17.682260066653122 ], [ 74.883896444999351, 17.682586605669581 ], [ 74.86420624675381, 17.694015471245681 ], [ 74.864564250358271, 17.694342010262144 ], [ 74.864564250358271, 17.695321627311522 ], [ 74.869218297216307, 17.726342833875229 ], [ 74.837355976418991, 17.726669372891688 ], [ 74.779001388891302, 17.7756502253607 ], [ 74.7628912266904, 17.757690579455396 ], [ 74.76110120866808, 17.768466366998577 ], [ 74.756447161810044, 17.758670196504777 ], [ 74.755015147392186, 17.769445984047959 ], [ 74.739262988795758, 17.767813288965659 ], [ 74.750719104138625, 17.7723848351961 ], [ 74.745349050071653, 17.7838137007722 ], [ 74.755731154601122, 17.77369099126194 ], [ 74.752867125765405, 17.787732168969722 ], [ 74.73568295275112, 17.791324098150781 ], [ 74.745707053676114, 17.801120268644585 ], [ 74.714202736483259, 17.786099473887422 ], [ 74.712412718460939, 17.795569105364763 ], [ 74.697734570677895, 17.789038325035563 ], [ 74.705968653580584, 17.795569105364763 ], [ 74.692364516610937, 17.797528339463526 ], [ 74.70203061393147, 17.798507956512903 ], [ 74.702388617535931, 17.808957205039626 ], [ 74.688784480566284, 17.804059119792726 ], [ 74.683056422894865, 17.812222595204226 ], [ 74.68950048777522, 17.82985570209307 ], [ 74.67697036161897, 17.835080326356433 ], [ 74.67876037964129, 17.850101121113596 ], [ 74.665514246276103, 17.863489220788459 ], [ 74.653342123724315, 17.862836142755537 ], [ 74.644392033612718, 17.847815347998374 ], [ 74.652268112910932, 17.844223418817315 ], [ 74.64331802279932, 17.839651872586874 ], [ 74.648330073261818, 17.838672255537492 ], [ 74.640453993963604, 17.832468014224752 ], [ 74.640095990359143, 17.832141475208292 ], [ 74.636515954314504, 17.829529163076611 ], [ 74.626849856993957, 17.840304950619792 ], [ 74.626491853389496, 17.840631489636252 ], [ 74.626491853389496, 17.839978411603333 ], [ 74.627207860598432, 17.832794553241211 ], [ 74.627207860598432, 17.830182241109533 ], [ 74.620405792113601, 17.83148839717537 ], [ 74.618257770486821, 17.831814936191833 ], [ 74.613603723628785, 17.832794553241211 ], [ 74.621121799322538, 17.845203035866696 ], [ 74.607159658748429, 17.844549957833774 ], [ 74.608591673166288, 17.857938057508637 ], [ 74.610739694793068, 17.859244213574478 ], [ 74.636157950710029, 17.8729588522658 ], [ 74.635083939896646, 17.901694285714285 ], [ 74.652626116515393, 17.92063354866897 ], [ 74.659070181395748, 17.944797435887015 ], [ 74.666588257089501, 17.972226713269663 ], [ 74.66444023546272, 17.989206742125585 ], [ 74.663008221044862, 18.004227536882748 ], [ 74.663008221044862, 18.004880614915667 ], [ 74.670884300343076, 18.00847254409673 ], [ 74.710980704043081, 18.028717963117252 ], [ 74.708832682416286, 18.029697580166633 ], [ 74.717424768923436, 18.029044502133715 ], [ 74.728880884266289, 18.027738346067874 ], [ 74.749287089720767, 18.017615636557611 ], [ 74.766471262735053, 18.024146416886811 ], [ 74.801913619577022, 17.997370217537085 ], [ 74.802629626785944, 17.996717139504167 ], [ 74.81802378177791, 18.01500332442593 ], [ 74.831269915143096, 17.993451749339567 ], [ 74.860984214313632, 17.993451749339567 ], [ 74.845948062926126, 17.946756669985774 ], [ 74.86420624675381, 17.952634372282056 ], [ 74.894278549528806, 17.936960499491974 ], [ 74.912178729752029, 17.945123974903474 ], [ 74.936880978460067, 17.940878967689496 ], [ 74.942251032527025, 17.924552016866492 ], [ 75.017789793068999, 17.908878144076407 ], [ 75.023875854344894, 17.895163505385085 ], [ 75.052874146306507, 17.904959675878889 ], [ 75.050010117470791, 17.926837789981711 ], [ 75.072206340947588, 17.91736815850437 ], [ 75.073280351760971, 17.918021236537289 ], [ 75.087600495939554, 17.926511250965252 ], [ 75.080798427454724, 17.940878967689496 ], [ 75.097266593260088, 17.946103591952856 ], [ 75.110870730229735, 17.938593194574274 ], [ 75.111944741043118, 17.938266655557815 ], [ 75.118388805923473, 17.945123974903474 ], [ 75.127338896035084, 17.954267067364356 ], [ 75.12984492126634, 17.956879379496037 ], [ 75.117672798714551, 17.969940940154441 ], [ 75.131276935684198, 17.971247096220281 ], [ 75.135214975333298, 17.971247096220281 ], [ 75.135214975333298, 17.971573635236741 ], [ 75.134498968124376, 17.972879791302582 ], [ 75.119462816736871, 17.999982529668767 ], [ 75.115882780692232, 17.999655990652307 ], [ 75.114450766274373, 17.999655990652307 ], [ 75.10872270860294, 17.999329451635848 ], [ 75.100130622095804, 17.975492103434263 ], [ 75.07077432652973, 17.980063649664704 ], [ 75.053590153515444, 17.951981294249137 ], [ 75.038912005732399, 17.950022060150378 ], [ 75.019937814695794, 17.966675549989841 ], [ 75.04965211386633, 18.021860643771593 ], [ 75.080082420245802, 18.038840672627515 ], [ 75.09404456081991, 18.068555723125382 ], [ 75.131276935684198, 18.076392659520423 ], [ 75.135214975333298, 18.092719610343426 ], [ 75.164571270899373, 18.11231195133103 ], [ 75.149535119511881, 18.123087738874212 ], [ 75.09225454279759, 18.121781582808374 ], [ 75.090464524775257, 18.145945470026419 ], [ 75.111586737438657, 18.197865173643571 ], [ 75.10657468697616, 18.219090209713475 ], [ 75.080082420245802, 18.218110592664093 ], [ 75.059676214791324, 18.200150946758789 ], [ 75.022085836322574, 18.188722081182686 ], [ 75.008481699352927, 18.209294039219671 ], [ 75.043566052590435, 18.252070650375941 ], [ 75.041776034568116, 18.262193359886204 ], [ 74.990581519129719, 18.238682550701078 ], [ 74.948695097407395, 18.265132211034341 ], [ 74.842368026881488, 18.244886792013819 ], [ 74.837355976418991, 18.24782564316196 ], [ 74.808715688061838, 18.275907998577527 ], [ 74.796543565510049, 18.29386764448283 ], [ 74.800839608763624, 18.29876572972973 ], [ 74.805135652017199, 18.301378041861412 ], [ 74.831627918747557, 18.291908410384067 ], [ 74.832343925956479, 18.29256148841699 ], [ 74.832343925956479, 18.29256148841699 ], [ 74.832701929560955, 18.292888027433449 ], [ 74.844158044903807, 18.304969971042471 ], [ 74.846664070135063, 18.307908822190612 ], [ 74.832343925956479, 18.334685021540338 ] ] ] } },
{ "type": "Feature", "properties": { "dt_code": "527", "district": "Satara", "st_nm": "Maharashtra", "st_code": "27", "year": "2011_c" }, "geometry": { "type": "Polygon", "coordinates": [ [ [ 73.65701809250011, 18.029697580166633 ], [ 73.657734099709032, 18.029044502133715 ], [ 73.664536168193862, 18.024472955903271 ], [ 73.665610179007246, 18.025126033936193 ], [ 73.703916564684931, 18.046024530989637 ], [ 73.757975108959045, 18.037534516561674 ], [ 73.765851188257258, 18.022840260820971 ], [ 73.792343454987616, 18.020227948689293 ], [ 73.81274966044208, 18.037861055578134 ], [ 73.827069804620663, 18.029697580166633 ], [ 73.845327988448346, 18.040146828693356 ], [ 73.85714210739566, 18.031003736232474 ], [ 73.879338330872457, 18.086515369030685 ], [ 73.860722143440313, 18.119822348709612 ], [ 73.886856406566196, 18.11557734149563 ], [ 73.901176550744779, 18.127985824121115 ], [ 73.876116298432279, 18.168150123145704 ], [ 73.892584464237629, 18.180885144787645 ], [ 73.894016478655487, 18.181538222820567 ], [ 73.894374482259948, 18.181538222820567 ], [ 73.904398583184957, 18.1599866477342 ], [ 73.904756586789418, 18.159007030684819 ], [ 73.943778979676026, 18.180232066754726 ], [ 73.986023405002825, 18.15214971133916 ], [ 74.00463959243497, 18.159007030684819 ], [ 74.028267830329611, 18.132230831335097 ], [ 74.054044089851047, 18.140067767730137 ], [ 74.077672327745688, 18.121455043791912 ], [ 74.118842742259091, 18.132883909368015 ], [ 74.13710092608676, 18.116883497561471 ], [ 74.14784103422069, 18.121128504775452 ], [ 74.165025207234976, 18.106760788051211 ], [ 74.186505423502837, 18.111985412314571 ], [ 74.209059650584095, 18.097291156573867 ], [ 74.233403895687673, 18.101209624771389 ], [ 74.300350569722497, 18.067249567059541 ], [ 74.354051110392149, 18.096964617557408 ], [ 74.380901380726968, 18.070188418207682 ], [ 74.437107946627876, 18.063984176894941 ], [ 74.460020177313581, 18.045697991973178 ], [ 74.558829172145735, 18.069535340174763 ], [ 74.581741402831454, 18.046024530989637 ], [ 74.582099406435916, 18.046677609022556 ], [ 74.590333489338605, 18.055820701483441 ], [ 74.609665683979671, 18.046024530989637 ], [ 74.628997878620751, 18.056800318532819 ], [ 74.640095990359143, 18.043738757874415 ], [ 74.640811997568065, 18.044718374923796 ], [ 74.654058130933251, 18.067249567059541 ], [ 74.656922159768968, 18.067902645092463 ], [ 74.659786188604684, 18.068555723125382 ], [ 74.671242303947537, 18.0643107159114 ], [ 74.687710469752901, 18.048963382137778 ], [ 74.708116675207364, 18.030024119183093 ], [ 74.708474678811825, 18.029697580166633 ], [ 74.708832682416286, 18.029697580166633 ], [ 74.710980704043081, 18.028717963117252 ], [ 74.670884300343076, 18.00847254409673 ], [ 74.663008221044862, 18.004880614915667 ], [ 74.663008221044862, 18.004227536882748 ], [ 74.66444023546272, 17.989206742125585 ], [ 74.666588257089501, 17.972226713269663 ], [ 74.659070181395748, 17.944797435887015 ], [ 74.652626116515393, 17.92063354866897 ], [ 74.635083939896646, 17.901694285714285 ], [ 74.636157950710029, 17.8729588522658 ], [ 74.610739694793068, 17.859244213574478 ], [ 74.608591673166288, 17.857938057508637 ], [ 74.607159658748429, 17.844549957833774 ], [ 74.621121799322538, 17.845203035866696 ], [ 74.613603723628785, 17.832794553241211 ], [ 74.618257770486821, 17.831814936191833 ], [ 74.620405792113601, 17.83148839717537 ], [ 74.627207860598432, 17.830182241109533 ], [ 74.627207860598432, 17.832794553241211 ], [ 74.626491853389496, 17.839978411603333 ], [ 74.626491853389496, 17.840631489636252 ], [ 74.626849856993957, 17.840304950619792 ], [ 74.636515954314504, 17.829529163076611 ], [ 74.640095990359143, 17.832141475208292 ], [ 74.640453993963604, 17.832468014224752 ], [ 74.648330073261818, 17.838672255537492 ], [ 74.64331802279932, 17.839651872586874 ], [ 74.652268112910932, 17.844223418817315 ], [ 74.644392033612718, 17.847815347998374 ], [ 74.653342123724315, 17.862836142755537 ], [ 74.665514246276103, 17.863489220788459 ], [ 74.67876037964129, 17.850101121113596 ], [ 74.67697036161897, 17.835080326356433 ], [ 74.68950048777522, 17.82985570209307 ], [ 74.683056422894865, 17.812222595204226 ], [ 74.688784480566284, 17.804059119792726 ], [ 74.702388617535931, 17.808957205039626 ], [ 74.70203061393147, 17.798507956512903 ], [ 74.692364516610937, 17.797528339463526 ], [ 74.705968653580584, 17.795569105364763 ], [ 74.697734570677895, 17.789038325035563 ], [ 74.712412718460939, 17.795569105364763 ], [ 74.714202736483259, 17.786099473887422 ], [ 74.745707053676114, 17.801120268644585 ], [ 74.73568295275112, 17.791324098150781 ], [ 74.752867125765405, 17.787732168969722 ], [ 74.755731154601122, 17.77369099126194 ], [ 74.745349050071653, 17.7838137007722 ], [ 74.750719104138625, 17.7723848351961 ], [ 74.739262988795758, 17.767813288965659 ], [ 74.755015147392186, 17.769445984047959 ], [ 74.756447161810044, 17.758670196504777 ], [ 74.76110120866808, 17.768466366998577 ], [ 74.7628912266904, 17.757690579455396 ], [ 74.779001388891302, 17.7756502253607 ], [ 74.837355976418991, 17.726669372891688 ], [ 74.869218297216307, 17.726342833875229 ], [ 74.864564250358271, 17.695321627311522 ], [ 74.864564250358271, 17.694342010262144 ], [ 74.86420624675381, 17.694015471245681 ], [ 74.883896444999351, 17.682586605669581 ], [ 74.884612452208273, 17.682260066653122 ], [ 74.906450672080595, 17.626748433854907 ], [ 74.879958405350237, 17.604543780735625 ], [ 74.875662362096662, 17.569604105974395 ], [ 74.857046174664518, 17.559807935480595 ], [ 74.859910203500235, 17.511153622028043 ], [ 74.807999680852916, 17.454988911196914 ], [ 74.806209662830582, 17.45335621611461 ], [ 74.792605525860949, 17.459233918410892 ], [ 74.685204444521645, 17.487316273826458 ], [ 74.694512538237717, 17.478826259398495 ], [ 74.695944552655575, 17.441274272505588 ], [ 74.681266404872545, 17.422008470534443 ], [ 74.685920451730581, 17.395232271184717 ], [ 74.670884300343076, 17.388374951839058 ], [ 74.659786188604684, 17.398171122332862 ], [ 74.625059838971637, 17.40078343446454 ], [ 74.623985828158254, 17.415804229221703 ], [ 74.595703543405563, 17.44845813086771 ], [ 74.583531420853774, 17.413518456106484 ], [ 74.527682858557341, 17.419396158402765 ], [ 74.497610555782344, 17.383150327575695 ], [ 74.46825426021627, 17.393599576102417 ], [ 74.431379888956442, 17.390660724954277 ], [ 74.395221524905537, 17.408293831843121 ], [ 74.343669005862679, 17.409926526925421 ], [ 74.346891038302857, 17.421028853485065 ], [ 74.283882403917133, 17.420049236435684 ], [ 74.254884111955533, 17.361598752489332 ], [ 74.260970173231428, 17.353435277077832 ], [ 74.288894454379644, 17.356374128225973 ], [ 74.288894454379644, 17.356374128225973 ], [ 74.279944364268033, 17.336455248221906 ], [ 74.292116486819822, 17.311964821987402 ], [ 74.262402187649286, 17.307066736740502 ], [ 74.255600119164455, 17.293025559032717 ], [ 74.26383420206713, 17.256453189189191 ], [ 74.288536450775169, 17.246330479678928 ], [ 74.28495641473053, 17.232289301971143 ], [ 74.265982223693925, 17.221840053444424 ], [ 74.285314418334991, 17.204860024588498 ], [ 74.283166396708211, 17.198002705242839 ], [ 74.277438339036777, 17.178410364255232 ], [ 74.266340227298386, 17.187226917699654 ], [ 74.248082043470703, 17.183308449502135 ], [ 74.254168104746597, 17.171226505893113 ], [ 74.232687888478736, 17.154246477037187 ], [ 74.247366036261781, 17.154899555070109 ], [ 74.246650029052844, 17.141184916378787 ], [ 74.177197329786765, 17.149348391790287 ], [ 74.156791124332301, 17.125184504572243 ], [ 74.131014864810865, 17.115388334078439 ], [ 74.131014864810865, 17.115388334078439 ], [ 74.110966662960863, 17.124857965555783 ], [ 74.094140493551052, 17.101673695387117 ], [ 74.093424486342116, 17.101020617354198 ], [ 74.051538064619791, 17.105265624568176 ], [ 74.030773855560867, 17.090571368827476 ], [ 73.983875383376031, 17.11800064621012 ], [ 73.979579340122456, 17.131715284901443 ], [ 73.940556947235848, 17.133674519000202 ], [ 73.899744536326921, 17.159797640317009 ], [ 73.883992377730493, 17.155226094086569 ], [ 73.86967223355191, 17.190818846880717 ], [ 73.849624031701907, 17.198329244259298 ], [ 73.834229876709941, 17.226085060658402 ], [ 73.765493184652797, 17.25024894787645 ], [ 73.745802986407256, 17.277351686242636 ], [ 73.719668723281359, 17.259718579353791 ], [ 73.693892463759937, 17.260698196403169 ], [ 73.693892463759937, 17.26167781345255 ], [ 73.678140305163495, 17.294658254115017 ], [ 73.677782301559034, 17.294984793131476 ], [ 73.683868362834929, 17.352129121011991 ], [ 73.676708290745637, 17.368129532818532 ], [ 73.641265933903682, 17.390987263970739 ], [ 73.666326186216182, 17.39229342003658 ], [ 73.689596420506362, 17.422661548567365 ], [ 73.703200557476009, 17.423967704633206 ], [ 73.706422589916187, 17.465438159723632 ], [ 73.693534460155462, 17.486989734809999 ], [ 73.70749660072957, 17.494173593172121 ], [ 73.701768543058151, 17.505602458748221 ], [ 73.721100737699217, 17.526500955801666 ], [ 73.740074928735822, 17.533358275147329 ], [ 73.745086979198334, 17.555889467283073 ], [ 73.715014676423323, 17.573849113188377 ], [ 73.726470791766189, 17.589522985978462 ], [ 73.712866654796542, 17.608135709916684 ], [ 73.720026726885834, 17.620544192542166 ], [ 73.690312427715284, 17.628054589920747 ], [ 73.699978525035831, 17.658422718451536 ], [ 73.680646330394751, 17.67801505943914 ], [ 73.686732391670645, 17.686831612883562 ], [ 73.650574027619754, 17.709036266002848 ], [ 73.634463865418851, 17.696627783377362 ], [ 73.614415663568849, 17.713607812233285 ], [ 73.590429422069747, 17.702832024690103 ], [ 73.56859120219741, 17.724057060760011 ], [ 73.592219440092066, 17.776629842410081 ], [ 73.581837335562597, 17.789038325035563 ], [ 73.603317551830457, 17.795242566348303 ], [ 73.584343360793852, 17.829202624060152 ], [ 73.595799476136705, 17.851080738162977 ], [ 73.57897330672688, 17.862183064722618 ], [ 73.577541292309022, 17.865121915870759 ], [ 73.575751274286702, 17.8680607670189 ], [ 73.572171238242063, 17.875244625381022 ], [ 73.562863144525991, 17.893857349319244 ], [ 73.534222856168839, 17.898102356533226 ], [ 73.563579151734913, 17.916715080471448 ], [ 73.57897330672688, 17.945777052936396 ], [ 73.597589494159024, 17.939246272607193 ], [ 73.638401905067965, 17.971573635236741 ], [ 73.628377804142957, 17.989533281142045 ], [ 73.655944081686712, 18.012391012294252 ], [ 73.648784009597421, 18.022840260820971 ], [ 73.65701809250011, 18.029697580166633 ] ] ] } },
{ "type": "Feature", "properties": { "dt_code": "528", "district": "Ratnagiri", "st_nm": "Maharashtra", "st_code": "27", "year": "2011_c" }, "geometry": { "type": "Polygon", "coordinates": [ [ [ 73.572171238242063, 17.875244625381022 ], [ 73.575751274286702, 17.8680607670189 ], [ 73.577541292309022, 17.865121915870759 ], [ 73.57897330672688, 17.862183064722618 ], [ 73.595799476136705, 17.851080738162977 ], [ 73.584343360793852, 17.829202624060152 ], [ 73.603317551830457, 17.795242566348303 ], [ 73.581837335562597, 17.789038325035563 ], [ 73.592219440092066, 17.776629842410081 ], [ 73.56859120219741, 17.724057060760011 ], [ 73.590429422069747, 17.702832024690103 ], [ 73.614415663568849, 17.713607812233285 ], [ 73.634463865418851, 17.696627783377362 ], [ 73.650574027619754, 17.709036266002848 ], [ 73.686732391670645, 17.686831612883562 ], [ 73.680646330394751, 17.67801505943914 ], [ 73.699978525035831, 17.658422718451536 ], [ 73.690312427715284, 17.628054589920747 ], [ 73.720026726885834, 17.620544192542166 ], [ 73.712866654796542, 17.608135709916684 ], [ 73.726470791766189, 17.589522985978462 ], [ 73.715014676423323, 17.573849113188377 ], [ 73.745086979198334, 17.555889467283073 ], [ 73.740074928735822, 17.533358275147329 ], [ 73.721100737699217, 17.526500955801666 ], [ 73.701768543058151, 17.505602458748221 ], [ 73.70749660072957, 17.494173593172121 ], [ 73.693534460155462, 17.486989734809999 ], [ 73.706422589916187, 17.465438159723632 ], [ 73.703200557476009, 17.423967704633206 ], [ 73.689596420506362, 17.422661548567365 ], [ 73.666326186216182, 17.39229342003658 ], [ 73.641265933903682, 17.390987263970739 ], [ 73.676708290745637, 17.368129532818532 ], [ 73.683868362834929, 17.352129121011991 ], [ 73.677782301559034, 17.294984793131476 ], [ 73.678140305163495, 17.294658254115017 ], [ 73.693892463759937, 17.26167781345255 ], [ 73.693892463759937, 17.260698196403169 ], [ 73.693534460155462, 17.261024735419632 ], [ 73.69281845294654, 17.230656606888843 ], [ 73.715014676423323, 17.207145797703721 ], [ 73.693534460155462, 17.179716520321072 ], [ 73.693176456551001, 17.179716520321072 ], [ 73.694608470968859, 17.179063442288154 ], [ 73.707138597125109, 17.17089996687665 ], [ 73.70749660072957, 17.17089996687665 ], [ 73.686016384461709, 17.158491484251169 ], [ 73.688164406088504, 17.141184916378787 ], [ 73.710360629565287, 17.142817611461087 ], [ 73.736852896295645, 17.120612958341802 ], [ 73.747593004429575, 17.127796816703924 ], [ 73.748309011638511, 17.128123355720383 ], [ 73.805589588352802, 17.084040588498272 ], [ 73.802725559517086, 17.061182857346068 ], [ 73.830291837060841, 17.058244006197928 ], [ 73.820983743344769, 17.037998587177405 ], [ 73.832439858687621, 17.024610487502542 ], [ 73.831723851478699, 16.997181210119894 ], [ 73.831365847874238, 16.990323890774235 ], [ 73.825279786598344, 16.990650429790694 ], [ 73.786257393711722, 16.992936202905913 ], [ 73.762629155817081, 16.959955762243446 ], [ 73.795923491032269, 16.928608016663279 ], [ 73.7894794261519, 16.909995292725057 ], [ 73.788047411734055, 16.906729902560457 ], [ 73.764777177443861, 16.910321831741516 ], [ 73.761197141399222, 16.901831817313553 ], [ 73.740074928735822, 16.912281065840276 ], [ 73.738284910713503, 16.906729902560457 ], [ 73.738642914317978, 16.902811434362935 ], [ 73.749383022451894, 16.901178739280635 ], [ 73.746518993616192, 16.884851788457631 ], [ 73.767999209884053, 16.867871759601709 ], [ 73.765493184652797, 16.851544808778705 ], [ 73.765135181048336, 16.848932496647024 ], [ 73.752247051287611, 16.835217857955701 ], [ 73.736852896295645, 16.844687489433042 ], [ 73.709644622356365, 16.82934015565942 ], [ 73.761197141399222, 16.801910878276775 ], [ 73.753679065705469, 16.785257388437309 ], [ 73.760839137794761, 16.770563132696608 ], [ 73.781245343249225, 16.778400069091649 ], [ 73.781603346853686, 16.778726608108109 ], [ 73.786615397316197, 16.770563132696608 ], [ 73.792343454987616, 16.762726196301564 ], [ 73.812391656837619, 16.768603898597846 ], [ 73.813107664046555, 16.768277359581386 ], [ 73.815255685673336, 16.766318125482627 ], [ 73.828859822642983, 16.753909642857142 ], [ 73.832797862292082, 16.742807316297501 ], [ 73.835661891127799, 16.73497037990246 ], [ 73.836377898336735, 16.733990762853079 ], [ 73.834229876709941, 16.73170498973786 ], [ 73.810601638815299, 16.707541102519812 ], [ 73.858574121813518, 16.681744520219468 ], [ 73.849982035306382, 16.673581044807968 ], [ 73.863228168671554, 16.669662576610445 ], [ 73.862870165067093, 16.669009498577527 ], [ 73.860722143440313, 16.664437952347086 ], [ 73.854636082164419, 16.651702930705142 ], [ 73.853562071351021, 16.651376391688682 ], [ 73.851772053328702, 16.648111001524082 ], [ 73.851414049724241, 16.649417157589923 ], [ 73.84640199926173, 16.650396774639301 ], [ 73.831007844269763, 16.648437540540542 ], [ 73.774801278368869, 16.664111413330623 ], [ 73.771937249533153, 16.664764491363545 ], [ 73.7644191738394, 16.643539455293642 ], [ 73.752605054892086, 16.64092714316196 ], [ 73.768715217092975, 16.624600192338956 ], [ 73.767283202675117, 16.602395539219671 ], [ 73.708928615147428, 16.602069000203212 ], [ 73.699978525035831, 16.624926731355416 ], [ 73.691386438528681, 16.624600192338956 ], [ 73.670264225865282, 16.583782815281449 ], [ 73.660598128544748, 16.589007439544808 ], [ 73.665252175402784, 16.580843964133308 ], [ 73.648068002388499, 16.574966261837027 ], [ 73.645561977157243, 16.564190474293845 ], [ 73.644845969948321, 16.561578162162164 ], [ 73.620501724844743, 16.582150120199149 ], [ 73.599737515785819, 16.544271594289778 ], [ 73.599021508576882, 16.54361851625686 ], [ 73.578615303122419, 16.544598133306238 ], [ 73.543530949884911, 16.515209621824834 ], [ 73.519902711990269, 16.524352714285715 ], [ 73.512742639900978, 16.513576926742534 ], [ 73.496632477700089, 16.519781168055275 ], [ 73.467992189342937, 16.49398458575493 ], [ 73.466202171320617, 16.494637663787849 ], [ 73.417155677509001, 16.514883082808375 ], [ 73.368825190906321, 16.513250387726071 ], [ 73.364529147652746, 16.513250387726071 ], [ 73.346270963825077, 16.529577338549075 ], [ 73.318346682676861, 16.593905524791708 ], [ 73.319778697094705, 16.607620163483034 ], [ 73.339468895340246, 16.604028234301971 ], [ 73.351999021496496, 16.615130560861616 ], [ 73.349492996265255, 16.623294036273116 ], [ 73.330160801624174, 16.620028646108516 ], [ 73.341616916967041, 16.638314831030279 ], [ 73.323358733139358, 16.636355596931519 ], [ 73.321568715117039, 16.643865994310101 ], [ 73.333024830459891, 16.650396774639301 ], [ 73.329444794415252, 16.685336449400531 ], [ 73.341258913362566, 16.680111825137168 ], [ 73.344838949407219, 16.690887612680349 ], [ 73.341258913362566, 16.69709185399309 ], [ 73.330160801624174, 16.686969144482831 ], [ 73.318346682676861, 16.696765314976631 ], [ 73.305458552916136, 16.73039883367202 ], [ 73.318346682676861, 16.805502807457835 ], [ 73.295792455595603, 16.816605134017475 ], [ 73.28827437990185, 16.857095972058524 ], [ 73.300446502453639, 16.860687901239586 ], [ 73.286126358275069, 16.88028024222719 ], [ 73.303310531289355, 16.891382568786831 ], [ 73.294360441177744, 16.898566427148953 ], [ 73.276818264558997, 16.892035646819753 ], [ 73.286842365483992, 16.916526073054257 ], [ 73.282188318625956, 16.950486130766105 ], [ 73.292212419550964, 16.956037294045927 ], [ 73.295792455595603, 16.984119649461491 ], [ 73.278966286185778, 16.992936202905913 ], [ 73.271806214096486, 16.986405422576713 ], [ 73.268942185260784, 16.998487366185735 ], [ 73.281472311417033, 16.998160827169276 ], [ 73.282904325834892, 17.013181621926439 ], [ 73.255338048291136, 17.026896260617761 ], [ 73.258202077126853, 17.048121296687665 ], [ 73.276818264558997, 17.035712814062183 ], [ 73.287558372692928, 17.053019381934568 ], [ 73.289348390715247, 17.115388334078439 ], [ 73.284694343857211, 17.101020617354198 ], [ 73.27789227537238, 17.11342909997968 ], [ 73.267510170842925, 17.112449482930298 ], [ 73.263930134798272, 17.154246477037187 ], [ 73.266078156425067, 17.154899555070109 ], [ 73.252116015850959, 17.190165768847795 ], [ 73.23135180679202, 17.198329244259298 ], [ 73.24388193294827, 17.200288478358058 ], [ 73.244955943761667, 17.222493131477343 ], [ 73.223833731098267, 17.247636635744769 ], [ 73.223475727493806, 17.265596281650073 ], [ 73.206649558083981, 17.281596693456613 ], [ 73.204501536457201, 17.269514749847591 ], [ 73.20414353285274, 17.289433629851658 ], [ 73.189823388674156, 17.298903261328999 ], [ 73.196625457158987, 17.306740197724039 ], [ 73.223117723889345, 17.302168651493599 ], [ 73.226697759933984, 17.281596693456613 ], [ 73.249609990619703, 17.280943615423695 ], [ 73.239585889694709, 17.302821729526521 ], [ 73.244239936552745, 17.321760992481202 ], [ 73.219179684240231, 17.329271389859784 ], [ 73.230635799583098, 17.335475631172528 ], [ 73.215241644591131, 17.34592487969925 ], [ 73.225981752725062, 17.353761816094291 ], [ 73.207365565292918, 17.386089178723836 ], [ 73.184095331002737, 17.384783022657999 ], [ 73.167985168801835, 17.404375363645602 ], [ 73.187317363442915, 17.414498073155862 ], [ 73.188391374256298, 17.431151562995328 ], [ 73.211661608546478, 17.437682343324528 ], [ 73.186959359838454, 17.442253889554969 ], [ 73.184095331002737, 17.455641989229832 ], [ 73.194477435532193, 17.464785081690714 ], [ 73.179083280540226, 17.506582075797603 ], [ 73.155097039041124, 17.529113267933347 ], [ 73.137554862422377, 17.556542545315992 ], [ 73.143640923698257, 17.570583723023777 ], [ 73.156171049854521, 17.566338715809795 ], [ 73.167985168801835, 17.577114503352977 ], [ 73.170133190428629, 17.569604105974395 ], [ 73.177293262517907, 17.582665666632799 ], [ 73.137554862422377, 17.610748022048366 ], [ 73.126814754288446, 17.637524221398092 ], [ 73.144714934511654, 17.63850383844747 ], [ 73.114642631736658, 17.684219300751881 ], [ 73.117148656967899, 17.697933939443203 ], [ 73.140060887653618, 17.702505485673644 ], [ 73.135048837191121, 17.715240507315588 ], [ 73.144714934511654, 17.722424365677711 ], [ 73.134332829982185, 17.717852819447266 ], [ 73.112494610109863, 17.789364864052022 ], [ 73.095668440700038, 17.811242978154848 ], [ 73.089224375819683, 17.808304127006707 ], [ 73.093878422677719, 17.841284567669174 ], [ 73.071682199200936, 17.893530810302785 ], [ 73.052708008164331, 17.904633136862426 ], [ 73.055572037000033, 17.932062414245074 ], [ 73.038387863985747, 17.934674726376755 ], [ 73.028721766665214, 17.950022060150378 ], [ 73.030869788291994, 17.969287862121522 ], [ 73.044831928866117, 17.982349422779922 ], [ 73.0459059396795, 17.983329039829304 ], [ 73.085644339775044, 17.989859820158504 ], [ 73.115000635341119, 17.980063649664704 ], [ 73.120728693012552, 17.987574047043285 ], [ 73.172997219264332, 18.059086091648041 ], [ 73.17442923368219, 18.058759552631578 ], [ 73.19161340669649, 18.0577799355822 ], [ 73.204501536457201, 18.069208801158304 ], [ 73.226339756329523, 18.056473779516359 ], [ 73.287558372692928, 18.071494574273522 ], [ 73.294718444782205, 18.058106474598659 ], [ 73.289706394319708, 18.035901821479374 ], [ 73.300446502453639, 18.024146416886811 ], [ 73.327654776392933, 18.024799494919733 ], [ 73.334098841273288, 18.011084856228411 ], [ 73.345554956616141, 18.026105650985574 ], [ 73.358801089981327, 18.005860231965048 ], [ 73.359159093585788, 18.00520715393213 ], [ 73.341616916967041, 17.972226713269663 ], [ 73.373837241368818, 17.92553163391587 ], [ 73.370973212533116, 17.887979647022963 ], [ 73.40605756577061, 17.883734639808981 ], [ 73.426463771225087, 17.909204683092867 ], [ 73.436845875754543, 17.903653519813048 ], [ 73.445437962261693, 17.851407277179437 ], [ 73.46119012085812, 17.867081149969518 ], [ 73.489472405610798, 17.867081149969518 ], [ 73.506298575020622, 17.851080738162977 ], [ 73.533864852564378, 17.883408100792522 ], [ 73.552839043600983, 17.8664280719366 ], [ 73.559283108481338, 17.869366923084741 ], [ 73.572171238242063, 17.875244625381022 ] ] ] } },
{ "type": "Feature", "properties": { "dt_code": "531", "district": "Sangli", "st_nm": "Maharashtra", "st_code": "27", "year": "2011_c" }, "geometry": { "type": "Polygon", "coordinates": [ [ [ 74.906450672080595, 17.626748433854907 ], [ 74.909314700916312, 17.619564575492788 ], [ 74.92327684149042, 17.618911497459866 ], [ 74.915400762192206, 17.580053354501118 ], [ 74.960509216354708, 17.591808759093681 ], [ 74.961225223563645, 17.564706020727495 ], [ 74.985211465062747, 17.544787140723432 ], [ 74.936880978460067, 17.509847465962203 ], [ 74.967311284839539, 17.473601635135136 ], [ 74.971249324488639, 17.469030088904695 ], [ 74.973755349719895, 17.465764698740095 ], [ 74.975545367742214, 17.466744315789473 ], [ 75.027097886785072, 17.495153210221499 ], [ 75.02852990120293, 17.494173593172121 ], [ 75.032825944456505, 17.490908203007521 ], [ 75.038554002127938, 17.476540486283277 ], [ 75.034615962478824, 17.419069619386306 ], [ 75.022801843531511, 17.407640753810202 ], [ 75.005975674121686, 17.413518456106484 ], [ 74.997741591218997, 17.406008058727902 ], [ 74.993445547965436, 17.39229342003658 ], [ 75.007765692144005, 17.368129532818532 ], [ 74.970175313675256, 17.344292184616947 ], [ 74.95907720193685, 17.293352098049176 ], [ 74.936522974855606, 17.284862083621217 ], [ 74.936164971251145, 17.275065913127413 ], [ 74.908240690102915, 17.274086296078032 ], [ 74.88532845941721, 17.220860436395043 ], [ 74.848454088157382, 17.203880407539117 ], [ 74.869218297216307, 17.210084648851861 ], [ 74.862774232335951, 17.196370010160535 ], [ 74.871366318843101, 17.189839229831335 ], [ 74.894636553133282, 17.194737315078235 ], [ 74.886044466626132, 17.180043059337535 ], [ 74.899648603595779, 17.184614605567976 ], [ 74.920770816259179, 17.166328420646209 ], [ 74.933300942415428, 17.168614193761432 ], [ 74.94833709380292, 17.174818435074172 ], [ 74.950485115429714, 17.192125002946558 ], [ 74.939029000086848, 17.192778080979476 ], [ 74.950485115429714, 17.202247712456817 ], [ 74.977693389368994, 17.192451541963017 ], [ 75.009197706561864, 17.208778492786021 ], [ 75.014567760628822, 17.225758521641943 ], [ 75.077934398619007, 17.221840053444424 ], [ 75.079724416641326, 17.246983557711847 ], [ 75.093328553610974, 17.250902025909369 ], [ 75.115166773483296, 17.240126238366187 ], [ 75.179249418682417, 17.235554692135747 ], [ 75.193211559256525, 17.268208593781754 ], [ 75.203951667390456, 17.270820905913432 ], [ 75.226147890867239, 17.25351433804105 ], [ 75.2476281071351, 17.25677972820565 ], [ 75.238678017023489, 17.21563581213168 ], [ 75.21397576831545, 17.199635400325139 ], [ 75.2225678548226, 17.183308449502135 ], [ 75.269108323402961, 17.184288066551513 ], [ 75.270182334216358, 17.147715696707987 ], [ 75.29595859373778, 17.146083001625687 ], [ 75.304192676640469, 17.170246888843732 ], [ 75.283786471186005, 17.192778080979476 ], [ 75.287008503626183, 17.21563581213168 ], [ 75.32996893616189, 17.218901202296284 ], [ 75.334264979415465, 17.239146621316806 ], [ 75.365769296608335, 17.236207770168665 ], [ 75.369707336257434, 17.190492307864258 ], [ 75.40586570030834, 17.185267683600895 ], [ 75.401927660659226, 17.211064265901239 ], [ 75.421259855300292, 17.265596281650073 ], [ 75.471738363529767, 17.243065089514328 ], [ 75.516846817692269, 17.240126238366187 ], [ 75.544055091631563, 17.278004764275554 ], [ 75.604557700786032, 17.305107502641739 ], [ 75.622457881009254, 17.295311332147939 ], [ 75.627827935076212, 17.274412835094495 ], [ 75.65432020180657, 17.273759757061573 ], [ 75.657900237851223, 17.262983969518391 ], [ 75.661838277500323, 17.214656195082302 ], [ 75.640000057628001, 17.188859612781954 ], [ 75.628543942285148, 17.188859612781954 ], [ 75.625679913449432, 17.174165357041254 ], [ 75.649308151344073, 17.134327597033124 ], [ 75.650740165761931, 17.115714873094902 ], [ 75.672578385634253, 17.116041412111361 ], [ 75.676874428887828, 17.06542786456005 ], [ 75.65038216215747, 17.057264389148546 ], [ 75.641074068441398, 17.037672048160942 ], [ 75.669714356798536, 17.037998587177405 ], [ 75.665776317149437, 16.979874642247513 ], [ 75.675084410865509, 16.965506925523268 ], [ 75.642148079254781, 16.954731137980087 ], [ 75.633913996352106, 16.970405010770168 ], [ 75.607779733226209, 16.97105808880309 ], [ 75.607063726017287, 17.004691607498476 ], [ 75.573053383593177, 17.009589692745379 ], [ 75.567683329526204, 16.965833464539728 ], [ 75.529376943848519, 16.96942539372079 ], [ 75.488922536544052, 16.944281889453364 ], [ 75.483552482477094, 16.97628271306645 ], [ 75.465652302253872, 16.988364656675472 ], [ 75.44166606075477, 16.982486954379191 ], [ 75.428061923785123, 16.966813081589109 ], [ 75.392261563338693, 16.980201181263972 ], [ 75.350017138011893, 16.957996528144687 ], [ 75.27949042793243, 16.956363833062387 ], [ 75.27949042793243, 16.92338339239992 ], [ 75.289872532461885, 16.904117590428775 ], [ 75.281996453163671, 16.88028024222719 ], [ 75.264812280149386, 16.862647135338346 ], [ 75.237962009814566, 16.867871759601709 ], [ 75.227937908889558, 16.843381333367201 ], [ 75.214333771919925, 16.841748638284901 ], [ 75.181755443913659, 16.843381333367201 ], [ 75.18891551600295, 16.875055617963831 ], [ 75.1763853898467, 16.867871759601709 ], [ 75.136646989751156, 16.874402539930909 ], [ 75.134856971728837, 16.894647958951435 ], [ 75.117672798714551, 16.913587221906116 ], [ 75.096550586051151, 16.913587221906116 ], [ 75.089390513961874, 16.951792286831946 ], [ 75.025307868762752, 16.927954938630361 ], [ 75.02673988318061, 16.943955350436905 ], [ 74.993087544360961, 16.952118825848405 ], [ 74.964447256003822, 16.947547279617964 ], [ 74.964447256003822, 16.92664878256452 ], [ 74.93186892799757, 16.944608428469824 ], [ 74.921844827072562, 16.929587633712661 ], [ 74.955497165892211, 16.905097207478157 ], [ 74.963731248794886, 16.909668753708598 ], [ 74.960509216354708, 16.880933320260109 ], [ 74.901438621618098, 16.862647135338346 ], [ 74.919696805445781, 16.772195827778908 ], [ 74.869576300820768, 16.774155061877668 ], [ 74.865638261171668, 16.763052735318027 ], [ 74.84988610257524, 16.772848905811827 ], [ 74.844516048508268, 16.761746579252186 ], [ 74.795827558301127, 16.747705401544401 ], [ 74.771841316802011, 16.750644252692542 ], [ 74.732460920310942, 16.718316890062997 ], [ 74.695586549051114, 16.715378038914857 ], [ 74.692364516610937, 16.715378038914857 ], [ 74.698808581491292, 16.734317301869538 ], [ 74.644034030008243, 16.753256564824223 ], [ 74.626849856993957, 16.788522778601912 ], [ 74.560619190168069, 16.806155885490753 ], [ 74.554175125287699, 16.824768609428979 ], [ 74.516942750423411, 16.858728667140827 ], [ 74.51479472879663, 16.840769021235523 ], [ 74.499042570200203, 16.82934015565942 ], [ 74.496536544968947, 16.856116355009146 ], [ 74.475056328701086, 16.868198298618168 ], [ 74.458588162895722, 16.852197886811624 ], [ 74.407393647457326, 16.846646723531805 ], [ 74.415985733964476, 16.87538215698029 ], [ 74.402023593390368, 16.882566015342412 ], [ 74.362285193294824, 16.853504042877464 ], [ 74.354051110392149, 16.872116766815687 ], [ 74.292474490424283, 16.896280654033735 ], [ 74.282092385894813, 16.91848530715302 ], [ 74.238773949754631, 16.885831405507012 ], [ 74.222305783949281, 16.913260682889657 ], [ 74.210491665001953, 16.893015263869131 ], [ 74.174691304555523, 16.902158356330016 ], [ 74.146051016198371, 16.883219093375331 ], [ 74.12063276028141, 16.912934143873198 ], [ 74.090918461110874, 16.917832229120098 ], [ 74.065500205193899, 16.902158356330016 ], [ 74.065500205193899, 16.902484895346475 ], [ 74.03864993485908, 16.922730314366998 ], [ 74.035785906023364, 16.938730726173542 ], [ 74.022897776262653, 16.940689960272302 ], [ 74.023613783471575, 16.984119649461491 ], [ 73.991393459069783, 16.997181210119894 ], [ 73.975641300473356, 16.989344273724853 ], [ 73.974209286055498, 16.988691195691935 ], [ 73.973851282451037, 16.989997351757772 ], [ 73.973493278846576, 16.991956585856535 ], [ 73.969197235593001, 17.006650841597239 ], [ 73.975641300473356, 17.008283536679539 ], [ 73.979221336517995, 17.030814728815283 ], [ 73.979221336517995, 17.034406657996342 ], [ 73.931964860728712, 17.072938261938631 ], [ 73.929458835497456, 17.074570957020931 ], [ 73.91406468050549, 17.070652488823409 ], [ 73.900818547140318, 17.098734844238976 ], [ 73.873252269596563, 17.11669449014428 ], [ 73.875758294827804, 17.127143738671002 ], [ 73.866450201111732, 17.135633753098965 ], [ 73.847834013679588, 17.151960703921969 ], [ 73.775875289182267, 17.182002293436295 ], [ 73.767641206279578, 17.173512279008332 ], [ 73.771937249533153, 17.147715696707987 ], [ 73.748309011638511, 17.153919938020728 ], [ 73.746518993616192, 17.154246477037187 ], [ 73.742580953967078, 17.176451130156472 ], [ 73.720742734094756, 17.168940732777891 ], [ 73.710718633169748, 17.172859200975413 ], [ 73.707138597125109, 17.17089996687665 ], [ 73.694608470968859, 17.179063442288154 ], [ 73.693176456551001, 17.179716520321072 ], [ 73.693534460155462, 17.179716520321072 ], [ 73.715014676423323, 17.207145797703721 ], [ 73.69281845294654, 17.230656606888843 ], [ 73.693534460155462, 17.261024735419632 ], [ 73.693892463759937, 17.260698196403169 ], [ 73.719668723281359, 17.259718579353791 ], [ 73.745802986407256, 17.277351686242636 ], [ 73.765493184652797, 17.25024894787645 ], [ 73.834229876709941, 17.226085060658402 ], [ 73.849624031701907, 17.198329244259298 ], [ 73.86967223355191, 17.190818846880717 ], [ 73.883992377730493, 17.155226094086569 ], [ 73.899744536326921, 17.159797640317009 ], [ 73.940556947235848, 17.133674519000202 ], [ 73.979579340122456, 17.131715284901443 ], [ 73.983875383376031, 17.11800064621012 ], [ 74.030773855560867, 17.090571368827476 ], [ 74.051538064619791, 17.105265624568176 ], [ 74.093424486342116, 17.101020617354198 ], [ 74.094140493551052, 17.101673695387117 ], [ 74.110966662960863, 17.124857965555783 ], [ 74.131014864810865, 17.115388334078439 ], [ 74.131014864810865, 17.115388334078439 ], [ 74.156791124332301, 17.125184504572243 ], [ 74.177197329786765, 17.149348391790287 ], [ 74.246650029052844, 17.141184916378787 ], [ 74.247366036261781, 17.154899555070109 ], [ 74.232687888478736, 17.154246477037187 ], [ 74.254168104746597, 17.171226505893113 ], [ 74.248082043470703, 17.183308449502135 ], [ 74.266340227298386, 17.187226917699654 ], [ 74.277438339036777, 17.178410364255232 ], [ 74.283166396708211, 17.198002705242839 ], [ 74.285314418334991, 17.204860024588498 ], [ 74.265982223693925, 17.221840053444424 ], [ 74.28495641473053, 17.232289301971143 ], [ 74.288536450775169, 17.246330479678928 ], [ 74.26383420206713, 17.256453189189191 ], [ 74.255600119164455, 17.293025559032717 ], [ 74.262402187649286, 17.307066736740502 ], [ 74.292116486819822, 17.311964821987402 ], [ 74.279944364268033, 17.336455248221906 ], [ 74.288894454379644, 17.356374128225973 ], [ 74.288894454379644, 17.356374128225973 ], [ 74.260970173231428, 17.353435277077832 ], [ 74.254884111955533, 17.361598752489332 ], [ 74.283882403917133, 17.420049236435684 ], [ 74.346891038302857, 17.421028853485065 ], [ 74.343669005862679, 17.409926526925421 ], [ 74.395221524905537, 17.408293831843121 ], [ 74.431379888956442, 17.390660724954277 ], [ 74.46825426021627, 17.393599576102417 ], [ 74.497610555782344, 17.383150327575695 ], [ 74.527682858557341, 17.419396158402765 ], [ 74.583531420853774, 17.413518456106484 ], [ 74.595703543405563, 17.44845813086771 ], [ 74.623985828158254, 17.415804229221703 ], [ 74.625059838971637, 17.40078343446454 ], [ 74.659786188604684, 17.398171122332862 ], [ 74.670884300343076, 17.388374951839058 ], [ 74.685920451730581, 17.395232271184717 ], [ 74.681266404872545, 17.422008470534443 ], [ 74.695944552655575, 17.441274272505588 ], [ 74.694512538237717, 17.478826259398495 ], [ 74.685204444521645, 17.487316273826458 ], [ 74.792605525860949, 17.459233918410892 ], [ 74.806209662830582, 17.45335621611461 ], [ 74.807999680852916, 17.454988911196914 ], [ 74.859910203500235, 17.511153622028043 ], [ 74.857046174664518, 17.559807935480595 ], [ 74.875662362096662, 17.569604105974395 ], [ 74.879958405350237, 17.604543780735625 ], [ 74.906450672080595, 17.626748433854907 ] ] ] } },
{ "type": "Feature", "properties": { "dt_code": "530", "district": "Kolhapur", "st_nm": "Maharashtra", "st_code": "27", "year": "2011_c" }, "geometry": { "type": "Polygon", "coordinates": [ [ [ 73.851772053328702, 16.648111001524082 ], [ 73.853562071351021, 16.651376391688682 ], [ 73.854636082164419, 16.651702930705142 ], [ 73.860722143440313, 16.664437952347086 ], [ 73.862870165067093, 16.669009498577527 ], [ 73.863228168671554, 16.669662576610445 ], [ 73.849982035306382, 16.673581044807968 ], [ 73.858574121813518, 16.681744520219468 ], [ 73.810601638815299, 16.707541102519812 ], [ 73.834229876709941, 16.73170498973786 ], [ 73.836377898336735, 16.733990762853079 ], [ 73.835661891127799, 16.73497037990246 ], [ 73.832797862292082, 16.742807316297501 ], [ 73.828859822642983, 16.753909642857142 ], [ 73.815255685673336, 16.766318125482627 ], [ 73.813107664046555, 16.768277359581386 ], [ 73.812391656837619, 16.768603898597846 ], [ 73.792343454987616, 16.762726196301564 ], [ 73.786615397316197, 16.770563132696608 ], [ 73.781603346853686, 16.778726608108109 ], [ 73.781245343249225, 16.778400069091649 ], [ 73.760839137794761, 16.770563132696608 ], [ 73.753679065705469, 16.785257388437309 ], [ 73.761197141399222, 16.801910878276775 ], [ 73.709644622356365, 16.82934015565942 ], [ 73.736852896295645, 16.844687489433042 ], [ 73.752247051287611, 16.835217857955701 ], [ 73.765135181048336, 16.848932496647024 ], [ 73.765493184652797, 16.851544808778705 ], [ 73.767999209884053, 16.867871759601709 ], [ 73.746518993616192, 16.884851788457631 ], [ 73.749383022451894, 16.901178739280635 ], [ 73.738642914317978, 16.902811434362935 ], [ 73.738284910713503, 16.906729902560457 ], [ 73.740074928735822, 16.912281065840276 ], [ 73.761197141399222, 16.901831817313553 ], [ 73.764777177443861, 16.910321831741516 ], [ 73.788047411734055, 16.906729902560457 ], [ 73.7894794261519, 16.909995292725057 ], [ 73.795923491032269, 16.928608016663279 ], [ 73.762629155817081, 16.959955762243446 ], [ 73.786257393711722, 16.992936202905913 ], [ 73.825279786598344, 16.990650429790694 ], [ 73.831365847874238, 16.990323890774235 ], [ 73.831723851478699, 16.997181210119894 ], [ 73.832439858687621, 17.024610487502542 ], [ 73.820983743344769, 17.037998587177405 ], [ 73.830291837060841, 17.058244006197928 ], [ 73.802725559517086, 17.061182857346068 ], [ 73.805589588352802, 17.084040588498272 ], [ 73.748309011638511, 17.128123355720383 ], [ 73.747593004429575, 17.127796816703924 ], [ 73.736852896295645, 17.120612958341802 ], [ 73.710360629565287, 17.142817611461087 ], [ 73.688164406088504, 17.141184916378787 ], [ 73.686016384461709, 17.158491484251169 ], [ 73.70749660072957, 17.17089996687665 ], [ 73.707138597125109, 17.17089996687665 ], [ 73.710718633169748, 17.172859200975413 ], [ 73.720742734094756, 17.168940732777891 ], [ 73.742580953967078, 17.176451130156472 ], [ 73.746518993616192, 17.154246477037187 ], [ 73.748309011638511, 17.153919938020728 ], [ 73.771937249533153, 17.147715696707987 ], [ 73.767641206279578, 17.173512279008332 ], [ 73.775875289182267, 17.182002293436295 ], [ 73.847834013679588, 17.151960703921969 ], [ 73.866450201111732, 17.135633753098965 ], [ 73.875758294827804, 17.127143738671002 ], [ 73.873252269596563, 17.11669449014428 ], [ 73.900818547140318, 17.098734844238976 ], [ 73.91406468050549, 17.070652488823409 ], [ 73.929458835497456, 17.074570957020931 ], [ 73.931964860728712, 17.072938261938631 ], [ 73.979221336517995, 17.034406657996342 ], [ 73.979221336517995, 17.030814728815283 ], [ 73.975641300473356, 17.008283536679539 ], [ 73.969197235593001, 17.006650841597239 ], [ 73.973493278846576, 16.991956585856535 ], [ 73.973851282451037, 16.989997351757772 ], [ 73.974209286055498, 16.988691195691935 ], [ 73.975641300473356, 16.989344273724853 ], [ 73.991393459069783, 16.997181210119894 ], [ 74.023613783471575, 16.984119649461491 ], [ 74.022897776262653, 16.940689960272302 ], [ 74.035785906023364, 16.938730726173542 ], [ 74.03864993485908, 16.922730314366998 ], [ 74.065500205193899, 16.902484895346475 ], [ 74.065500205193899, 16.902158356330016 ], [ 74.090918461110874, 16.917832229120098 ], [ 74.12063276028141, 16.912934143873198 ], [ 74.146051016198371, 16.883219093375331 ], [ 74.174691304555523, 16.902158356330016 ], [ 74.210491665001953, 16.893015263869131 ], [ 74.222305783949281, 16.913260682889657 ], [ 74.238773949754631, 16.885831405507012 ], [ 74.282092385894813, 16.91848530715302 ], [ 74.292474490424283, 16.896280654033735 ], [ 74.354051110392149, 16.872116766815687 ], [ 74.362285193294824, 16.853504042877464 ], [ 74.402023593390368, 16.882566015342412 ], [ 74.415985733964476, 16.87538215698029 ], [ 74.407393647457326, 16.846646723531805 ], [ 74.458588162895722, 16.852197886811624 ], [ 74.475056328701086, 16.868198298618168 ], [ 74.496536544968947, 16.856116355009146 ], [ 74.499042570200203, 16.82934015565942 ], [ 74.51479472879663, 16.840769021235523 ], [ 74.516942750423411, 16.858728667140827 ], [ 74.554175125287699, 16.824768609428979 ], [ 74.560619190168069, 16.806155885490753 ], [ 74.626849856993957, 16.788522778601912 ], [ 74.644034030008243, 16.753256564824223 ], [ 74.698808581491292, 16.734317301869538 ], [ 74.692364516610937, 16.715378038914857 ], [ 74.695586549051114, 16.715378038914857 ], [ 74.68950048777522, 16.686316066449908 ], [ 74.68090840126807, 16.685989527433449 ], [ 74.68950048777522, 16.677172973989027 ], [ 74.665156242671642, 16.665744108412923 ], [ 74.65370012732879, 16.638641370046738 ], [ 74.68735246614844, 16.618069412009756 ], [ 74.688784480566284, 16.608273241515953 ], [ 74.639379983150206, 16.610232475614712 ], [ 74.635799947105568, 16.583456276264986 ], [ 74.618973777695743, 16.584109354297908 ], [ 74.601073597472535, 16.564843552326764 ], [ 74.572433309115382, 16.55341468675066 ], [ 74.555965143310019, 16.562884318228004 ], [ 74.567063255048424, 16.585415510363749 ], [ 74.543793020758244, 16.595211680857549 ], [ 74.544509027967166, 16.635375979882138 ], [ 74.489376472879655, 16.630151355618779 ], [ 74.471834296260909, 16.664111413330623 ], [ 74.455008126851084, 16.647131384474701 ], [ 74.466822245798411, 16.606967085450112 ], [ 74.435317928605542, 16.60108938315383 ], [ 74.42207179524037, 16.584762432330827 ], [ 74.396653539323395, 16.583129737248527 ], [ 74.379827369913585, 16.528597721499697 ], [ 74.357989150041249, 16.538393891993497 ], [ 74.356199132018929, 16.559618928063401 ], [ 74.33973096621358, 16.547536984454378 ], [ 74.316102728318924, 16.554720842816501 ], [ 74.315028717505541, 16.504433834281652 ], [ 74.306436630998391, 16.50378075624873 ], [ 74.301424580535894, 16.529250799532615 ], [ 74.291758483215347, 16.533822345763056 ], [ 74.283166396708211, 16.524679253302175 ], [ 74.27242628857428, 16.547536984454378 ], [ 74.264192205671606, 16.540026587075797 ], [ 74.278512349850175, 16.504760373298112 ], [ 74.247366036261781, 16.496923436903067 ], [ 74.260970173231428, 16.479943408047145 ], [ 74.2742163065966, 16.485494571326967 ], [ 74.279586360663572, 16.504760373298112 ], [ 74.291042476006425, 16.504760373298112 ], [ 74.289252457984105, 16.463289918207682 ], [ 74.332570894124288, 16.454799903779719 ], [ 74.335076919355544, 16.401247505080271 ], [ 74.363717207712682, 16.40483943426133 ], [ 74.353335103183213, 16.3666343693355 ], [ 74.336150930168927, 16.393737107701686 ], [ 74.324694814826074, 16.378389773928063 ], [ 74.317176739132321, 16.381328625076204 ], [ 74.327200840057316, 16.342470482117456 ], [ 74.315386721110002, 16.340184709002237 ], [ 74.32254679319928, 16.334307006705956 ], [ 74.31681873552786, 16.326796609327374 ], [ 74.328990858079649, 16.323857758179233 ], [ 74.325410822034996, 16.313735048668971 ], [ 74.342594995049282, 16.298061175878885 ], [ 74.32075677517696, 16.284673076204022 ], [ 74.324694814826074, 16.271611515545622 ], [ 74.350829077951971, 16.275529983743141 ], [ 74.34581702748946, 16.293816168664907 ], [ 74.359421164459107, 16.290550778500304 ], [ 74.373025301428754, 16.261488806035359 ], [ 74.382691398749287, 16.277162678825441 ], [ 74.414553719546618, 16.282713842105263 ], [ 74.417775751986795, 16.2578968768543 ], [ 74.455008126851084, 16.253325330623859 ], [ 74.468612263820731, 16.240263769965456 ], [ 74.48078438637252, 16.250059940459256 ], [ 74.503338613453764, 16.225242975208293 ], [ 74.496178541364486, 16.214140648648648 ], [ 74.508350663916275, 16.202385244056085 ], [ 74.480068379163583, 16.146873611257874 ], [ 74.490808487297514, 16.116505482727089 ], [ 74.484364422417158, 16.091361978459663 ], [ 74.427799852911804, 16.111933936496648 ], [ 74.39020947444304, 16.089402744360903 ], [ 74.390925481651976, 16.080259651900022 ], [ 74.372667297824293, 16.078300417801259 ], [ 74.361569186085902, 16.054136530583214 ], [ 74.377321344682329, 16.055116147632596 ], [ 74.373383305033215, 16.03650342369437 ], [ 74.429947874538584, 16.059034615830118 ], [ 74.462168198940375, 16.049891523369233 ], [ 74.463242209753759, 16.039442274842511 ], [ 74.431021885351981, 15.956827903678114 ], [ 74.386987442002862, 15.905234739077423 ], [ 74.406319636643943, 15.855274269559033 ], [ 74.388419456420721, 15.854294652509653 ], [ 74.364791218526079, 15.893805873501321 ], [ 74.363717207712682, 15.875193149563097 ], [ 74.338298951795721, 15.854947730542573 ], [ 74.383049402353763, 15.849070028246292 ], [ 74.360495175272504, 15.816742665616745 ], [ 74.370519276197498, 15.810538424304005 ], [ 74.369087261779654, 15.788333771184719 ], [ 74.34581702748946, 15.764496422983134 ], [ 74.323262800408216, 15.772659898394636 ], [ 74.307868645416249, 15.748496011176591 ], [ 74.285672421939466, 15.741638691830929 ], [ 74.268130245320705, 15.754700252489332 ], [ 74.23841594615017, 15.743924464946149 ], [ 74.227675838016239, 15.756659486588092 ], [ 74.228391845225161, 15.788333771184719 ], [ 74.172901286533204, 15.773312976427556 ], [ 74.153569091892123, 15.787027615118879 ], [ 74.158939145959096, 15.821967289880106 ], [ 74.143186987362654, 15.821640750863645 ], [ 74.14569301259391, 15.832416538406829 ], [ 74.108460637729621, 15.821967289880106 ], [ 74.103090583662649, 15.840580013818331 ], [ 74.081610367394802, 15.83600846758789 ], [ 74.072302273678716, 15.830457304308068 ], [ 74.066932219611758, 15.814783431517984 ], [ 74.034353891605505, 15.802701487908962 ], [ 74.030773855560867, 15.834375772505588 ], [ 74.093424486342116, 15.872254298414957 ], [ 74.094140493551052, 15.897724341698842 ], [ 74.073376284492113, 15.948337889250153 ], [ 74.062278172753722, 15.941807108920951 ], [ 74.045093999739436, 15.956827903678114 ], [ 74.094498497155513, 16.007114912212966 ], [ 74.086264414252838, 16.017890699756148 ], [ 74.073376284492113, 16.023768402052429 ], [ 74.059772147522466, 16.050871140418614 ], [ 74.044019988926038, 16.030625721398092 ], [ 74.001417559994792, 16.038462657793133 ], [ 73.998553531159075, 16.039115735826051 ], [ 73.994615491509961, 16.060993849928877 ], [ 74.007503621270686, 16.0714430984556 ], [ 73.990319448256386, 16.0796065738671 ], [ 73.99210946627872, 16.092668134525503 ], [ 73.905114590393879, 16.099851992887626 ], [ 73.897954518304601, 16.088423127311522 ], [ 73.863228168671554, 16.094953907640726 ], [ 73.872536262387626, 16.106382773216826 ], [ 73.860722143440313, 16.106382773216826 ], [ 73.841747952403693, 16.091035439443203 ], [ 73.859648132626916, 16.06948386435684 ], [ 73.833513869501019, 16.093321212558422 ], [ 73.833155865896558, 16.093974290591344 ], [ 73.852488060537624, 16.137077440764074 ], [ 73.844253977634949, 16.152424774537696 ], [ 73.862870165067093, 16.138710135846374 ], [ 73.866092197507271, 16.146873611257874 ], [ 73.907978619229596, 16.137077440764074 ], [ 73.91621270213227, 16.172343654541759 ], [ 73.943062972467104, 16.174302888640522 ], [ 73.936618907586748, 16.185731754216622 ], [ 73.950939051765317, 16.201732166023167 ], [ 73.921940759803704, 16.201732166023167 ], [ 73.918718727363526, 16.21805911684617 ], [ 73.940556947235848, 16.243202621113596 ], [ 73.888646424588529, 16.228508365372893 ], [ 73.916570705736746, 16.245161855212356 ], [ 73.89079444621531, 16.255937642755537 ], [ 73.878622323663521, 16.279448451940663 ], [ 73.900818547140318, 16.306224651290389 ], [ 73.904040579580496, 16.327449687360293 ], [ 73.886140399357274, 16.328755843426134 ], [ 73.862512161462632, 16.308510424405608 ], [ 73.854636082164419, 16.316020821784189 ], [ 73.845327988448346, 16.300020409977648 ], [ 73.846760002866205, 16.31210235358667 ], [ 73.839957934381374, 16.315367743751271 ], [ 73.838525919963516, 16.316020821784189 ], [ 73.838167916359055, 16.316020821784189 ], [ 73.846043995657269, 16.325816992277993 ], [ 73.831723851478699, 16.345082794249137 ], [ 73.863586172276015, 16.369573220483641 ], [ 73.83387187310548, 16.40157404409673 ], [ 73.887214410170671, 16.448922201483438 ], [ 73.887572413775132, 16.462310301158301 ], [ 73.883634374126018, 16.476024939849626 ], [ 73.862512161462632, 16.474065705750863 ], [ 73.838883923567977, 16.507699224446252 ], [ 73.84461198123941, 16.527291565433856 ], [ 73.814539678464413, 16.543945055273319 ], [ 73.831007844269763, 16.549496218553141 ], [ 73.84640199926173, 16.573660105771186 ], [ 73.84067394159031, 16.586395127413127 ], [ 73.861438150649235, 16.612844787746393 ], [ 73.848192017284049, 16.641580221194879 ], [ 73.851772053328702, 16.648111001524082 ] ] ] } },
{ "type": "Feature", "properties": { "dt_code": "529", "district": "Sindhudurg", "st_nm": "Maharashtra", "st_code": "27", "year": "2011_c" }, "geometry": { "type": "Polygon", "coordinates": [ [ [ 73.346270963825077, 16.529577338549075 ], [ 73.364529147652746, 16.513250387726071 ], [ 73.368825190906321, 16.513250387726071 ], [ 73.417155677509001, 16.514883082808375 ], [ 73.466202171320617, 16.494637663787849 ], [ 73.467992189342937, 16.49398458575493 ], [ 73.496632477700089, 16.519781168055275 ], [ 73.512742639900978, 16.513576926742534 ], [ 73.519902711990269, 16.524352714285715 ], [ 73.543530949884911, 16.515209621824834 ], [ 73.578615303122419, 16.544598133306238 ], [ 73.599021508576882, 16.54361851625686 ], [ 73.599737515785819, 16.544271594289778 ], [ 73.620501724844743, 16.582150120199149 ], [ 73.644845969948321, 16.561578162162164 ], [ 73.645561977157243, 16.564190474293845 ], [ 73.648068002388499, 16.574966261837027 ], [ 73.665252175402784, 16.580843964133308 ], [ 73.660598128544748, 16.589007439544808 ], [ 73.670264225865282, 16.583782815281449 ], [ 73.691386438528681, 16.624600192338956 ], [ 73.699978525035831, 16.624926731355416 ], [ 73.708928615147428, 16.602069000203212 ], [ 73.767283202675117, 16.602395539219671 ], [ 73.768715217092975, 16.624600192338956 ], [ 73.752605054892086, 16.64092714316196 ], [ 73.7644191738394, 16.643539455293642 ], [ 73.771937249533153, 16.664764491363545 ], [ 73.774801278368869, 16.664111413330623 ], [ 73.831007844269763, 16.648437540540542 ], [ 73.84640199926173, 16.650396774639301 ], [ 73.851414049724241, 16.649417157589923 ], [ 73.851772053328702, 16.648111001524082 ], [ 73.848192017284049, 16.641580221194879 ], [ 73.861438150649235, 16.612844787746393 ], [ 73.84067394159031, 16.586395127413127 ], [ 73.84640199926173, 16.573660105771186 ], [ 73.831007844269763, 16.549496218553141 ], [ 73.814539678464413, 16.543945055273319 ], [ 73.84461198123941, 16.527291565433856 ], [ 73.838883923567977, 16.507699224446252 ], [ 73.862512161462632, 16.474065705750863 ], [ 73.883634374126018, 16.476024939849626 ], [ 73.887572413775132, 16.462310301158301 ], [ 73.887214410170671, 16.448922201483438 ], [ 73.83387187310548, 16.40157404409673 ], [ 73.863586172276015, 16.369573220483641 ], [ 73.831723851478699, 16.345082794249137 ], [ 73.846043995657269, 16.325816992277993 ], [ 73.838167916359055, 16.316020821784189 ], [ 73.838525919963516, 16.316020821784189 ], [ 73.839957934381374, 16.315367743751271 ], [ 73.846760002866205, 16.31210235358667 ], [ 73.845327988448346, 16.300020409977648 ], [ 73.854636082164419, 16.316020821784189 ], [ 73.862512161462632, 16.308510424405608 ], [ 73.886140399357274, 16.328755843426134 ], [ 73.904040579580496, 16.327449687360293 ], [ 73.900818547140318, 16.306224651290389 ], [ 73.878622323663521, 16.279448451940663 ], [ 73.89079444621531, 16.255937642755537 ], [ 73.916570705736746, 16.245161855212356 ], [ 73.888646424588529, 16.228508365372893 ], [ 73.940556947235848, 16.243202621113596 ], [ 73.918718727363526, 16.21805911684617 ], [ 73.921940759803704, 16.201732166023167 ], [ 73.950939051765317, 16.201732166023167 ], [ 73.936618907586748, 16.185731754216622 ], [ 73.943062972467104, 16.174302888640522 ], [ 73.91621270213227, 16.172343654541759 ], [ 73.907978619229596, 16.137077440764074 ], [ 73.866092197507271, 16.146873611257874 ], [ 73.862870165067093, 16.138710135846374 ], [ 73.844253977634949, 16.152424774537696 ], [ 73.852488060537624, 16.137077440764074 ], [ 73.833155865896558, 16.093974290591344 ], [ 73.833513869501019, 16.093321212558422 ], [ 73.859648132626916, 16.06948386435684 ], [ 73.841747952403693, 16.091035439443203 ], [ 73.860722143440313, 16.106382773216826 ], [ 73.872536262387626, 16.106382773216826 ], [ 73.863228168671554, 16.094953907640726 ], [ 73.897954518304601, 16.088423127311522 ], [ 73.905114590393879, 16.099851992887626 ], [ 73.99210946627872, 16.092668134525503 ], [ 73.990319448256386, 16.0796065738671 ], [ 74.007503621270686, 16.0714430984556 ], [ 73.994615491509961, 16.060993849928877 ], [ 73.998553531159075, 16.039115735826051 ], [ 74.001417559994792, 16.038462657793133 ], [ 74.044019988926038, 16.030625721398092 ], [ 74.059772147522466, 16.050871140418614 ], [ 74.073376284492113, 16.023768402052429 ], [ 74.086264414252838, 16.017890699756148 ], [ 74.094498497155513, 16.007114912212966 ], [ 74.045093999739436, 15.956827903678114 ], [ 74.062278172753722, 15.941807108920951 ], [ 74.073376284492113, 15.948337889250153 ], [ 74.094140493551052, 15.897724341698842 ], [ 74.093424486342116, 15.872254298414957 ], [ 74.030773855560867, 15.834375772505588 ], [ 74.034353891605505, 15.802701487908962 ], [ 74.066932219611758, 15.814783431517984 ], [ 74.072302273678716, 15.830457304308068 ], [ 74.081610367394802, 15.83600846758789 ], [ 74.103090583662649, 15.840580013818331 ], [ 74.108460637729621, 15.821967289880106 ], [ 74.14569301259391, 15.832416538406829 ], [ 74.143186987362654, 15.821640750863645 ], [ 74.158939145959096, 15.821967289880106 ], [ 74.153569091892123, 15.787027615118879 ], [ 74.172901286533204, 15.773312976427556 ], [ 74.209059650584095, 15.781149912822597 ], [ 74.201541574890342, 15.758618720686853 ], [ 74.161803174794798, 15.75143486232473 ], [ 74.122064774699268, 15.720740194777484 ], [ 74.132088875624262, 15.702454009855721 ], [ 74.125644810743907, 15.681228973785817 ], [ 74.088054432275158, 15.672412420341395 ], [ 74.118484738654615, 15.65184046230441 ], [ 74.113114684587657, 15.645962760008128 ], [ 74.030773855560867, 15.622451950823004 ], [ 74.021107758240319, 15.606125 ], [ 73.991035455465322, 15.611676163279821 ], [ 73.967407217570681, 15.630288887218045 ], [ 73.963827181526028, 15.691025144279619 ], [ 73.943778979676026, 15.69820900264174 ], [ 73.951655058974239, 15.716168648547043 ], [ 73.938766929213529, 15.74261830888031 ], [ 73.875400291223343, 15.750781784291812 ], [ 73.879338330872457, 15.773966054460477 ], [ 73.862870165067093, 15.798456480694981 ], [ 73.855352089373341, 15.800089175777282 ], [ 73.851414049724241, 15.780823373806138 ], [ 73.829575829851905, 15.764496422983134 ], [ 73.824921782993869, 15.740659074781549 ], [ 73.792701458592092, 15.736087528551108 ], [ 73.785183382898339, 15.725311741007925 ], [ 73.742580953967078, 15.735760989534647 ], [ 73.728260809788509, 15.720087116744564 ], [ 73.693892463759937, 15.722699428876245 ], [ 73.653796060059932, 15.74359792592969 ], [ 73.665968182611721, 15.755026791505792 ], [ 73.626587786120638, 15.851682340377973 ], [ 73.613699656359927, 15.854621191526114 ], [ 73.588639404047413, 15.909806285307864 ], [ 73.570023216615269, 15.912745136456005 ], [ 73.540308917444733, 15.93723556269051 ], [ 73.510236614669736, 15.93723556269051 ], [ 73.489830409215273, 15.987849110241822 ], [ 73.483386344334903, 16.036176884677911 ], [ 73.456894077604545, 16.053809991566755 ], [ 73.466202171320617, 16.072422715504977 ], [ 73.458326092022403, 16.080259651900022 ], [ 73.456536074000084, 16.128587426336111 ], [ 73.411785623442043, 16.272917671611463 ], [ 73.41464965227776, 16.284673076204022 ], [ 73.434339850523301, 16.284346537187563 ], [ 73.449376001910792, 16.30916350243853 ], [ 73.433623843314365, 16.284999615220485 ], [ 73.417155677509001, 16.292510012599067 ], [ 73.409995605419724, 16.274223827677304 ], [ 73.385651360316146, 16.337245857854096 ], [ 73.389231396360785, 16.361083206055682 ], [ 73.397823482867935, 16.354552425726478 ], [ 73.438993897381337, 16.371858993598863 ], [ 73.403193536934893, 16.359450510973382 ], [ 73.392811432405438, 16.360756667039219 ], [ 73.394959454032218, 16.367940525401341 ], [ 73.383861342293827, 16.35879743294046 ], [ 73.368109183697399, 16.364022057203822 ], [ 73.371689219742038, 16.388839022454786 ], [ 73.372763230555435, 16.376104000812845 ], [ 73.387441378338465, 16.394390185734608 ], [ 73.399971504494715, 16.388512483438326 ], [ 73.408205587397404, 16.406798668360089 ], [ 73.481596326312584, 16.409410980491771 ], [ 73.499138502931345, 16.418227533936193 ], [ 73.464770156902759, 16.416268299837434 ], [ 73.474078250618831, 16.439126030989637 ], [ 73.463338142484901, 16.416268299837434 ], [ 73.426821774829548, 16.410390597541152 ], [ 73.414291648673299, 16.412676370656371 ], [ 73.416081666695618, 16.419860229018493 ], [ 73.399255497285793, 16.402553661146108 ], [ 73.36631916567508, 16.396675958849826 ], [ 73.355579057541149, 16.442391421154237 ], [ 73.367393176488463, 16.436513718857956 ], [ 73.385651360316146, 16.4492487404999 ], [ 73.351999021496496, 16.443697577220078 ], [ 73.324790747557216, 16.512923848709612 ], [ 73.315840657445605, 16.512923848709612 ], [ 73.310470603378633, 16.541332743141638 ], [ 73.332308823250969, 16.561904701178623 ], [ 73.346270963825077, 16.529577338549075 ] ] ] } },
{ "type": "Feature", "properties": { "dt_code": "517", "district": "Thane", "st_nm": "Maharashtra", "st_code": "27", "year": "2011_c" }, "geometry": { "type": "Polygon", "coordinates": [ [ [ 73.485176362357237, 19.724761614610852 ], [ 73.519902711990269, 19.706801968705548 ], [ 73.515606668736694, 19.697332337228207 ], [ 73.529210805706342, 19.697332337228207 ], [ 73.543888953489386, 19.658800733285918 ], [ 73.559283108481338, 19.645412633611055 ], [ 73.563221148130452, 19.619289512294252 ], [ 73.585059368002774, 19.611126036882748 ], [ 73.575751274286702, 19.602309483438326 ], [ 73.588281400442952, 19.606881029668767 ], [ 73.613699656359927, 19.595125625076204 ], [ 73.614415663568849, 19.592186773928063 ], [ 73.616205681591168, 19.585655993598863 ], [ 73.628377804142957, 19.569329042775859 ], [ 73.622649746471524, 19.542226304409674 ], [ 73.632673847396532, 19.532430133915874 ], [ 73.657734099709032, 19.536675141129852 ], [ 73.664178164589387, 19.511858175878888 ], [ 73.674918272723318, 19.509245863747207 ], [ 73.679930323185829, 19.518715495224548 ], [ 73.686374388066184, 19.500429310302785 ], [ 73.708570611542967, 19.494878147022963 ], [ 73.71394066560994, 19.48442889849624 ], [ 73.673844261909935, 19.460918089311118 ], [ 73.69281845294654, 19.434141889961392 ], [ 73.730408831415289, 19.430549960780329 ], [ 73.727186798975112, 19.416835322089007 ], [ 73.758691116167981, 19.398549137167244 ], [ 73.770147231510833, 19.38548757650884 ], [ 73.777307303600125, 19.387773349624062 ], [ 73.779097321622444, 19.386467193558222 ], [ 73.794133473009936, 19.360344072241414 ], [ 73.794849480218872, 19.330302482727088 ], [ 73.772653256742089, 19.342057887319651 ], [ 73.773727267555472, 19.330629021743547 ], [ 73.742580953967078, 19.322792085348507 ], [ 73.741864946758156, 19.334874028957529 ], [ 73.672054243887601, 19.301240510262144 ], [ 73.671338236678679, 19.300913971245684 ], [ 73.66775820063404, 19.290791261735421 ], [ 73.691744442133142, 19.262708906319855 ], [ 73.69281845294654, 19.255525047957732 ], [ 73.689954424110823, 19.250626962710832 ], [ 73.660598128544748, 19.239524636151188 ], [ 73.629809818560815, 19.203931883357043 ], [ 73.623007750075999, 19.216340365982525 ], [ 73.611909638337607, 19.210462663686243 ], [ 73.605823577061713, 19.192829556797399 ], [ 73.534222856168839, 19.178461840073158 ], [ 73.540308917444733, 19.159196038102014 ], [ 73.529568809310803, 19.15593064793741 ], [ 73.54532096790723, 19.140583314163788 ], [ 73.541740931862591, 19.117725583011584 ], [ 73.525272766057228, 19.129154448587688 ], [ 73.524914762452767, 19.129480987604147 ], [ 73.517038683154553, 19.129480987604147 ], [ 73.476226272245626, 19.129480987604147 ], [ 73.444721955052756, 19.129807526620606 ], [ 73.354147043123291, 19.130460604653528 ], [ 73.307248570938455, 19.10629671743548 ], [ 73.319062689885783, 19.079847057102217 ], [ 73.297224470013461, 19.072010120707173 ], [ 73.297940477222383, 19.082785908250358 ], [ 73.279324289790239, 19.086051298414958 ], [ 73.251042005037561, 19.061234333163991 ], [ 73.195193442741129, 19.126542136456006 ], [ 73.195193442741129, 19.126215597439547 ], [ 73.185527345420596, 19.117725583011584 ], [ 73.175861248100048, 19.108909029567162 ], [ 73.152949017414343, 19.113154036781143 ], [ 73.143640923698257, 19.125562519406625 ], [ 73.130394790333085, 19.108582490550702 ], [ 73.07776826047683, 19.113807114814062 ], [ 73.048411964910756, 19.09845978104044 ], [ 73.048411964910756, 19.09845978104044 ], [ 73.048053961306294, 19.09813324202398 ], [ 73.043757918052719, 19.018457722007724 ], [ 73.034807827941108, 19.003763466267021 ], [ 72.999007467494678, 18.987109976427558 ], [ 72.956405038563418, 18.987436515444017 ], [ 72.976811244017895, 19.038703141028247 ], [ 72.966071135883965, 19.093888234809999 ], [ 72.980033276458073, 19.154951030888032 ], [ 72.966787143092887, 19.176829144990855 ], [ 72.934924822295557, 19.191523400731558 ], [ 72.90485251952056, 19.247361572546232 ], [ 72.860102068962519, 19.268586608616136 ], [ 72.838979856299119, 19.265647757467995 ], [ 72.823943704911628, 19.24507579943101 ], [ 72.784205304816084, 19.263688523369236 ], [ 72.7870693336518, 19.307118212558425 ], [ 72.797809441785731, 19.304505900426744 ], [ 72.797809441785731, 19.304179361410284 ], [ 72.798525448994653, 19.304179361410284 ], [ 72.854732014895561, 19.318873617150988 ], [ 72.898408454640204, 19.287525871570821 ], [ 72.901988490684843, 19.287525871570821 ], [ 72.921320685325924, 19.287525871570821 ], [ 72.935640829504493, 19.287852410587281 ], [ 72.936356836713415, 19.28817894960374 ], [ 72.959627071003595, 19.299934354196303 ], [ 72.942084894384848, 19.331935177809388 ], [ 72.943158905198246, 19.338465958138592 ], [ 72.952108995309857, 19.376017945031499 ], [ 72.957837052981276, 19.400181832249544 ], [ 72.976811244017895, 19.398222598150785 ], [ 72.975379229600037, 19.410304541759807 ], [ 73.000797485516998, 19.423039563401748 ], [ 73.014401622486645, 19.442631904389351 ], [ 73.015475633300042, 19.443938060455192 ], [ 73.016549644113425, 19.445570755537492 ], [ 72.992205399009848, 19.468101947673237 ], [ 72.989699373778606, 19.489980061776063 ], [ 73.002945507143778, 19.502715083418007 ], [ 73.017265651322361, 19.506307012599066 ], [ 73.029079770269675, 19.490633139808985 ], [ 73.039103871194683, 19.497163920138185 ], [ 73.05664604781343, 19.479204274232881 ], [ 73.133258819168802, 19.500429310302785 ], [ 73.133974826377724, 19.516429722109329 ], [ 73.165837147175054, 19.521980885389148 ], [ 73.210587597733095, 19.5608390283479 ], [ 73.194477435532193, 19.599044093273726 ], [ 73.228845781560779, 19.603289100487707 ], [ 73.234931842836673, 19.61700373917903 ], [ 73.248535979806306, 19.61014641983337 ], [ 73.256770062708995, 19.628759143771592 ], [ 73.285052347461672, 19.62484067557407 ], [ 73.270374199678628, 19.657821116236537 ], [ 73.285410351066133, 19.692434251981304 ], [ 73.320852707908102, 19.674474606076004 ], [ 73.328728787206316, 19.691781173948385 ], [ 73.34734497463846, 19.694066947063604 ], [ 73.359517097190249, 19.673168450010159 ], [ 73.382429327875968, 19.699291571326967 ], [ 73.415007655882221, 19.698311954277585 ], [ 73.41285963425544, 19.70778158575493 ], [ 73.430401810874187, 19.701903883458648 ], [ 73.448301991097409, 19.71921045133103 ], [ 73.474078250618831, 19.721496224446252 ], [ 73.476942279454548, 19.731945472972974 ], [ 73.483386344334903, 19.724108536577933 ], [ 73.485176362357237, 19.724761614610852 ] ] ] } },
{ "type": "Feature", "properties": { "dt_code": "732", "district": "Palghar", "st_nm": "Maharashtra", "st_code": "27", "year": "update2014" }, "geometry": { "type": "MultiPolygon", "coordinates": [ [ [ [ 73.269658192469706, 20.109424576000812 ], [ 73.271090206887564, 20.096036476325949 ], [ 73.313692635818825, 20.091138391079049 ], [ 73.308322581751852, 20.056198716317823 ], [ 73.314050639423286, 20.050321014021542 ], [ 73.314766646632208, 20.04934139697216 ], [ 73.316198661050066, 20.048035240906323 ], [ 73.35772707916793, 20.040524843527741 ], [ 73.36631916567508, 20.019952885490756 ], [ 73.406415569375085, 20.018646729424916 ], [ 73.425747764016151, 19.985339749745989 ], [ 73.450808016328651, 19.982400898597845 ], [ 73.455462063186687, 19.958563550396264 ], [ 73.439709904590259, 19.955624699248119 ], [ 73.439351900985798, 19.934399663178219 ], [ 73.421093717158115, 19.916113478256452 ], [ 73.436845875754543, 19.873663406116645 ], [ 73.413933645068823, 19.858316072343023 ], [ 73.413933645068823, 19.85798953332656 ], [ 73.420377709949193, 19.834805263157897 ], [ 73.442215929821515, 19.825988709713474 ], [ 73.444721955052756, 19.774069006096322 ], [ 73.448301991097409, 19.769170920849422 ], [ 73.450092009119729, 19.766232069701282 ], [ 73.450808016328651, 19.764925913635441 ], [ 73.495916470491153, 19.759701289372082 ], [ 73.500928520953664, 19.753497048059337 ], [ 73.503434546184906, 19.736517019203415 ], [ 73.503434546184906, 19.733578168055274 ], [ 73.486966380379556, 19.726067770676693 ], [ 73.484818358752761, 19.725088153627311 ], [ 73.485176362357237, 19.724761614610852 ], [ 73.483386344334903, 19.724108536577933 ], [ 73.476942279454548, 19.731945472972974 ], [ 73.474078250618831, 19.721496224446252 ], [ 73.448301991097409, 19.71921045133103 ], [ 73.430401810874187, 19.701903883458648 ], [ 73.41285963425544, 19.70778158575493 ], [ 73.415007655882221, 19.698311954277585 ], [ 73.382429327875968, 19.699291571326967 ], [ 73.359517097190249, 19.673168450010159 ], [ 73.34734497463846, 19.694066947063604 ], [ 73.328728787206316, 19.691781173948385 ], [ 73.320852707908102, 19.674474606076004 ], [ 73.285410351066133, 19.692434251981304 ], [ 73.270374199678628, 19.657821116236537 ], [ 73.285052347461672, 19.62484067557407 ], [ 73.256770062708995, 19.628759143771592 ], [ 73.248535979806306, 19.61014641983337 ], [ 73.234931842836673, 19.61700373917903 ], [ 73.228845781560779, 19.603289100487707 ], [ 73.194477435532193, 19.599044093273726 ], [ 73.210587597733095, 19.5608390283479 ], [ 73.165837147175054, 19.521980885389148 ], [ 73.133974826377724, 19.516429722109329 ], [ 73.133258819168802, 19.500429310302785 ], [ 73.05664604781343, 19.479204274232881 ], [ 73.039103871194683, 19.497163920138185 ], [ 73.029079770269675, 19.490633139808985 ], [ 73.017265651322361, 19.506307012599066 ], [ 73.002945507143778, 19.502715083418007 ], [ 72.989699373778606, 19.489980061776063 ], [ 72.992205399009848, 19.468101947673237 ], [ 73.016549644113425, 19.445570755537492 ], [ 73.015475633300042, 19.443938060455192 ], [ 73.014401622486645, 19.442631904389351 ], [ 73.000797485516998, 19.423039563401748 ], [ 72.975379229600037, 19.410304541759807 ], [ 72.976811244017895, 19.398222598150785 ], [ 72.957837052981276, 19.400181832249544 ], [ 72.952108995309857, 19.376017945031499 ], [ 72.943158905198246, 19.338465958138592 ], [ 72.942084894384848, 19.331935177809388 ], [ 72.959627071003595, 19.299934354196303 ], [ 72.936356836713415, 19.28817894960374 ], [ 72.935640829504493, 19.287852410587281 ], [ 72.921320685325924, 19.287525871570821 ], [ 72.901988490684843, 19.287525871570821 ], [ 72.898408454640204, 19.287525871570821 ], [ 72.854732014895561, 19.318873617150988 ], [ 72.798525448994653, 19.304179361410284 ], [ 72.797809441785731, 19.304179361410284 ], [ 72.797809441785731, 19.304505900426744 ], [ 72.799957463412511, 19.329975943710629 ], [ 72.768811149824117, 19.374711788965659 ], [ 72.775255214704472, 19.357405221093273 ], [ 72.758429045294648, 19.374058710932736 ], [ 72.774897211100011, 19.412916853891488 ], [ 72.762367084943762, 19.396916442084944 ], [ 72.744108901116078, 19.461897706360496 ], [ 72.773107193077692, 19.48769428866084 ], [ 72.76773713901072, 19.507613168664907 ], [ 72.718690645199104, 19.539613992277992 ], [ 72.726924728101793, 19.56704326966064 ], [ 72.716542623572323, 19.572920971956918 ], [ 72.715826616363401, 19.592186773928063 ], [ 72.746972929951795, 19.598391015240807 ], [ 72.742318883093759, 19.589574461796385 ], [ 72.759861059712506, 19.600676788356026 ], [ 72.76773713901072, 19.586309071631781 ], [ 72.771675178659834, 19.599697171306644 ], [ 72.789217355278581, 19.597411398191426 ], [ 72.785995322838403, 19.607860646718148 ], [ 72.772391185868756, 19.608187185734607 ], [ 72.78026726516697, 19.617330278195489 ], [ 72.772391185868756, 19.635616463117252 ], [ 72.758429045294648, 19.608187185734607 ], [ 72.750552965996434, 19.61667720016257 ], [ 72.739454854258042, 19.598717554257266 ], [ 72.729430753333034, 19.601656405405407 ], [ 72.725850717288395, 19.628759143771592 ], [ 72.750194962391973, 19.619289512294252 ], [ 72.748046940765178, 19.647045328693356 ], [ 72.731578774959829, 19.648678023775656 ], [ 72.733726796586609, 19.629085682788052 ], [ 72.715826616363401, 19.646392250660437 ], [ 72.718332641594642, 19.634636846067874 ], [ 72.70687652625179, 19.680025769355822 ], [ 72.713678594736606, 19.695046564112985 ], [ 72.694704403700001, 19.727047387726074 ], [ 72.704370501020534, 19.727373926742533 ], [ 72.704370501020534, 19.736190480186956 ], [ 72.691482371259823, 19.738476253302174 ], [ 72.685396309983929, 19.758068594289782 ], [ 72.691482371259823, 19.795620581182689 ], [ 72.676088216267857, 19.815539461186752 ], [ 72.680384259521432, 19.824356014631174 ], [ 72.667496129760707, 19.821090624466571 ], [ 72.654608, 19.836437958240197 ], [ 72.658188036044635, 19.847866823816297 ], [ 72.682532281148212, 19.852111831030278 ], [ 72.672150176618743, 19.85472414316196 ], [ 72.683964295566071, 19.868112242836823 ], [ 72.686470320797326, 19.858969150375941 ], [ 72.700074457766959, 19.858969150375941 ], [ 72.701506472184818, 19.880520725462304 ], [ 72.695420410908923, 19.865173391688682 ], [ 72.688260338819646, 19.874969562182486 ], [ 72.680384259521432, 19.866153008738063 ], [ 72.68575431358839, 19.909909236943712 ], [ 72.677878234290176, 19.901092683499289 ], [ 72.663916093716068, 19.933746585145297 ], [ 72.68575431358839, 19.941583521540338 ], [ 72.690050356841965, 19.958563550396264 ], [ 72.720838666825898, 19.968033181873604 ], [ 72.711172569505365, 19.960196245478564 ], [ 72.726208720892856, 19.953992004165819 ], [ 72.718332641594642, 19.945828528754319 ], [ 72.729430753333034, 19.921338102519815 ], [ 72.739096850653581, 19.923623875635034 ], [ 72.73408480019107, 19.909909236943712 ], [ 72.743750897511617, 19.902072300548671 ], [ 72.750552965996434, 19.916766556289375 ], [ 72.758429045294648, 19.882153420544604 ], [ 72.7659471209884, 19.901419222515749 ], [ 72.775255214704472, 19.900439605466371 ], [ 72.762009081339301, 19.936358897276978 ], [ 72.77453920749555, 19.94386929465556 ], [ 72.770601167846436, 19.953992004165819 ], [ 72.746972929951795, 19.95203277006706 ], [ 72.753416994832151, 19.961502401544401 ], [ 72.776687229122331, 19.961175862527941 ], [ 72.765589117383939, 19.982400898597845 ], [ 72.745898919138398, 19.980441664499086 ], [ 72.741960879489298, 19.969339337939445 ], [ 72.740170861466964, 19.98860513991059 ], [ 72.732652785773226, 19.971625111054664 ], [ 72.725850717288395, 19.98860513991059 ], [ 72.716542623572323, 19.973257806136964 ], [ 72.722628684848218, 19.99480938122333 ], [ 72.708666544274109, 20.073831823206667 ], [ 72.734800807400006, 20.09244454714489 ], [ 72.737664836235723, 20.128037299939038 ], [ 72.774897211100011, 20.131955768136557 ], [ 72.793871402136617, 20.123139214692138 ], [ 72.785279315629481, 20.144690789778501 ], [ 72.805685521083944, 20.154160421255845 ], [ 72.82465971212055, 20.14175193863036 ], [ 72.8160676256134, 20.184202010770171 ], [ 72.837189838276799, 20.188447017984149 ], [ 72.831103777000905, 20.19628395437919 ], [ 72.838979856299119, 20.208692437004675 ], [ 72.861534083380377, 20.207386280938834 ], [ 72.85867005454466, 20.224692848811216 ], [ 72.873348202327705, 20.226652082909979 ], [ 72.962849103443773, 20.209672054054053 ], [ 72.96177509263039, 20.184202010770171 ], [ 72.977527251226817, 20.179630464539727 ], [ 72.964281117861631, 20.126078065840279 ], [ 72.977527251226817, 20.112689966165416 ], [ 72.992563402614323, 20.117588051412316 ], [ 72.998291460285742, 20.143058094696201 ], [ 73.011537593650928, 20.134568080268238 ], [ 73.001513492725934, 20.111710349116034 ], [ 73.045189932470578, 20.065341808778705 ], [ 73.052708008164331, 20.064688730745786 ], [ 73.055930040604508, 20.098975327474093 ], [ 73.064522127111644, 20.098648788457631 ], [ 73.103544519998266, 20.089505695996749 ], [ 73.112136606505402, 20.074158362223127 ], [ 73.137196858817902, 20.08591376681569 ], [ 73.166195150779515, 20.054892560251982 ], [ 73.191971410300951, 20.049667935988623 ], [ 73.189107381465234, 20.077423752387727 ], [ 73.210587597733095, 20.08591376681569 ], [ 73.210587597733095, 20.120526902560457 ], [ 73.224907741911665, 20.14011924354806 ], [ 73.224907741911665, 20.123465753708597 ], [ 73.244955943761667, 20.127710760922579 ], [ 73.253548030268817, 20.112689966165416 ], [ 73.269658192469706, 20.109424576000812 ] ] ], [ [ [ 73.001513492725934, 20.215876295366797 ], [ 72.979317269249137, 20.215549756350335 ], [ 72.979675272853598, 20.23416248028856 ], [ 73.005809535979495, 20.231876707173342 ], [ 73.001513492725934, 20.215876295366797 ] ] ] ] } },
{ "type": "Feature", "properties": { "dt_code": "497", "district": "Nandurbar", "st_nm": "Maharashtra", "st_code": "27", "year": "2011_c" }, "geometry": { "type": "Polygon", "coordinates": [ [ [ 74.775063349242188, 21.615422519914652 ], [ 74.758595183436839, 21.576564376955904 ], [ 74.753225129369866, 21.478929211034345 ], [ 74.699524588700214, 21.468806501524082 ], [ 74.704536639162725, 21.452153011684619 ], [ 74.692364516610937, 21.420805266104452 ], [ 74.688426476961823, 21.41002947856127 ], [ 74.636157950710029, 21.401539464133307 ], [ 74.635083939896646, 21.401539464133307 ], [ 74.597135557823421, 21.416233719874011 ], [ 74.570285287488602, 21.402192542166226 ], [ 74.534484927042172, 21.426356429384271 ], [ 74.495820537760025, 21.425703351351352 ], [ 74.501548595431444, 21.415580641841089 ], [ 74.493314512528769, 21.391416754623044 ], [ 74.508350663916275, 21.389457520524285 ], [ 74.49152449450645, 21.371497874618981 ], [ 74.490092480088592, 21.349946299532618 ], [ 74.476130339514484, 21.349293221499696 ], [ 74.481858397185917, 21.308802383458648 ], [ 74.473624314283228, 21.305863532310507 ], [ 74.474340321492164, 21.296393900833166 ], [ 74.491882498110911, 21.298679673948385 ], [ 74.500474584618061, 21.283985418207681 ], [ 74.490092480088592, 21.242514963117252 ], [ 74.434959925001081, 21.236637260820974 ], [ 74.437823953836798, 21.254596906726277 ], [ 74.40954166908412, 21.257209218857959 ], [ 74.412047694315362, 21.26635231131884 ], [ 74.355841128414468, 21.251984594594596 ], [ 74.356915139227866, 21.23173917557407 ], [ 74.337940948191246, 21.228147246393011 ], [ 74.317176739132321, 21.233045331639911 ], [ 74.317176739132321, 21.248066126397074 ], [ 74.299276558909099, 21.238596494919733 ], [ 74.245934021843922, 21.248066126397074 ], [ 74.219441755113564, 21.240229190002033 ], [ 74.212281683024273, 21.221616466063807 ], [ 74.186505423502837, 21.219983770981507 ], [ 74.178987347809098, 21.209207983438326 ], [ 74.163235189212656, 21.214432607701688 ], [ 74.157507131541237, 21.230759558524692 ], [ 74.143186987362654, 21.21867761491567 ], [ 74.14569301259391, 21.207901827372488 ], [ 74.119558749468013, 21.21377952966877 ], [ 74.057266122291225, 21.169043684413737 ], [ 74.084116392626044, 21.139981711948792 ], [ 74.068722237634077, 21.125613995224548 ], [ 74.048316032179613, 21.127246690306848 ], [ 74.049748046597472, 21.136389782767729 ], [ 74.035785906023364, 21.145206336212155 ], [ 74.019317740218, 21.141940946047551 ], [ 74.009293639293006, 21.12757322932331 ], [ 74.0153797005689, 21.102429725055885 ], [ 74.000701552785856, 21.120715909977648 ], [ 73.974209286055498, 21.112225895549685 ], [ 73.948075022929601, 21.08316392308474 ], [ 73.956309105832275, 21.068469667344036 ], [ 73.94592700130282, 21.060632730948996 ], [ 73.955235095018892, 21.039407694879092 ], [ 73.948433026534062, 21.032550375533429 ], [ 73.907620615625135, 21.042346546027233 ], [ 73.882918366917096, 21.029938063401751 ], [ 73.854278078559943, 21.032876914549888 ], [ 73.849266028097446, 20.999569934870962 ], [ 73.795565487427794, 21.044305780125992 ], [ 73.810601638815299, 21.059326574883155 ], [ 73.807379606375122, 21.084470079150581 ], [ 73.780171332435827, 21.064224660130055 ], [ 73.759765126981364, 21.069122745376959 ], [ 73.729692824206367, 21.082184306035359 ], [ 73.743654964780475, 21.114838207681366 ], [ 73.729692824206367, 21.099490873907744 ], [ 73.70534857910279, 21.108307427352166 ], [ 73.702842553871534, 21.118103597845966 ], [ 73.688880413297426, 21.100470490957122 ], [ 73.651648038433137, 21.107654349319244 ], [ 73.645919980761718, 21.121042448994107 ], [ 73.617995699613488, 21.118103597845966 ], [ 73.617279692404566, 21.142594024080474 ], [ 73.598663504972421, 21.156635201788255 ], [ 73.578257299517958, 21.150430960475514 ], [ 73.57718328870456, 21.170349840479577 ], [ 73.599737515785819, 21.181452167039222 ], [ 73.607613595084032, 21.158920974903477 ], [ 73.629093811351893, 21.154675967689496 ], [ 73.626945789725099, 21.142920563096933 ], [ 73.643055951926002, 21.139328633915873 ], [ 73.667400197029565, 21.154349428673036 ], [ 73.731482842228687, 21.140961328998173 ], [ 73.736852896295645, 21.153043272607196 ], [ 73.728260809788509, 21.161859826051618 ], [ 73.740074928735822, 21.171329457528959 ], [ 73.771937249533153, 21.164472138183299 ], [ 73.784825379293864, 21.1840644791709 ], [ 73.815613689277797, 21.17394176966064 ], [ 73.825637790202805, 21.187003330319044 ], [ 73.825637790202805, 21.199738351960985 ], [ 73.815255685673336, 21.197126039829303 ], [ 73.810243635210838, 21.207575288356026 ], [ 73.811675649628697, 21.230759558524692 ], [ 73.828143815434046, 21.239576111969114 ], [ 73.822773761367088, 21.270597318532822 ], [ 73.879338330872457, 21.265699233285918 ], [ 73.933038871542095, 21.290842737553344 ], [ 73.942346965258167, 21.299985830014226 ], [ 73.948791030138537, 21.350925916581996 ], [ 73.938766929213529, 21.404804854297907 ], [ 73.959531138272467, 21.395008683804107 ], [ 74.002491570808175, 21.42145834413737 ], [ 74.044735996134975, 21.418846032005689 ], [ 74.045452003343897, 21.445948770371878 ], [ 74.062636176358183, 21.474357664803904 ], [ 74.072302273678716, 21.457051096931519 ], [ 74.100584558431407, 21.447581465454178 ], [ 74.125286807139446, 21.466520728408859 ], [ 74.136026915273376, 21.456071479882141 ], [ 74.160729163981415, 21.468806501524082 ], [ 74.182209380249276, 21.469133040540541 ], [ 74.187579434316234, 21.4580307139809 ], [ 74.209059650584095, 21.462275721194882 ], [ 74.214071701046592, 21.481541523166023 ], [ 74.234477906501056, 21.482194601198945 ], [ 74.235551917314453, 21.467500345458241 ], [ 74.253452097537675, 21.467500345458241 ], [ 74.255958122768916, 21.476643437919122 ], [ 74.303930605767135, 21.488072303495226 ], [ 74.303930605767135, 21.49950116907133 ], [ 74.32075677517696, 21.498521552021948 ], [ 74.330422872497508, 21.552727028754319 ], [ 74.302856594953752, 21.5520739507214 ], [ 74.294980515655539, 21.569053979577323 ], [ 74.276006324618919, 21.5618701212152 ], [ 74.263476198462669, 21.539665468095919 ], [ 74.235909920918914, 21.539338929079456 ], [ 74.229107852434097, 21.55403318482016 ], [ 74.196887528032306, 21.532155070717337 ], [ 74.182567383853737, 21.542277780227597 ], [ 74.175765315368906, 21.568727440560863 ], [ 74.157507131541237, 21.568727440560863 ], [ 74.136742922482298, 21.546196248425119 ], [ 74.118842742259091, 21.556318957935382 ], [ 74.113114684587657, 21.548482021540337 ], [ 74.103090583662649, 21.556318957935382 ], [ 74.071944270074255, 21.547828943507419 ], [ 74.054760097059969, 21.5586047310506 ], [ 74.042945978112641, 21.542277780227597 ], [ 74.037575924045683, 21.55076779465556 ], [ 74.005355599643892, 21.553380106787237 ], [ 73.998195527554614, 21.538685851046537 ], [ 73.973851282451037, 21.542604319244056 ], [ 73.982443368958172, 21.521705822190611 ], [ 73.966333206757284, 21.521379283174152 ], [ 73.957025113041212, 21.540971624161756 ], [ 73.951655058974239, 21.51256272972973 ], [ 73.905114590393879, 21.524644673338752 ], [ 73.892226460633168, 21.508970800548671 ], [ 73.864302179484952, 21.512236190713271 ], [ 73.869314229947449, 21.500807325137167 ], [ 73.852130056933163, 21.49786847398903 ], [ 73.834587880314416, 21.520399666124774 ], [ 73.813823671255477, 21.600728264173949 ], [ 73.797713509054589, 21.604320193355012 ], [ 73.780171332435827, 21.628157541556597 ], [ 73.814539678464413, 21.644157953363138 ], [ 73.838525919963516, 21.633055626803497 ], [ 73.852130056933163, 21.6461171874619 ], [ 73.887930417379593, 21.653301045824023 ], [ 73.891510453424232, 21.691506110749849 ], [ 73.881128348894777, 21.714690380918512 ], [ 73.824205775784947, 21.761058921255845 ], [ 73.834229876709941, 21.775100098963627 ], [ 73.828859822642983, 21.785875886506808 ], [ 73.837809912754594, 21.789141276671408 ], [ 73.827427808225124, 21.792406666836008 ], [ 73.827069804620663, 21.810039773724853 ], [ 73.808095613584044, 21.809713234708394 ], [ 73.795923491032269, 21.824407490449097 ], [ 73.816687700091194, 21.840734441272101 ], [ 73.872894265992088, 21.841714058321479 ], [ 74.049390042993011, 21.92563458555172 ], [ 74.128150835975163, 21.949471933753301 ], [ 74.157149127936762, 21.950778089819146 ], [ 74.192949488383206, 21.92563458555172 ], [ 74.280660371476955, 21.933144982930301 ], [ 74.300708573326958, 21.967105040642146 ], [ 74.344743016676077, 21.975268516053649 ], [ 74.375889330264471, 22.000412020321075 ], [ 74.398085553741254, 22.022616673440361 ], [ 74.387703449211799, 22.033719 ], [ 74.402023593390368, 22.023269751473279 ], [ 74.431737892560903, 22.030127070818942 ], [ 74.443552011508231, 22.023269751473279 ], [ 74.452144098015367, 22.004003949502135 ], [ 74.432095896165364, 21.999432403271694 ], [ 74.439613971859117, 21.97657467211949 ], [ 74.453218108828764, 21.961880416378786 ], [ 74.469686274634128, 21.967105040642146 ], [ 74.468970267425192, 21.959921182280027 ], [ 74.488660465670733, 21.956002714082505 ], [ 74.484722426021619, 21.945880004572242 ], [ 74.508708667520736, 21.937389990144283 ], [ 74.509424674729658, 21.92073650030482 ], [ 74.524102822512702, 21.911593407843935 ], [ 74.497968559386806, 21.79012089372079 ], [ 74.514078721587694, 21.765630467486282 ], [ 74.505486635080558, 21.726119246494616 ], [ 74.547373056802883, 21.719261927148956 ], [ 74.557397157727877, 21.704241132391793 ], [ 74.554175125287699, 21.681383401239586 ], [ 74.580309388413596, 21.683016096321886 ], [ 74.582099406435916, 21.664729911400123 ], [ 74.664082231858245, 21.652321428774641 ], [ 74.68735246614844, 21.631422931721197 ], [ 74.775063349242188, 21.615422519914652 ] ] ] } },
{ "type": "Feature", "properties": { "dt_code": "503", "district": "Amravati", "st_nm": "Maharashtra", "st_code": "27", "year": "2011_c" }, "geometry": { "type": "Polygon", "coordinates": [ [ [ 78.23767421162114, 21.330353958545011 ], [ 78.232662161158643, 21.327088568380411 ], [ 78.156765397012208, 21.331007036577933 ], [ 78.147815306900597, 21.342435902154037 ], [ 78.14495127806488, 21.343415519203415 ], [ 78.078004604030056, 21.3558240018289 ], [ 78.075498578798801, 21.354844384779518 ], [ 78.079078614843439, 21.330680497561474 ], [ 78.065832481478267, 21.301618525096526 ], [ 78.080868632865773, 21.282026184108922 ], [ 78.061178434620231, 21.277781176894941 ], [ 78.052944351717557, 21.254923445742737 ], [ 78.058314405784515, 21.239576111969114 ], [ 78.071560539149701, 21.236963799837433 ], [ 78.070844531940764, 21.220963388030889 ], [ 78.0966207914622, 21.199411812944525 ], [ 78.092324748208625, 21.178186776874618 ], [ 78.144235270855958, 21.139002094899411 ], [ 78.128125108655055, 21.114838207681366 ], [ 78.145309281669341, 21.102103186039425 ], [ 78.151037339340775, 21.075980064722618 ], [ 78.150321332131853, 21.047897709307051 ], [ 78.136001187953269, 21.037774999796788 ], [ 78.145309281669341, 21.024386900121929 ], [ 78.134569173535411, 21.004468020117862 ], [ 78.147815306900597, 20.987161452245481 ], [ 78.143161260042561, 20.953527933550092 ], [ 78.168579515959522, 20.941772528957529 ], [ 78.181825649324708, 20.904220542064621 ], [ 78.205453887219349, 20.899322456817721 ], [ 78.212971962913102, 20.908792088295062 ], [ 78.257364409866682, 20.886260896159317 ], [ 78.257364409866682, 20.885934357142858 ], [ 78.279202629739004, 20.842831206970128 ], [ 78.29244876310419, 20.84054543385491 ], [ 78.292090759499715, 20.826830795163588 ], [ 78.310348943327398, 20.831402341394025 ], [ 78.313570975767576, 20.832055419426947 ], [ 78.316077000998831, 20.822585787949606 ], [ 78.316793008207753, 20.820300014834384 ], [ 78.31750901541669, 20.818014241719162 ], [ 78.299250831589006, 20.813116156472262 ], [ 78.29638680275329, 20.811810000406425 ], [ 78.292806766708651, 20.799728056797399 ], [ 78.292806766708651, 20.774584552529973 ], [ 78.306410903678298, 20.764461843019713 ], [ 78.312138961349717, 20.737359104653528 ], [ 78.298176820775609, 20.701113273826458 ], [ 78.297460813566687, 20.698827500711239 ], [ 78.296744806357751, 20.699807117760621 ], [ 78.292806766708651, 20.709276749237961 ], [ 78.291016748686332, 20.707970593172121 ], [ 78.277054608112223, 20.695888649563098 ], [ 78.275980597298826, 20.695888649563098 ], [ 78.274190579276507, 20.693276337431417 ], [ 78.261302449515782, 20.697194805628939 ], [ 78.255574391844362, 20.683153627921154 ], [ 78.254858384635426, 20.683153627921154 ], [ 78.218700020584535, 20.692623259398498 ], [ 78.217268006166677, 20.690337486283276 ], [ 78.205453887219349, 20.674010535460273 ], [ 78.182183652929169, 20.677275925624876 ], [ 78.156765397012208, 20.65866320168665 ], [ 78.128125108655055, 20.662581669884169 ], [ 78.129199119468453, 20.646907797094087 ], [ 78.110582932036309, 20.639397399715506 ], [ 78.093398759022023, 20.641030094797806 ], [ 78.099126816693456, 20.665847060048772 ], [ 78.089460719372909, 20.671398223328595 ], [ 78.036834189516654, 20.665520521032313 ], [ 78.018576005688971, 20.640377016764887 ], [ 78.02036602371129, 20.626009300040643 ], [ 77.99530577139879, 20.624376604958343 ], [ 77.973109547922007, 20.587477696098354 ], [ 77.932655140617541, 20.575395752489332 ], [ 77.925137064923788, 20.558742262649869 ], [ 77.912606938767539, 20.566905738061372 ], [ 77.917618989230036, 20.60739657610242 ], [ 77.894706758544316, 20.625029682991261 ], [ 77.878596596343428, 20.60935581020118 ], [ 77.866066470187178, 20.610335427250561 ], [ 77.867140481000561, 20.595314632493398 ], [ 77.846376271941637, 20.587804235114817 ], [ 77.840290210665742, 20.564946503962609 ], [ 77.810575911495206, 20.584212305933754 ], [ 77.805563861032709, 20.564293425929691 ], [ 77.778713590697876, 20.540129538711646 ], [ 77.751505316758596, 20.544701084942087 ], [ 77.741481215833588, 20.56135457478155 ], [ 77.697088768880008, 20.572130362324732 ], [ 77.665942455291614, 20.579967298719772 ], [ 77.650906303904108, 20.564946503962609 ], [ 77.650190296695186, 20.564293425929691 ], [ 77.627636069613928, 20.566579199044909 ], [ 77.656634361575541, 20.639070860699047 ], [ 77.648042275068406, 20.648540492176387 ], [ 77.654128336344286, 20.66062243578541 ], [ 77.635154145307681, 20.65898974070311 ], [ 77.633722130889822, 20.712542139402562 ], [ 77.610809900204103, 20.717766763665921 ], [ 77.610809900204103, 20.719072919731765 ], [ 77.619759990315714, 20.779156098760417 ], [ 77.610809900204103, 20.778503020727495 ], [ 77.610093892995181, 20.799728056797399 ], [ 77.55281331628089, 20.823238865982525 ], [ 77.551023298258571, 20.854260072546232 ], [ 77.528827074781773, 20.84870890926641 ], [ 77.475484537716596, 20.860790852875432 ], [ 77.479064573761235, 20.879730115830117 ], [ 77.465102433187127, 20.880383193863036 ], [ 77.43503013041213, 20.842831206970128 ], [ 77.336937142788898, 20.84381082401951 ], [ 77.315098922916576, 20.857525462710832 ], [ 77.286100630954962, 20.846749675167651 ], [ 77.221659982151394, 20.858505079760214 ], [ 77.210919874017463, 20.848382370249951 ], [ 77.180489567637991, 20.849688526315791 ], [ 77.160441365787989, 20.869933945336314 ], [ 77.152923290094236, 20.858505079760214 ], [ 77.129295052199595, 20.863403165007114 ], [ 77.135023109871028, 20.920547492887625 ], [ 77.160441365787989, 20.971814118471855 ], [ 77.134665106266553, 20.974426430603536 ], [ 77.133233091848695, 20.98912068634424 ], [ 77.167243434272805, 20.98912068634424 ], [ 77.172255484735317, 21.013611112578744 ], [ 77.172971491944239, 21.023733822089007 ], [ 77.150059261258519, 21.033203453566351 ], [ 77.150059261258519, 21.069775823409877 ], [ 77.176193524384416, 21.072388135541559 ], [ 77.172255484735317, 21.118756675878888 ], [ 77.19659972983888, 21.121042448994107 ], [ 77.19659972983888, 21.138675555882951 ], [ 77.163305394623706, 21.135736704734811 ], [ 77.160083362183528, 21.145206336212155 ], [ 77.166885430668344, 21.186676791302581 ], [ 77.184785610891566, 21.199738351960985 ], [ 77.174403506362097, 21.222922622129651 ], [ 77.190513668562986, 21.235331104755133 ], [ 77.190513668562986, 21.237290338853892 ], [ 77.169749459504061, 21.242841502133714 ], [ 77.167243434272805, 21.242841502133714 ], [ 77.131085070221914, 21.22031030999797 ], [ 77.093852695357626, 21.226188012294251 ], [ 77.079890554783518, 21.216065302783988 ], [ 77.034066093412079, 21.246759970331233 ], [ 77.006141812263863, 21.228800324425933 ], [ 76.99862373657011, 21.195819883763463 ], [ 76.91664091114778, 21.200717969010366 ], [ 76.790623642376346, 21.183411401137981 ], [ 76.788475620749551, 21.186023713269662 ], [ 76.782389559473657, 21.193534110648244 ], [ 76.767711411690627, 21.191248337533022 ], [ 76.760909343205796, 21.219983770981507 ], [ 76.745873191818305, 21.223249161146111 ], [ 76.740861141355794, 21.241208807051414 ], [ 76.748737220654021, 21.250678438528755 ], [ 76.724034971945983, 21.289536581487503 ], [ 76.662458351978117, 21.280393489026622 ], [ 76.621287937464714, 21.332313192643774 ], [ 76.740145134146871, 21.411335634627108 ], [ 76.744083173795985, 21.439744529059134 ], [ 76.785611591913835, 21.465214572343022 ], [ 76.795635692838843, 21.489704998577526 ], [ 76.763057364832591, 21.520726205141234 ], [ 76.789549631562949, 21.536400077931315 ], [ 76.781315548660274, 21.564482433346882 ], [ 76.795993696443304, 21.594197483844749 ], [ 76.832868067703131, 21.588972859581389 ], [ 76.854348283970992, 21.613136746799434 ], [ 76.90196276336475, 21.59680979597643 ], [ 76.928813033699569, 21.624239073359075 ], [ 77.073446489903162, 21.719261927148956 ], [ 77.129295052199595, 21.722200778297093 ], [ 77.165095412646025, 21.710445373704534 ], [ 77.175835520779955, 21.725466168461697 ], [ 77.191587679376383, 21.720894622231256 ], [ 77.188007643331744, 21.701955359276571 ], [ 77.210203866808527, 21.689873415667549 ], [ 77.227388039822813, 21.69934304714489 ], [ 77.226672032613891, 21.716976154033734 ], [ 77.259966367829065, 21.714037302885593 ], [ 77.271422483171932, 21.728078480593375 ], [ 77.28717464176836, 21.722200778297093 ], [ 77.280372573283543, 21.758446609124164 ], [ 77.403883816823736, 21.752242367811423 ], [ 77.479064573761235, 21.769875474700264 ], [ 77.479422577365696, 21.754201601910182 ], [ 77.502692811655891, 21.745711587482219 ], [ 77.525605042341596, 21.724486551412316 ], [ 77.525963045946071, 21.711751529770375 ], [ 77.543863226169279, 21.70391459337533 ], [ 77.575725546966609, 21.620973683194475 ], [ 77.576799557779992, 21.555012801869541 ], [ 77.595415745212136, 21.559584348099982 ], [ 77.611525907413039, 21.538685851046537 ], [ 77.575367543362148, 21.526603907437515 ], [ 77.503050815260352, 21.5520739507214 ], [ 77.454362325053197, 21.5537066458037 ], [ 77.44970827819516, 21.541624702194678 ], [ 77.425364033091583, 21.538032773013615 ], [ 77.422142000651405, 21.517134275960171 ], [ 77.443264213314805, 21.487092686445845 ], [ 77.441474195292486, 21.471418813655763 ], [ 77.473336516089802, 21.454438784799841 ], [ 77.487656660268385, 21.374436725767122 ], [ 77.514148926998743, 21.375742881832963 ], [ 77.532049107221951, 21.418846032005689 ], [ 77.561763406392501, 21.395988300853485 ], [ 77.56355342441482, 21.369212101503759 ], [ 77.587539665913923, 21.362681321174559 ], [ 77.607587867763925, 21.364640555273319 ], [ 77.605439846137145, 21.390763676590126 ], [ 77.653770332739825, 21.391090215606585 ], [ 77.669880494940728, 21.3688855624873 ], [ 77.692076718417511, 21.397294456919326 ], [ 77.709618895036257, 21.3574566969112 ], [ 77.737185172580013, 21.3623547821581 ], [ 77.750073302340738, 21.382600201178622 ], [ 77.796613770921098, 21.388804442491363 ], [ 77.800909814174673, 21.409376400528348 ], [ 77.883608646805925, 21.384232896260926 ], [ 77.882892639597003, 21.375742881832963 ], [ 77.941247227124677, 21.385539052326763 ], [ 77.942321237938074, 21.396641378886407 ], [ 78.030032121031837, 21.42145834413737 ], [ 78.176097591653274, 21.499174630054867 ], [ 78.18254165653363, 21.511256573663893 ], [ 78.171443544795238, 21.524971212355211 ], [ 78.181825649324708, 21.556645496951841 ], [ 78.223354067442571, 21.55240048973786 ], [ 78.273832575672046, 21.568727440560863 ], [ 78.260228438702399, 21.579176689087586 ], [ 78.266672503582754, 21.591585171713067 ], [ 78.302830867633645, 21.583748235318026 ], [ 78.306410903678298, 21.569380518593782 ], [ 78.34292727133365, 21.588646320564926 ], [ 78.362975473183653, 21.574931681873604 ], [ 78.381591660615797, 21.591585171713067 ], [ 78.372641570504186, 21.613136746799434 ], [ 78.427416121987235, 21.599095569091649 ], [ 78.418824035480085, 21.570686674659623 ], [ 78.438514233725627, 21.517787353993093 ], [ 78.433144179658669, 21.497215395956108 ], [ 78.431354161636335, 21.490031537593985 ], [ 78.434576194076527, 21.473051508738063 ], [ 78.438156230121166, 21.470765735622841 ], [ 78.447464323837238, 21.402845620199148 ], [ 78.421330060711341, 21.399580230034548 ], [ 78.409515941764013, 21.380967506096322 ], [ 78.365123494810447, 21.393702527738267 ], [ 78.362617469579192, 21.383253279211544 ], [ 78.345075292960445, 21.385539052326763 ], [ 78.30712691088722, 21.357130157894737 ], [ 78.289942737872934, 21.354517845763056 ], [ 78.249130326964007, 21.331007036577933 ], [ 78.250562341381851, 21.330027419528552 ], [ 78.23767421162114, 21.330353958545011 ] ] ] } },
{ "type": "Feature", "properties": { "dt_code": "498", "district": "Dhule", "st_nm": "Maharashtra", "st_code": "27", "year": "2011_c" }, "geometry": { "type": "Polygon", "coordinates": [ [ [ 75.159559220436876, 21.402519081182689 ], [ 75.139869022191334, 21.383579818228004 ], [ 75.139511018586873, 21.382273662162163 ], [ 75.134856971728837, 21.361048626092259 ], [ 75.148103105094023, 21.347987065433855 ], [ 75.120894831154729, 21.342435902154037 ], [ 75.142733051027051, 21.324802795265192 ], [ 75.141659040213668, 21.316312780837229 ], [ 75.131634939288659, 21.278760793944322 ], [ 75.115166773483296, 21.252637672627515 ], [ 75.102278643722585, 21.236310721804514 ], [ 75.099414614886868, 21.232718792623452 ], [ 75.053232149910968, 21.21377952966877 ], [ 75.042850045381513, 21.209534522454788 ], [ 75.037837994919002, 21.192227954582403 ], [ 75.03712198771008, 21.191574876549481 ], [ 75.003827652494891, 21.188309486384881 ], [ 74.975187364137753, 21.217371458849829 ], [ 74.973039342510958, 21.22031030999797 ], [ 74.972323335302036, 21.22031030999797 ], [ 74.944041050549359, 21.225861473277789 ], [ 74.959793209145786, 21.210840678520626 ], [ 74.950843119034175, 21.200064890977444 ], [ 74.963731248794886, 21.194187188681163 ], [ 74.93186892799757, 21.163819060150377 ], [ 74.91253673335649, 21.163492521133918 ], [ 74.894636553133282, 21.149124804409674 ], [ 74.885686463021671, 21.114511668664907 ], [ 74.869218297216307, 21.102103186039425 ], [ 74.868502290007385, 21.077286220788459 ], [ 74.845948062926126, 21.070102362426336 ], [ 74.83914599444131, 21.054428489636255 ], [ 74.854540149433276, 21.051163099471651 ], [ 74.858120185477915, 21.060306191932536 ], [ 74.889266499066309, 21.051163099471651 ], [ 74.892488531506487, 21.03875461684617 ], [ 74.91074671533417, 21.030264602418207 ], [ 74.915758765796667, 20.990426842410081 ], [ 74.931152920788634, 20.968875267323718 ], [ 74.911104718938631, 20.962997565027436 ], [ 74.912894736960951, 20.927404812233288 ], [ 74.933658946019889, 20.926425195183906 ], [ 74.933658946019889, 20.917282102723025 ], [ 74.961225223563645, 20.90128169091648 ], [ 74.964089252399361, 20.857198923694373 ], [ 74.981631429018108, 20.829443107295265 ], [ 74.975903371346675, 20.822259248933143 ], [ 74.967311284839539, 20.819320397785006 ], [ 74.959793209145786, 20.802013829912621 ], [ 74.959435205541325, 20.801360751879699 ], [ 74.95907720193685, 20.801360751879699 ], [ 74.9887915011074, 20.759237218756351 ], [ 74.989507508316322, 20.748461431213169 ], [ 74.987001483085066, 20.738012182686447 ], [ 74.94833709380292, 20.721358692846984 ], [ 74.955497165892211, 20.690990564316195 ], [ 74.932584935206492, 20.656377428571432 ], [ 74.90000660720024, 20.656050889554969 ], [ 74.891056517088629, 20.642662789880106 ], [ 74.823035832240407, 20.627641995122943 ], [ 74.812653727710952, 20.632540080369843 ], [ 74.812653727710952, 20.632213541353384 ], [ 74.810505706084157, 20.633193158402765 ], [ 74.809789698875235, 20.638091243649665 ], [ 74.800123601554702, 20.638091243649665 ], [ 74.801913619577022, 20.659969357752491 ], [ 74.736398959960042, 20.665520521032313 ], [ 74.732460920310942, 20.677275925624876 ], [ 74.709190686020762, 20.686092479069295 ], [ 74.649762087679676, 20.693929415464339 ], [ 74.660860199418067, 20.739318338752287 ], [ 74.652984120119854, 20.756951445641132 ], [ 74.664798239067181, 20.774911091546436 ], [ 74.633293921874326, 20.782748027941476 ], [ 74.618973777695743, 20.804626142044302 ], [ 74.578161366786816, 20.815401929587484 ], [ 74.572791312719843, 20.831402341394025 ], [ 74.564199226212708, 20.823565404998984 ], [ 74.53770695948235, 20.836300426640928 ], [ 74.511930699960914, 20.808218071225362 ], [ 74.505486635080558, 20.818667319752084 ], [ 74.486512444043953, 20.818667319752084 ], [ 74.478636364745725, 20.833688114509247 ], [ 74.474698325096625, 20.820626553850843 ], [ 74.448564061970728, 20.816708085653325 ], [ 74.436033935814478, 20.802013829912621 ], [ 74.387345445607323, 20.835647348608006 ], [ 74.403097604203765, 20.837280043690306 ], [ 74.397011542927871, 20.859811235826051 ], [ 74.380543377122507, 20.839565816805528 ], [ 74.359063160854646, 20.844137363035969 ], [ 74.349039059929652, 20.858505079760214 ], [ 74.331854886915352, 20.835647348608006 ], [ 74.325768825639472, 20.848055831233491 ], [ 74.314670713901066, 20.84217812893721 ], [ 74.290684472401963, 20.856545845661451 ], [ 74.264192205671606, 20.851321221398091 ], [ 74.249872061493022, 20.860790852875432 ], [ 74.234119902896595, 20.848055831233491 ], [ 74.157507131541237, 20.862097008941273 ], [ 74.158223138750159, 20.850994682381632 ], [ 74.146409019802832, 20.850015065332251 ], [ 74.130298857601943, 20.863076625990654 ], [ 74.129940853997482, 20.863076625990654 ], [ 74.103448587267124, 20.855566228612073 ], [ 74.096288515177832, 20.841198511887828 ], [ 74.061920169149261, 20.84870890926641 ], [ 74.045093999739436, 20.834994270575088 ], [ 74.02611980870283, 20.851321221398091 ], [ 74.017169718591219, 20.845770058118269 ], [ 74.020033747426936, 20.833688114509247 ], [ 73.966333206757284, 20.85197429943101 ], [ 73.960963152690312, 20.841525050904288 ], [ 73.929100831892995, 20.84217812893721 ], [ 73.917286712945668, 20.907812471245684 ], [ 73.887930417379593, 20.933282514529569 ], [ 73.892226460633168, 20.955813706665314 ], [ 73.907978619229596, 20.966916033224955 ], [ 73.901176550744779, 20.981936827982118 ], [ 73.868956226342988, 20.984875679130258 ], [ 73.850340038910844, 20.998263778805121 ], [ 73.854278078559943, 21.032876914549888 ], [ 73.882918366917096, 21.029938063401751 ], [ 73.907620615625135, 21.042346546027233 ], [ 73.948433026534062, 21.032550375533429 ], [ 73.955235095018892, 21.039407694879092 ], [ 73.94592700130282, 21.060632730948996 ], [ 73.956309105832275, 21.068469667344036 ], [ 73.948075022929601, 21.08316392308474 ], [ 73.974209286055498, 21.112225895549685 ], [ 74.000701552785856, 21.120715909977648 ], [ 74.0153797005689, 21.102429725055885 ], [ 74.009293639293006, 21.12757322932331 ], [ 74.019317740218, 21.141940946047551 ], [ 74.035785906023364, 21.145206336212155 ], [ 74.049748046597472, 21.136389782767729 ], [ 74.048316032179613, 21.127246690306848 ], [ 74.068722237634077, 21.125613995224548 ], [ 74.084116392626044, 21.139981711948792 ], [ 74.057266122291225, 21.169043684413737 ], [ 74.119558749468013, 21.21377952966877 ], [ 74.14569301259391, 21.207901827372488 ], [ 74.143186987362654, 21.21867761491567 ], [ 74.157507131541237, 21.230759558524692 ], [ 74.163235189212656, 21.214432607701688 ], [ 74.178987347809098, 21.209207983438326 ], [ 74.186505423502837, 21.219983770981507 ], [ 74.212281683024273, 21.221616466063807 ], [ 74.219441755113564, 21.240229190002033 ], [ 74.245934021843922, 21.248066126397074 ], [ 74.299276558909099, 21.238596494919733 ], [ 74.317176739132321, 21.248066126397074 ], [ 74.317176739132321, 21.233045331639911 ], [ 74.337940948191246, 21.228147246393011 ], [ 74.356915139227866, 21.23173917557407 ], [ 74.355841128414468, 21.251984594594596 ], [ 74.412047694315362, 21.26635231131884 ], [ 74.40954166908412, 21.257209218857959 ], [ 74.437823953836798, 21.254596906726277 ], [ 74.434959925001081, 21.236637260820974 ], [ 74.490092480088592, 21.242514963117252 ], [ 74.500474584618061, 21.283985418207681 ], [ 74.491882498110911, 21.298679673948385 ], [ 74.474340321492164, 21.296393900833166 ], [ 74.473624314283228, 21.305863532310507 ], [ 74.481858397185917, 21.308802383458648 ], [ 74.476130339514484, 21.349293221499696 ], [ 74.490092480088592, 21.349946299532618 ], [ 74.49152449450645, 21.371497874618981 ], [ 74.508350663916275, 21.389457520524285 ], [ 74.493314512528769, 21.391416754623044 ], [ 74.501548595431444, 21.415580641841089 ], [ 74.495820537760025, 21.425703351351352 ], [ 74.534484927042172, 21.426356429384271 ], [ 74.570285287488602, 21.402192542166226 ], [ 74.597135557823421, 21.416233719874011 ], [ 74.635083939896646, 21.401539464133307 ], [ 74.636157950710029, 21.401539464133307 ], [ 74.688426476961823, 21.41002947856127 ], [ 74.692364516610937, 21.420805266104452 ], [ 74.704536639162725, 21.452153011684619 ], [ 74.699524588700214, 21.468806501524082 ], [ 74.753225129369866, 21.478929211034345 ], [ 74.758595183436839, 21.576564376955904 ], [ 74.775063349242188, 21.615422519914652 ], [ 74.828763889911841, 21.609544817618371 ], [ 74.863132235940412, 21.634035243852878 ], [ 74.901796625222559, 21.629463697622434 ], [ 74.910388711729709, 21.614442902865271 ], [ 74.979483407391328, 21.595177100894126 ], [ 75.020295818300255, 21.568727440560863 ], [ 75.05180013549311, 21.566441667445641 ], [ 75.089748517566335, 21.515175041861411 ], [ 75.108006701394018, 21.462275721194882 ], [ 75.206457692621697, 21.41362140774233 ], [ 75.159559220436876, 21.402519081182689 ] ] ] } },
{ "type": "Feature", "properties": { "dt_code": "505", "district": "Nagpur", "st_nm": "Maharashtra", "st_code": "27", "year": "2011_c" }, "geometry": { "type": "Polygon", "coordinates": [ [ [ 79.518611108394495, 20.714174834484862 ], [ 79.517895101185573, 20.714174834484862 ], [ 79.505006971424848, 20.702092890875839 ], [ 79.48925481282842, 20.709276749237961 ], [ 79.469564614582879, 20.679888237756554 ], [ 79.436270279367704, 20.660948974801869 ], [ 79.398679900898941, 20.65898974070311 ], [ 79.379705709862336, 20.682827088904695 ], [ 79.348917399878403, 20.675969769559032 ], [ 79.353571446736439, 20.653112038406828 ], [ 79.341041320580189, 20.644295484962406 ], [ 79.347127381856083, 20.635152392501524 ], [ 79.320993118730186, 20.584865383966672 ], [ 79.29306883758197, 20.592702320361717 ], [ 79.220752109480173, 20.583232688884372 ], [ 79.219320095062315, 20.585191922983135 ], [ 79.209295994137321, 20.598253483641535 ], [ 79.207147972510541, 20.599886178723839 ], [ 79.188889788682857, 20.598906561674458 ], [ 79.184235741824821, 20.621111214793743 ], [ 79.168841586832855, 20.626988917090024 ], [ 79.169557594041777, 20.645601641028247 ], [ 79.147361370564994, 20.653438577423287 ], [ 79.142349320102497, 20.678582081690713 ], [ 79.104400938029272, 20.687725174151595 ], [ 79.102968923611414, 20.715480990550702 ], [ 79.090438797455164, 20.711235983336721 ], [ 79.050342393755159, 20.737685643669987 ], [ 78.996641853085507, 20.744216423999188 ], [ 78.996283849481046, 20.756951445641132 ], [ 78.941867301602471, 20.767727233184313 ], [ 78.94544733764711, 20.793523815484658 ], [ 78.912869009640858, 20.808218071225362 ], [ 78.912869009640858, 20.835973887624469 ], [ 78.883154710470322, 20.843484285003051 ], [ 78.877426652798889, 20.829769646311725 ], [ 78.867760555478355, 20.833035036476328 ], [ 78.867044548269419, 20.836953504673847 ], [ 78.860958486993525, 20.841198511887828 ], [ 78.851650393277453, 20.881362810912417 ], [ 78.843774313979239, 20.88854666927454 ], [ 78.834824223867642, 20.892465137472058 ], [ 78.82766415177835, 20.892791676488521 ], [ 78.81692404364442, 20.880383193863036 ], [ 78.785419726451565, 20.88985282534038 ], [ 78.772889600295315, 20.903567464031703 ], [ 78.782555697615848, 20.910751322393825 ], [ 78.752841398445312, 20.922180187969925 ], [ 78.739595265080126, 20.93948675584231 ], [ 78.747829347982801, 20.944711380105669 ], [ 78.733151200199771, 20.946670614204432 ], [ 78.723843106483699, 20.969201806340177 ], [ 78.725991128110479, 21.004794559134325 ], [ 78.690906774872971, 21.018835736842107 ], [ 78.676228627089941, 21.036468843730951 ], [ 78.651526378381902, 21.03385653159927 ], [ 78.642576288270291, 21.058673496850233 ], [ 78.613935999913153, 21.064224660130055 ], [ 78.609997960264039, 21.088388547348103 ], [ 78.597467834107789, 21.089041625381022 ], [ 78.599257852130108, 21.108633966368625 ], [ 78.554865405176528, 21.116470902763666 ], [ 78.530879163677426, 21.139002094899411 ], [ 78.519781051939034, 21.1742683086771 ], [ 78.477536626612235, 21.22031030999797 ], [ 78.445674305814919, 21.236310721804514 ], [ 78.430280150822952, 21.226188012294251 ], [ 78.412021966995269, 21.239249572952652 ], [ 78.330755148781861, 21.250351899512296 ], [ 78.324669087505967, 21.27125039656574 ], [ 78.303904878447042, 21.275168864763259 ], [ 78.312496964954192, 21.294108127717944 ], [ 78.295312791939892, 21.292801971652104 ], [ 78.250562341381851, 21.330027419528552 ], [ 78.249130326964007, 21.331007036577933 ], [ 78.289942737872934, 21.354517845763056 ], [ 78.30712691088722, 21.357130157894737 ], [ 78.345075292960445, 21.385539052326763 ], [ 78.362617469579192, 21.383253279211544 ], [ 78.365123494810447, 21.393702527738267 ], [ 78.409515941764013, 21.380967506096322 ], [ 78.421330060711341, 21.399580230034548 ], [ 78.447464323837238, 21.402845620199148 ], [ 78.438156230121166, 21.470765735622841 ], [ 78.434576194076527, 21.473051508738063 ], [ 78.431354161636335, 21.490031537593985 ], [ 78.433144179658669, 21.497215395956108 ], [ 78.475388604985454, 21.500807325137167 ], [ 78.511904972640821, 21.528236602519815 ], [ 78.570259560168495, 21.51419542481203 ], [ 78.585295711556, 21.486766147429385 ], [ 78.608565945846181, 21.488725381528145 ], [ 78.628614147696183, 21.475663820869741 ], [ 78.643292295479228, 21.485459991363545 ], [ 78.666920533373869, 21.477296515952045 ], [ 78.688042746037269, 21.481868062182485 ], [ 78.728139149737274, 21.462275721194882 ], [ 78.745681326356021, 21.470112657589922 ], [ 78.750693376818518, 21.492970388742126 ], [ 78.766803539019421, 21.488725381528145 ], [ 78.776111632735493, 21.464234955293641 ], [ 78.780407675989053, 21.478602672017885 ], [ 78.800455877839056, 21.490358076610448 ], [ 78.867760555478355, 21.493950005791508 ], [ 78.891030789768536, 21.485133452347085 ], [ 78.89926487267121, 21.500480786120708 ], [ 78.936497247535499, 21.485459991363545 ], [ 78.944373326833727, 21.51582811989433 ], [ 78.927189153819427, 21.522032361207074 ], [ 78.929695179050682, 21.540318546128837 ], [ 78.906782948364963, 21.553380106787237 ], [ 78.931843200677463, 21.561543582198741 ], [ 78.913943020454255, 21.570686674659623 ], [ 78.916449045685496, 21.590932093680149 ], [ 78.94329931602033, 21.591911710729526 ], [ 78.975161636817646, 21.617708293029875 ], [ 78.99843187110784, 21.619014449095715 ], [ 79.012036008077473, 21.599422108108108 ], [ 79.076118653276595, 21.605299810404389 ], [ 79.093660829895342, 21.597789413025808 ], [ 79.106906963260528, 21.60497327138793 ], [ 79.100104894775697, 21.617381754013415 ], [ 79.112277017327486, 21.623912534342615 ], [ 79.151299410214094, 21.640239485165619 ], [ 79.16848358322838, 21.636974095001015 ], [ 79.153805435445349, 21.6461171874619 ], [ 79.154879446258747, 21.660158365169682 ], [ 79.223974141920351, 21.648729499593578 ], [ 79.230776210405182, 21.670281074679945 ], [ 79.220752109480173, 21.69281226681569 ], [ 79.237578278889998, 21.713057685836212 ], [ 79.231850221218565, 21.722200778297093 ], [ 79.26800858526947, 21.715343458951434 ], [ 79.290562812350714, 21.69281226681569 ], [ 79.354287453945375, 21.684648791404186 ], [ 79.352497435923055, 21.677791472058527 ], [ 79.392593839623061, 21.673873003861004 ], [ 79.422308138793596, 21.691832649766308 ], [ 79.496414884917712, 21.673546464844545 ], [ 79.516821090372176, 21.625218690408456 ], [ 79.50357495700699, 21.614769441881734 ], [ 79.51216704351414, 21.584074774334486 ], [ 79.54402936431147, 21.559584348099982 ], [ 79.538659310244498, 21.540971624161756 ], [ 79.5375852994311, 21.536726616947774 ], [ 79.513599057931998, 21.534114304816097 ], [ 79.475292672254312, 21.491337693659826 ], [ 79.448800405523954, 21.435826060861615 ], [ 79.47636668306771, 21.427989124466574 ], [ 79.484600765970384, 21.399253691018089 ], [ 79.499994920962351, 21.397947534952245 ], [ 79.525771180483787, 21.350925916581996 ], [ 79.5547694724454, 21.328721263462711 ], [ 79.554053465236464, 21.303251220178826 ], [ 79.575533681504325, 21.2764750208291 ], [ 79.549399418378428, 21.206595671306644 ], [ 79.561571540930217, 21.190268720483644 ], [ 79.550831432796286, 21.171329457528959 ], [ 79.557275497676642, 21.155982123755336 ], [ 79.532215245364142, 21.158267896870555 ], [ 79.527203194901645, 21.177860237858159 ], [ 79.49784689933557, 21.183411401137981 ], [ 79.508945011073962, 21.161206748018696 ], [ 79.493908859686456, 21.138349016866492 ], [ 79.527203194901645, 21.119409753911807 ], [ 79.532215245364142, 21.096552022759603 ], [ 79.517895101185573, 21.091000859479781 ], [ 79.528993212923965, 21.077612759804918 ], [ 79.550115425587364, 21.08806200833164 ], [ 79.572311649064147, 21.066183894228818 ], [ 79.588421811265036, 21.077286220788459 ], [ 79.597729904981108, 21.072061596525096 ], [ 79.655010481695399, 20.964303721093273 ], [ 79.644628377165944, 20.925772117150988 ], [ 79.610618034741833, 20.903567464031703 ], [ 79.610618034741833, 20.866668555171714 ], [ 79.59629789056325, 20.866342016155254 ], [ 79.578755713944503, 20.844137363035969 ], [ 79.555127476049861, 20.856545845661451 ], [ 79.5375852994311, 20.851321221398091 ], [ 79.557275497676642, 20.807564993192443 ], [ 79.530067223737348, 20.775237630562895 ], [ 79.532215245364142, 20.747155275147328 ], [ 79.518611108394495, 20.714174834484862 ] ] ] } },
{ "type": "Feature", "properties": { "dt_code": "515", "district": "Aurangabad", "st_nm": "Maharashtra", "st_code": "27", "year": "2011_c" }, "geometry": { "type": "Polygon", "coordinates": [ [ [ 74.934732956833287, 20.270408311115627 ], [ 74.943325043340423, 20.272694084230849 ], [ 74.945473064967217, 20.272367545214387 ], [ 74.945115061362742, 20.273020623247309 ], [ 74.941535025318103, 20.280204481609431 ], [ 74.956213173101133, 20.294245659317212 ], [ 74.985927472271683, 20.303715290794557 ], [ 74.993445547965436, 20.336042653424101 ], [ 75.053232149910968, 20.308286837024994 ], [ 75.058960207582402, 20.335389575391183 ], [ 75.093686557215435, 20.335716114407642 ], [ 75.125548878012765, 20.350410370148346 ], [ 75.105500676162762, 20.412126244259298 ], [ 75.124474867199368, 20.431718585246902 ], [ 75.160275227645812, 20.437596287543183 ], [ 75.159559220436876, 20.476454430501931 ], [ 75.198223609719022, 20.475148274436091 ], [ 75.205025678203853, 20.498985622637676 ], [ 75.2265058944717, 20.493760998374317 ], [ 75.225431883658317, 20.51661872952652 ], [ 75.23724600260563, 20.520537197724039 ], [ 75.234381973769928, 20.535231453464746 ], [ 75.244048071090461, 20.535884531497665 ], [ 75.240468035045808, 20.550905326254828 ], [ 75.250492135970816, 20.549925709205446 ], [ 75.257652208060108, 20.576375369538713 ], [ 75.264454276544924, 20.566579199044909 ], [ 75.290946543275282, 20.565926121011991 ], [ 75.316364799192257, 20.575069213472872 ], [ 75.31922882802796, 20.591722703312335 ], [ 75.355387192078865, 20.588130774131276 ], [ 75.358251220914582, 20.595967710526317 ], [ 75.365769296608335, 20.574742674456413 ], [ 75.389039530898515, 20.577354986588091 ], [ 75.396915610196729, 20.520863736740502 ], [ 75.428777930994045, 20.512700261328998 ], [ 75.423765880531548, 20.529353751168465 ], [ 75.446320107612806, 20.537517226579965 ], [ 75.455986204933339, 20.514006417394839 ], [ 75.457060215746736, 20.551231865271287 ], [ 75.480330450036917, 20.542415311826865 ], [ 75.49214456898423, 20.524455665921561 ], [ 75.50467469514048, 20.550252248221909 ], [ 75.527586925826199, 20.555803411501728 ], [ 75.520426853736922, 20.589436930197117 ], [ 75.53259897628871, 20.591722703312335 ], [ 75.535463005124413, 20.606743498069498 ], [ 75.552647178138699, 20.598253483641535 ], [ 75.555153203369954, 20.604131185937817 ], [ 75.592027574629782, 20.59955963970738 ], [ 75.595965614278896, 20.600539256756758 ], [ 75.597755632301215, 20.599886178723839 ], [ 75.611717772875323, 20.603804646921358 ], [ 75.604915704390493, 20.621437753810202 ], [ 75.646086118903895, 20.616866207579761 ], [ 75.659332252269081, 20.624376604958343 ], [ 75.659332252269081, 20.625356222007724 ], [ 75.660764266686925, 20.626335839057102 ], [ 75.657900237851223, 20.656703967587891 ], [ 75.662196281104784, 20.662908208900632 ], [ 75.677948439701225, 20.66519398201585 ], [ 75.704082702827122, 20.65898974070311 ], [ 75.699070652364611, 20.614906973481002 ], [ 75.723056893863728, 20.619805058727902 ], [ 75.730932973161941, 20.607070037085961 ], [ 75.753845203847661, 20.612294661349321 ], [ 75.759215257914619, 20.574742674456413 ], [ 75.787855546271771, 20.582579610851454 ], [ 75.786781535458374, 20.562334191830928 ], [ 75.804323712077121, 20.566579199044909 ], [ 75.824729917531599, 20.555476872485269 ], [ 75.843346104963743, 20.56298726986385 ], [ 75.827951949971776, 20.570824206258891 ], [ 75.831889989620876, 20.590416547246495 ], [ 75.841198083336948, 20.592702320361717 ], [ 75.837260043687849, 20.613927356431621 ], [ 75.853728209493198, 20.611968122332861 ], [ 75.854086213097673, 20.621111214793743 ], [ 75.867332346462845, 20.618498902662061 ], [ 75.868764360880704, 20.597273866592158 ], [ 75.887022544708387, 20.591722703312335 ], [ 75.887738551917309, 20.568864972160132 ], [ 75.932130998870889, 20.574416135439954 ], [ 75.930698984453031, 20.596294249542776 ], [ 75.953253211534289, 20.60119233478968 ], [ 75.954685225952147, 20.620458136760824 ], [ 75.986189543145002, 20.616539668563302 ], [ 76.006237744995005, 20.631560463320465 ], [ 76.006237744995005, 20.647560875127006 ], [ 76.006237744995005, 20.648213953159928 ], [ 76.031656000911966, 20.637438165616746 ], [ 76.042396109045896, 20.578987681670394 ], [ 76.036310047770002, 20.555803411501728 ], [ 76.015545838711077, 20.551231865271287 ], [ 76.017693860337857, 20.530986446250765 ], [ 76.017693860337857, 20.529353751168465 ], [ 76.00874377022626, 20.538170304612883 ], [ 76.001225694532508, 20.529353751168465 ], [ 75.977955460242327, 20.529027212152002 ], [ 75.976523445824469, 20.531312985267224 ], [ 75.971511395361972, 20.538496843629346 ], [ 75.950389182698572, 20.531966063300143 ], [ 75.917094847483384, 20.555150333468809 ], [ 75.881652490641414, 20.560374957732169 ], [ 75.874850422156598, 20.552864560353587 ], [ 75.859814270769093, 20.560701496748628 ], [ 75.883442508663748, 20.52804759510262 ], [ 75.860172274373554, 20.523802587888643 ], [ 75.847642148217304, 20.486577140012194 ], [ 75.86948036808964, 20.455229394432028 ], [ 75.890960584357487, 20.445433223938224 ], [ 75.861962292395887, 20.439882060658405 ], [ 75.856592238328915, 20.458821323613087 ], [ 75.838692058105707, 20.45751516754725 ], [ 75.821507885091421, 20.472535962304413 ], [ 75.796805636383368, 20.461433635744768 ], [ 75.793941607547666, 20.450331309185124 ], [ 75.764227308377116, 20.451637465250968 ], [ 75.754919214661044, 20.423228570818942 ], [ 75.730932973161941, 20.408860854094698 ], [ 75.748475149780688, 20.401023917699654 ], [ 75.745611120944972, 20.370329250152409 ], [ 75.757067236287838, 20.36804347703719 ], [ 75.77031336965301, 20.336042653424101 ], [ 75.754561211056583, 20.325593404897379 ], [ 75.742389088504794, 20.326573021946761 ], [ 75.742389088504794, 20.33506303637472 ], [ 75.715896821774436, 20.330818029160739 ], [ 75.707662738871761, 20.312858383255438 ], [ 75.681170472141403, 20.306654141942694 ], [ 75.694058601902114, 20.279877942592968 ], [ 75.673294392843189, 20.234815558321479 ], [ 75.678306443305686, 20.191712408148753 ], [ 75.673294392843189, 20.182895854704331 ], [ 75.644654104486037, 20.185834705852471 ], [ 75.623889895427112, 20.100608022556393 ], [ 75.585583509749426, 20.097669171408253 ], [ 75.589521549398526, 20.060117184515342 ], [ 75.603483689972634, 20.050647553038001 ], [ 75.588089534980668, 20.024850970737656 ], [ 75.592027574629782, 20.007217863848812 ], [ 75.644296100881576, 20.006564785815893 ], [ 75.642506082859256, 19.957910472363341 ], [ 75.668640345985153, 19.944522372688478 ], [ 75.681170472141403, 19.922317719569193 ], [ 75.654678205411045, 19.90729692481203 ], [ 75.645370111694973, 19.843621816602319 ], [ 75.658974248664606, 19.823702936598252 ], [ 75.655752216224428, 19.812927149055071 ], [ 75.633555992747645, 19.810967914956311 ], [ 75.645728115299434, 19.782559020524285 ], [ 75.623531891822637, 19.770803615931722 ], [ 75.63104996751639, 19.668923442796181 ], [ 75.62532190984497, 19.655861882137778 ], [ 75.605273707994968, 19.657494577220078 ], [ 75.60384169357711, 19.642473782462915 ], [ 75.58486750254049, 19.637575697216015 ], [ 75.598113635905676, 19.600350249339566 ], [ 75.648950147739612, 19.595125625076204 ], [ 75.655394212619967, 19.569982120808781 ], [ 75.63104996751639, 19.464510018492177 ], [ 75.613149787293182, 19.467448869640318 ], [ 75.604557700786032, 19.452101535866696 ], [ 75.603125686368173, 19.428264187665111 ], [ 75.612075776479784, 19.424345719467588 ], [ 75.606705722412812, 19.385161037492381 ], [ 75.60598971520389, 19.384834498475922 ], [ 75.587731531376207, 19.378303718146718 ], [ 75.550499156511918, 19.386467193558222 ], [ 75.515772806878886, 19.404753378479985 ], [ 75.507896727580672, 19.430876499796788 ], [ 75.487848525730669, 19.442958443405814 ], [ 75.487490522126194, 19.442631904389351 ], [ 75.4814044608503, 19.435774585043692 ], [ 75.474602392365483, 19.428264187665111 ], [ 75.47567640317888, 19.427284570615729 ], [ 75.467442320276191, 19.413896470940866 ], [ 75.44381408238155, 19.412916853891488 ], [ 75.441308057150295, 19.428264187665111 ], [ 75.366485303817257, 19.398222598150785 ], [ 75.339635033482438, 19.406386073562285 ], [ 75.355387192078865, 19.433162272912011 ], [ 75.346437101967254, 19.449489223735014 ], [ 75.327104907326188, 19.439039975208292 ], [ 75.323166867677074, 19.463856940459259 ], [ 75.33856102266904, 19.465489635541559 ], [ 75.344647083944935, 19.483449281446862 ], [ 75.358251220914582, 19.480183891282259 ], [ 75.356103199287787, 19.501082388335703 ], [ 75.33856102266904, 19.498470076204026 ], [ 75.334980986624402, 19.480510430298722 ], [ 75.327462910930649, 19.482469664397481 ], [ 75.328894925348507, 19.505653934566148 ], [ 75.311710752334221, 19.494878147022963 ], [ 75.30276066222261, 19.510878558829507 ], [ 75.273762370260997, 19.514797027027029 ], [ 75.280564438745813, 19.545165155557815 ], [ 75.274120373865458, 19.554634787035155 ], [ 75.25622019364225, 19.522960502438529 ], [ 75.203593663785995, 19.5624717234302 ], [ 75.205741685412775, 19.579125213269663 ], [ 75.18891551600295, 19.596105242125585 ], [ 75.187841505189553, 19.596105242125585 ], [ 75.152757151952059, 19.589247922779926 ], [ 75.087600495939554, 19.612105653932129 ], [ 75.060034218395799, 19.604921795570007 ], [ 75.039628012941336, 19.613085270981507 ], [ 75.03927000933686, 19.625493753606992 ], [ 74.999173605636855, 19.624187597541152 ], [ 74.961583227168106, 19.647371867709815 ], [ 74.93186892799757, 19.637249158199552 ], [ 74.915758765796667, 19.648351484759196 ], [ 74.88747648104399, 19.639534931314774 ], [ 74.883896444999351, 19.655861882137778 ], [ 74.849170095366304, 19.646718789676896 ], [ 74.808715688061838, 19.688189244767326 ], [ 74.814443745733271, 19.704189656573867 ], [ 74.785445453771658, 19.716271600182893 ], [ 74.784729446562736, 19.734557785104656 ], [ 74.768261280757372, 19.736517019203415 ], [ 74.766113259130577, 19.753170509042878 ], [ 74.750719104138625, 19.748925501828897 ], [ 74.731744913102006, 19.7701505378988 ], [ 74.722436819385933, 19.755129743141637 ], [ 74.717782772527897, 19.779946708392604 ], [ 74.70203061393147, 19.777334396260922 ], [ 74.705610649976109, 19.762640140520219 ], [ 74.694512538237717, 19.755782821174559 ], [ 74.689858491379681, 19.767538225767122 ], [ 74.652268112910932, 19.777334396260922 ], [ 74.636873957918965, 19.792681730034545 ], [ 74.636157950710029, 19.793008269051008 ], [ 74.61145570200199, 19.7701505378988 ], [ 74.608591673166288, 19.770477076915263 ], [ 74.595345539801102, 19.775375162162163 ], [ 74.591765503756463, 19.780926325441985 ], [ 74.603579622703776, 19.845581050701078 ], [ 74.657280163373429, 19.835131802174356 ], [ 74.660144192209145, 19.8576629943101 ], [ 74.64510804082164, 19.8609283844747 ], [ 74.649762087679676, 19.920031946453975 ], [ 74.676612358014509, 19.924603492684415 ], [ 74.670884300343076, 19.946808145803701 ], [ 74.670526296738615, 19.946808145803701 ], [ 74.671958311156473, 19.958890089412723 ], [ 74.672674318365395, 19.962155479577323 ], [ 74.686278455335042, 19.969012798922982 ], [ 74.688784480566284, 20.007870941881734 ], [ 74.717066765318975, 20.018320190408453 ], [ 74.705968653580584, 20.04117792156066 ], [ 74.719930794154692, 20.053586404186142 ], [ 74.710264696834145, 20.079709525502949 ], [ 74.736040956355581, 20.080362603535868 ], [ 74.730312898684147, 20.113669583214794 ], [ 74.703462628349328, 20.114649200264175 ], [ 74.714918743692181, 20.134568080268238 ], [ 74.711338707647542, 20.173426223226986 ], [ 74.720646801363614, 20.193671642247512 ], [ 74.759669194250222, 20.185834705852471 ], [ 74.762175219481477, 20.204773968807153 ], [ 74.784013439353799, 20.205753585856534 ], [ 74.799765597950227, 20.231550168156879 ], [ 74.783655435749338, 20.226978621926438 ], [ 74.784013439353799, 20.23416248028856 ], [ 74.818381785382371, 20.250162892095105 ], [ 74.830195904329699, 20.235142097337942 ], [ 74.85382414222434, 20.230244012091038 ], [ 74.85561416024666, 20.179630464539727 ], [ 74.895710563946665, 20.180283542572649 ], [ 74.90680867568507, 20.155140038305223 ], [ 74.927214881139534, 20.154160421255845 ], [ 74.928288891952917, 20.217508990449097 ], [ 74.907882686498453, 20.219468224547857 ], [ 74.905376661267212, 20.246244423897583 ], [ 74.932584935206492, 20.251142509144483 ], [ 74.934732956833287, 20.270408311115627 ] ] ] } },
{ "type": "Feature", "properties": { "dt_code": "520", "district": "Raigad", "st_nm": "Maharashtra", "st_code": "27", "year": "2011_c" }, "geometry": { "type": "Polygon", "coordinates": [ [ [ 73.525272766057228, 19.129154448587688 ], [ 73.525272766057228, 19.129154448587688 ], [ 73.511668629087595, 19.09486785185938 ], [ 73.514890661527772, 19.082785908250358 ], [ 73.527778791288483, 19.084418603332658 ], [ 73.525988773266164, 19.054377013818332 ], [ 73.517754690363489, 19.057642403982932 ], [ 73.514890661527772, 19.046213538406828 ], [ 73.514890661527772, 19.046213538406828 ], [ 73.540308917444733, 19.047846233489128 ], [ 73.53279084175098, 19.030539665616747 ], [ 73.538518899422414, 19.024335424304006 ], [ 73.547826993138486, 19.014212714793743 ], [ 73.551407029183125, 19.010294246596221 ], [ 73.5095206074608, 18.96588494035765 ], [ 73.480522315499201, 18.979926118065436 ], [ 73.479090301081342, 18.966538018390573 ], [ 73.460832117253659, 18.964905323308273 ], [ 73.460474113649198, 18.964905323308273 ], [ 73.458326092022403, 18.929639109530584 ], [ 73.441499922612579, 18.929312570514124 ], [ 73.430759814478648, 18.915597931822802 ], [ 73.440425911799196, 18.899270980999798 ], [ 73.44006790819472, 18.898291363950417 ], [ 73.430043807269726, 18.874127476732372 ], [ 73.401403518912574, 18.842779731152206 ], [ 73.388873392756324, 18.852902440662469 ], [ 73.378133284622393, 18.793145800650276 ], [ 73.368109183697399, 18.794778495732576 ], [ 73.349492996265255, 18.756573430806746 ], [ 73.358443086376852, 18.755593813757368 ], [ 73.355221053936674, 18.721307217029061 ], [ 73.331592816042033, 18.701388337024994 ], [ 73.343764938593822, 18.696163712761635 ], [ 73.352715028705433, 18.708898734403576 ], [ 73.361665118817044, 18.710531429485876 ], [ 73.360949111608107, 18.701061798008535 ], [ 73.374553248577755, 18.709225273420039 ], [ 73.387441378338465, 18.689306393415972 ], [ 73.388873392756324, 18.654693257671205 ], [ 73.361307115212568, 18.636733611765901 ], [ 73.341974920571502, 18.603753171103435 ], [ 73.334098841273288, 18.608651256350335 ], [ 73.323000729534897, 18.557711169782564 ], [ 73.333740837668827, 18.550200772403983 ], [ 73.358801089981327, 18.557711169782564 ], [ 73.342690927780424, 18.531261509449301 ], [ 73.355579057541149, 18.532894204531601 ], [ 73.384577349502749, 18.503179154033734 ], [ 73.396749472054537, 18.505138388132494 ], [ 73.374553248577755, 18.493056444523472 ], [ 73.379207295435791, 18.481627578947368 ], [ 73.360591108003646, 18.484239891079049 ], [ 73.364887151257221, 18.469545635338346 ], [ 73.372763230555435, 18.464321011074986 ], [ 73.388515389151863, 18.491750288457631 ], [ 73.408205587397404, 18.499913763869134 ], [ 73.401761522517049, 18.444402131070923 ], [ 73.393169436009899, 18.444402131070923 ], [ 73.398897493681332, 18.400645902865271 ], [ 73.420019706344718, 18.403584754013412 ], [ 73.423241738784895, 18.373216625482627 ], [ 73.441499922612579, 18.358195830725464 ], [ 73.421809724367051, 18.329786936293438 ], [ 73.421093717158115, 18.316398836618575 ], [ 73.420377709949193, 18.306276127108312 ], [ 73.420377709949193, 18.30366381497663 ], [ 73.423599742389371, 18.30366381497663 ], [ 73.431117818083123, 18.303010736943712 ], [ 73.447227980284012, 18.30203111989433 ], [ 73.47586826864115, 18.300071885795571 ], [ 73.477658286663484, 18.267417984149564 ], [ 73.500212513744728, 18.281785700873808 ], [ 73.514532657923311, 18.271989530380004 ], [ 73.505224564207225, 18.25598911857346 ], [ 73.537086885004555, 18.243254096931519 ], [ 73.523482748034908, 18.232151770371878 ], [ 73.536012874191158, 18.226927146108515 ], [ 73.520976722803667, 18.210926734301971 ], [ 73.534938863377775, 18.20472249298923 ], [ 73.520976722803667, 18.187089386100386 ], [ 73.520976722803667, 18.187089386100386 ], [ 73.537444888609016, 18.189375159215608 ], [ 73.541024924653669, 18.207661344137371 ], [ 73.556777083250097, 18.196232478561271 ], [ 73.558925104876877, 18.213865585450112 ], [ 73.566801184175091, 18.187742464133308 ], [ 73.581837335562597, 18.178599371672426 ], [ 73.594009458114385, 18.177619754623045 ], [ 73.597589494159024, 18.190028237248526 ], [ 73.653438056455457, 18.173048208392604 ], [ 73.665610179007246, 18.1599866477342 ], [ 73.660598128544748, 18.1518231723227 ], [ 73.647709998784038, 18.159007030684819 ], [ 73.642339944717065, 18.142353540845356 ], [ 73.633747858209929, 18.146272009042878 ], [ 73.619427714031346, 18.127332746088193 ], [ 73.628377804142957, 18.123414277890674 ], [ 73.603317551830457, 18.117863114610852 ], [ 73.606181580666174, 18.138108533631375 ], [ 73.606539584270635, 18.139741228713678 ], [ 73.594009458114385, 18.108720022149971 ], [ 73.609403613106352, 18.09761769559033 ], [ 73.60224354101706, 18.080964205750863 ], [ 73.620143721240282, 18.076392659520423 ], [ 73.61262564554653, 18.059086091648041 ], [ 73.61262564554653, 18.058759552631578 ], [ 73.65701809250011, 18.029697580166633 ], [ 73.648784009597421, 18.022840260820971 ], [ 73.655944081686712, 18.012391012294252 ], [ 73.628377804142957, 17.989533281142045 ], [ 73.638401905067965, 17.971573635236741 ], [ 73.597589494159024, 17.939246272607193 ], [ 73.57897330672688, 17.945777052936396 ], [ 73.563579151734913, 17.916715080471448 ], [ 73.534222856168839, 17.898102356533226 ], [ 73.562863144525991, 17.893857349319244 ], [ 73.572171238242063, 17.875244625381022 ], [ 73.559283108481338, 17.869366923084741 ], [ 73.552839043600983, 17.8664280719366 ], [ 73.533864852564378, 17.883408100792522 ], [ 73.506298575020622, 17.851080738162977 ], [ 73.489472405610798, 17.867081149969518 ], [ 73.46119012085812, 17.867081149969518 ], [ 73.445437962261693, 17.851407277179437 ], [ 73.436845875754543, 17.903653519813048 ], [ 73.426463771225087, 17.909204683092867 ], [ 73.40605756577061, 17.883734639808981 ], [ 73.370973212533116, 17.887979647022963 ], [ 73.373837241368818, 17.92553163391587 ], [ 73.341616916967041, 17.972226713269663 ], [ 73.359159093585788, 18.00520715393213 ], [ 73.358801089981327, 18.005860231965048 ], [ 73.345554956616141, 18.026105650985574 ], [ 73.334098841273288, 18.011084856228411 ], [ 73.327654776392933, 18.024799494919733 ], [ 73.300446502453639, 18.024146416886811 ], [ 73.289706394319708, 18.035901821479374 ], [ 73.294718444782205, 18.058106474598659 ], [ 73.287558372692928, 18.071494574273522 ], [ 73.226339756329523, 18.056473779516359 ], [ 73.204501536457201, 18.069208801158304 ], [ 73.19161340669649, 18.0577799355822 ], [ 73.17442923368219, 18.058759552631578 ], [ 73.172997219264332, 18.059086091648041 ], [ 73.120728693012552, 17.987574047043285 ], [ 73.115000635341119, 17.980063649664704 ], [ 73.085644339775044, 17.989859820158504 ], [ 73.0459059396795, 17.983329039829304 ], [ 73.044831928866117, 17.982349422779922 ], [ 73.034449824336647, 17.980390188681163 ], [ 73.002587503539317, 18.020881026722211 ], [ 73.019413672949142, 18.029697580166633 ], [ 73.00831556121075, 18.050269538203619 ], [ 72.990415380987528, 18.054188006401137 ], [ 72.999365471099139, 18.074759964438122 ], [ 72.97251520076432, 18.124393894940052 ], [ 72.989699373778606, 18.15704779658606 ], [ 72.983613312502712, 18.194599783478967 ], [ 72.956763042167893, 18.218437131680552 ], [ 72.932060793459854, 18.218437131680552 ], [ 72.942800901593785, 18.245539870046738 ], [ 72.935640829504493, 18.280806083824427 ], [ 72.96392311425717, 18.280479544807967 ], [ 72.97430521878664, 18.263172976935582 ], [ 72.969293168324143, 18.243254096931519 ], [ 73.016549644113425, 18.24456025299736 ], [ 73.067744159551822, 18.212559429384271 ], [ 73.052350004559855, 18.200804024791708 ], [ 73.050917990141997, 18.182191300853486 ], [ 73.071682199200936, 18.1501904772404 ], [ 73.105334538020585, 18.140067767730137 ], [ 73.077410256872369, 18.188722081182686 ], [ 73.077410256872369, 18.208967500203212 ], [ 73.092088404655399, 18.218763670697015 ], [ 73.079916282103611, 18.222682138894534 ], [ 73.061658098275927, 18.252070650375941 ], [ 73.072398206409858, 18.263499515952041 ], [ 73.067744159551822, 18.279173388742127 ], [ 73.051633997350933, 18.281459161857349 ], [ 73.050201982933075, 18.296806495630971 ], [ 73.082422307334866, 18.29256148841699 ], [ 73.10282851278933, 18.265458750050804 ], [ 73.082780310939327, 18.311827290388134 ], [ 73.091372397446477, 18.326195007112375 ], [ 73.112852613714338, 18.329460397276979 ], [ 73.087792361401824, 18.335991177606179 ], [ 73.071324195596475, 18.308235361207071 ], [ 73.044831928866117, 18.312806907437512 ], [ 73.036955849567889, 18.292888027433449 ], [ 73.053066011768792, 18.270356835297704 ], [ 73.028721766665214, 18.264152593984964 ], [ 73.015475633300042, 18.285377630054867 ], [ 72.997933456681281, 18.285051091038408 ], [ 72.992921406218784, 18.273622225462304 ], [ 72.981823294480392, 18.299745346779112 ], [ 72.955331027750034, 18.315745758585653 ], [ 72.95318300612324, 18.335011560556797 ], [ 72.914160613236632, 18.354603901544401 ], [ 72.912012591609852, 18.368318540235727 ], [ 72.926332735788421, 18.373216625482627 ], [ 72.92597473218396, 18.386931264173949 ], [ 72.906284533938418, 18.403258214996953 ], [ 72.906284533938418, 18.43917750680756 ], [ 72.894828418595552, 18.463341394025605 ], [ 72.911296584400915, 18.507750700264175 ], [ 72.905926530333957, 18.540404601910183 ], [ 72.913802609632171, 18.530608431416379 ], [ 72.933492807877698, 18.540404601910183 ], [ 72.88373030685716, 18.637713228815283 ], [ 72.865472123029477, 18.651754406523064 ], [ 72.855806025708944, 18.699429102926235 ], [ 72.868336151865194, 18.799676580979476 ], [ 72.832177787814302, 18.858127064925828 ], [ 72.836115827463402, 18.86367822820565 ], [ 72.862250090589299, 18.904169066246698 ], [ 72.865830126633952, 18.909067151493598 ], [ 72.866904137447335, 18.911352924608821 ], [ 72.874064209536627, 18.915924470839261 ], [ 72.912012591609852, 18.947272216419428 ], [ 72.913086602423235, 18.95608876986385 ], [ 72.909864569983057, 18.969476869538713 ], [ 72.905210523125021, 18.975354571834995 ], [ 72.894112411386629, 18.981232274131276 ], [ 72.956405038563418, 18.987436515444017 ], [ 72.999007467494678, 18.987109976427558 ], [ 73.034807827941108, 19.003763466267021 ], [ 73.043757918052719, 19.018457722007724 ], [ 73.048053961306294, 19.09813324202398 ], [ 73.048411964910756, 19.09845978104044 ], [ 73.048411964910756, 19.09845978104044 ], [ 73.07776826047683, 19.113807114814062 ], [ 73.130394790333085, 19.108582490550702 ], [ 73.143640923698257, 19.125562519406625 ], [ 73.152949017414343, 19.113154036781143 ], [ 73.175861248100048, 19.108909029567162 ], [ 73.185527345420596, 19.117725583011584 ], [ 73.195193442741129, 19.126215597439547 ], [ 73.195193442741129, 19.126542136456006 ], [ 73.251042005037561, 19.061234333163991 ], [ 73.279324289790239, 19.086051298414958 ], [ 73.297940477222383, 19.082785908250358 ], [ 73.297224470013461, 19.072010120707173 ], [ 73.319062689885783, 19.079847057102217 ], [ 73.307248570938455, 19.10629671743548 ], [ 73.354147043123291, 19.130460604653528 ], [ 73.444721955052756, 19.129807526620606 ], [ 73.476226272245626, 19.129480987604147 ], [ 73.517038683154553, 19.129480987604147 ], [ 73.524914762452767, 19.129480987604147 ], [ 73.525272766057228, 19.129154448587688 ] ] ] } },
{ "type": "Feature", "properties": { "dt_code": null, "district": "Mumbai City", "st_nm": "Maharashtra", "st_code": "27", "year": "2011_c" }, "geometry": { "type": "Polygon", "coordinates": [ [ [ 72.865866351837823, 19.051994517419466 ], [ 72.865132377825404, 19.05205563253898 ], [ 72.865132339789071, 19.05205563571193 ], [ 72.86467272179064, 19.052093331234843 ], [ 72.864212312517026, 19.052131020045476 ], [ 72.863623478847714, 19.052178254938639 ], [ 72.863517183005172, 19.052186782036625 ], [ 72.862828094370784, 19.05224189414697 ], [ 72.862495567506087, 19.052269156689889 ], [ 72.862486389645454, 19.052269897620963 ], [ 72.862239227192362, 19.052289862124759 ], [ 72.861809132061282, 19.052324603680237 ], [ 72.861382943081679, 19.052359027285455 ], [ 72.860727944977242, 19.052412249449372 ], [ 72.86027872178903, 19.052448750049514 ], [ 72.85944735664593, 19.052515600896857 ], [ 72.859437167079989, 19.052516420261849 ], [ 72.858697503272552, 19.052575949312725 ], [ 72.858240861528117, 19.052613666685961 ], [ 72.858044988967578, 19.052366190169504 ], [ 72.857916223141018, 19.052202068056445 ], [ 72.853563572137986, 19.051857125658483 ], [ 72.85038924219235, 19.051605498901836 ], [ 72.85030491315365, 19.051598814087029 ], [ 72.84967494473895, 19.051548869834811 ], [ 72.849597092313431, 19.05154437832768 ], [ 72.849236758878973, 19.051519863896704 ], [ 72.848606463678564, 19.051479056825407 ], [ 72.847286898243723, 19.051390774044577 ], [ 72.846364012083569, 19.051334596089283 ], [ 72.846122916867785, 19.051321027514923 ], [ 72.844674366645847, 19.051178433179562 ], [ 72.843956607155903, 19.051099305815843 ], [ 72.843516850390131, 19.051055929801148 ], [ 72.84339927695784, 19.051041274986108 ], [ 72.843270870562392, 19.051025270459004 ], [ 72.843146018615712, 19.05100970844175 ], [ 72.843095705907359, 19.051003436991358 ], [ 72.842979661304881, 19.05098897321232 ], [ 72.842773783578238, 19.05096331097312 ], [ 72.842487577970587, 19.05092977672102 ], [ 72.842388588508598, 19.050918178423707 ], [ 72.842216926182374, 19.050899442617268 ], [ 72.841939635451197, 19.050712135840385 ], [ 72.841871236129492, 19.050667403248639 ], [ 72.841828001411372, 19.050634820216896 ], [ 72.841822298880871, 19.050630521761374 ], [ 72.841722113025298, 19.050561854982565 ], [ 72.84156489858826, 19.050456640099839 ], [ 72.841448647849319, 19.050379670409452 ], [ 72.841198740483293, 19.050216982387141 ], [ 72.841165357607551, 19.05019309812447 ], [ 72.84109397822688, 19.050144092336179 ], [ 72.840881965031556, 19.049997601901339 ], [ 72.84034354031094, 19.049603152002632 ], [ 72.84005652334973, 19.049401331012554 ], [ 72.839905484265913, 19.049305582834034 ], [ 72.839897044641233, 19.049300232509459 ], [ 72.839816826896794, 19.04924562741633 ], [ 72.839697975546997, 19.049166138745917 ], [ 72.839625750222694, 19.049117832513744 ], [ 72.839619500891743, 19.049112784218096 ], [ 72.839589925631671, 19.049088891897398 ], [ 72.839551984105327, 19.04905824101553 ], [ 72.839441586505288, 19.048980169029463 ], [ 72.839364168275708, 19.048925420408665 ], [ 72.839093137310925, 19.04872277184128 ], [ 72.838926653670086, 19.048591606126635 ], [ 72.838650019529808, 19.048385885341627 ], [ 72.838510485550998, 19.048285402377235 ], [ 72.838140364151826, 19.048258683870753 ], [ 72.838127836585841, 19.048255669268862 ], [ 72.838055107534132, 19.048205108389162 ], [ 72.838041616908072, 19.048202160178409 ], [ 72.837971905707533, 19.048186926574342 ], [ 72.837661138961835, 19.048197624346198 ], [ 72.837631810003742, 19.048172425818681 ], [ 72.837628185563489, 19.047964242007634 ], [ 72.837625759099339, 19.047824868574963 ], [ 72.837625519662666, 19.047821282560431 ], [ 72.837620706910528, 19.047749290108847 ], [ 72.837584690025167, 19.047464474002389 ], [ 72.837573574517322, 19.047352498315419 ], [ 72.83759481648012, 19.047264800095981 ], [ 72.837639835110565, 19.047205835698204 ], [ 72.837807819645121, 19.046985809457148 ], [ 72.837837371943024, 19.046949332750422 ], [ 72.837904870616242, 19.046866019788773 ], [ 72.838002908682569, 19.046708958895724 ], [ 72.838010104187276, 19.04665790003336 ], [ 72.838029750089731, 19.046538159052741 ], [ 72.838042857652738, 19.046457535480446 ], [ 72.838062988221949, 19.046377949824272 ], [ 72.838075548855628, 19.046346287064484 ], [ 72.838105075959092, 19.046271854349968 ], [ 72.838145198901998, 19.046184857739551 ], [ 72.838200232417606, 19.04606552946181 ], [ 72.838276087793105, 19.045913466338067 ], [ 72.838431826257334, 19.045608909308239 ], [ 72.838490261074966, 19.045493660999394 ], [ 72.838548913143612, 19.045377986162212 ], [ 72.838562543447736, 19.0453468109916 ], [ 72.8386385217011, 19.045173029427119 ], [ 72.838705758333518, 19.044987884564996 ], [ 72.838777993751975, 19.044765995082201 ], [ 72.838827089971986, 19.044623178304402 ], [ 72.838828059305669, 19.044620058974012 ], [ 72.83884850867922, 19.044554237084597 ], [ 72.838859404095885, 19.044493440126608 ], [ 72.838863254061053, 19.044431875095814 ], [ 72.838860011990192, 19.044370279407115 ], [ 72.838849716818089, 19.044309387862953 ], [ 72.838832492095506, 19.044249929029778 ], [ 72.838817945660068, 19.04420119970926 ], [ 72.838809210230053, 19.044151230521646 ], [ 72.838806393581748, 19.044100646878476 ], [ 72.838809533132263, 19.044050079689626 ], [ 72.838818587439448, 19.044000161650764 ], [ 72.838833444878077, 19.043951517409084 ], [ 72.838853919970006, 19.043904753584805 ], [ 72.83887975531897, 19.043860456083952 ], [ 72.838903023811937, 19.043810100198499 ], [ 72.838919430262465, 19.043757357046939 ], [ 72.83892871398622, 19.043703067219383 ], [ 72.838930726035812, 19.043648097904764 ], [ 72.838925434171031, 19.043593325787018 ], [ 72.83892088983481, 19.043578753656423 ], [ 72.838914915567827, 19.04356465525008 ], [ 72.838902452893734, 19.043543302702776 ], [ 72.838886725737694, 19.043523997546227 ], [ 72.838865434983219, 19.043505166486071 ], [ 72.838841059931227, 19.043490092076151 ], [ 72.838814324234306, 19.043479223577251 ], [ 72.838703827183153, 19.043416754023905 ], [ 72.838590208997289, 19.043359571644551 ], [ 72.838473748026644, 19.043307818793973 ], [ 72.838354732338757, 19.043261620779276 ], [ 72.838183769025505, 19.043185326593786 ], [ 72.838014556459143, 19.0431055824662 ], [ 72.837847170165034, 19.043022424513662 ], [ 72.837774731483933, 19.042972275377355 ], [ 72.837706897895529, 19.042916605279469 ], [ 72.83764413367706, 19.042855795418298 ], [ 72.837586866547625, 19.042790262694094 ], [ 72.837535490599166, 19.04272045342039 ], [ 72.837490354865295, 19.042646845899689 ], [ 72.837451769101506, 19.042569944168203 ], [ 72.837419997196022, 19.042490273402301 ], [ 72.837395256243923, 19.042408378101005 ], [ 72.837377715632755, 19.042324819365415 ], [ 72.837366561875811, 19.042251286615919 ], [ 72.837361478666139, 19.042177150262333 ], [ 72.837362497182582, 19.042102862296954 ], [ 72.837487196503616, 19.041012631878509 ], [ 72.83750694691372, 19.040884766412123 ], [ 72.837709548116081, 19.039988550455377 ], [ 72.837792870054244, 19.039609060177828 ], [ 72.837831005985677, 19.039413237719156 ], [ 72.837863650219973, 19.039216519925358 ], [ 72.837890779131996, 19.039019045625494 ], [ 72.837912372884063, 19.038820954595824 ], [ 72.837928418274771, 19.038622387593101 ], [ 72.837938902114814, 19.038423484470517 ], [ 72.837951199707746, 19.038094783162421 ], [ 72.837970449695106, 19.03785028611102 ], [ 72.838026439774254, 19.037252519064062 ], [ 72.837962195218665, 19.036624665597955 ], [ 72.837862139787561, 19.035967714392978 ], [ 72.837817982078533, 19.035651734508129 ], [ 72.837660329788363, 19.034940575513581 ], [ 72.837616256716615, 19.034733029666864 ], [ 72.837578858885692, 19.034524301952096 ], [ 72.837548170803487, 19.034314586071936 ], [ 72.83752422219429, 19.034104078381986 ], [ 72.837507034247082, 19.033892974233897 ], [ 72.837499348081622, 19.033776837608166 ], [ 72.837486572511366, 19.033661107456215 ], [ 72.8374687305908, 19.033545984570583 ], [ 72.837445852021702, 19.033431669821187 ], [ 72.837417977912892, 19.033318363307909 ], [ 72.837289493184244, 19.032838884771667 ], [ 72.83714664655966, 19.032537044639682 ], [ 72.836911234564866, 19.03208690403007 ], [ 72.836760869625422, 19.031744825039048 ], [ 72.836714164055479, 19.031625741039676 ], [ 72.836629733449001, 19.031315024915809 ], [ 72.83629706774633, 19.030613286292201 ], [ 72.836208801937602, 19.030422313875846 ], [ 72.836127316524852, 19.03022863524119 ], [ 72.836052700778794, 19.030032469125825 ], [ 72.835985040170513, 19.029834034222084 ], [ 72.83592440965397, 19.029633554517783 ], [ 72.835870878472804, 19.029431254836357 ], [ 72.835824505388999, 19.029227362587289 ], [ 72.835774017341151, 19.02909045625789 ], [ 72.835718426797882, 19.028955349926655 ], [ 72.835657803728978, 19.028822215125093 ], [ 72.835592225711991, 19.028691222570224 ], [ 72.835188968111595, 19.027852910629235 ], [ 72.834942275997378, 19.027343367284132 ], [ 72.834769238364373, 19.027044995511218 ], [ 72.834507238632554, 19.026630867334852 ], [ 72.834241097583401, 19.026226249464941 ], [ 72.833770010628612, 19.025503766395097 ], [ 72.833489852644675, 19.025095158952247 ], [ 72.833359402587703, 19.024923471193809 ], [ 72.833121580352213, 19.024660663640653 ], [ 72.832786413256997, 19.024308767586703 ], [ 72.83248057817444, 19.024020307474899 ], [ 72.832189011387243, 19.023716719590674 ], [ 72.831645633442875, 19.023144422385482 ], [ 72.831080150484738, 19.022571865252992 ], [ 72.830504026591925, 19.022045066074714 ], [ 72.829918971863393, 19.021586989234699 ], [ 72.829621161780778, 19.021300531624405 ], [ 72.829117450389631, 19.020925618626812 ], [ 72.828624336803458, 19.020508768157065 ], [ 72.828314074202055, 19.020252751949251 ], [ 72.828038945965446, 19.020077448319775 ], [ 72.826821044608621, 19.019367808647111 ], [ 72.825339535925849, 19.018518707407061 ], [ 72.824600989505029, 19.018118076986102 ], [ 72.824204020292768, 19.017922214648017 ], [ 72.823916503959111, 19.017811285144692 ], [ 72.823335142665215, 19.01768972487611 ], [ 72.822914257939303, 19.017593951861848 ], [ 72.822528958708446, 19.017509140910661 ], [ 72.821744188548408, 19.017336397814809 ], [ 72.82161643579073, 19.017306213612304 ], [ 72.821571057888107, 19.01731762772329 ], [ 72.821536582006573, 19.017360611545811 ], [ 72.821496717659969, 19.017399150170757 ], [ 72.821452091944778, 19.01743263677885 ], [ 72.821403407858938, 19.017460543125541 ], [ 72.821351431828433, 19.01748242932986 ], [ 72.821296983144407, 19.017497952782584 ], [ 72.821240918782109, 19.017506867064178 ], [ 72.821184122814316, 19.017509032659024 ], [ 72.82112913376173, 19.017525356289376 ], [ 72.821076084837799, 19.017546710391574 ], [ 72.821025482019607, 19.017572891379942 ], [ 72.820977810069877, 19.017603647546931 ], [ 72.82093352485866, 19.017638685295346 ], [ 72.820893049553334, 19.017677669996505 ], [ 72.820882481811864, 19.017686611275092 ], [ 72.820889283508535, 19.017710641126499 ], [ 72.82089312217046, 19.017735257469095 ], [ 72.820898502345699, 19.017823745345936 ], [ 72.82089845638373, 19.017865806382293 ], [ 72.820889582708489, 19.017917227549351 ], [ 72.820876522083651, 19.017967833381917 ], [ 72.820854177141868, 19.018018168035901 ], [ 72.820849081593749, 19.018029645135112 ], [ 72.820803718343925, 19.018117056734187 ], [ 72.820775856480438, 19.018172650958046 ], [ 72.820753293683481, 19.018207276435888 ], [ 72.820591286599793, 19.018376000985977 ], [ 72.820569443188006, 19.018393905856289 ], [ 72.820518742783804, 19.018428200306442 ], [ 72.820492929831744, 19.018442234892639 ], [ 72.82049335112616, 19.018448453307716 ], [ 72.820447353103702, 19.01846894105104 ], [ 72.820418413859159, 19.018480494557792 ], [ 72.820387912476491, 19.018487526035955 ], [ 72.820356623366763, 19.018489857647914 ], [ 72.820351248650724, 19.018490258514429 ], [ 72.820295756179405, 19.018494397424053 ], [ 72.820198160554924, 19.018502327333124 ], [ 72.820123206384011, 19.018508134316029 ], [ 72.82006581981662, 19.018515582891702 ], [ 72.819924625393952, 19.018552632931293 ], [ 72.819762698933133, 19.018599475116194 ], [ 72.819728459280043, 19.018611770758369 ], [ 72.819700523692973, 19.018621802273824 ], [ 72.819676359847151, 19.01863048006458 ], [ 72.819647647059753, 19.01864133971112 ], [ 72.819597543653686, 19.018660354360783 ], [ 72.819576593061669, 19.018630920477005 ], [ 72.819517327954387, 19.018659117796233 ], [ 72.819460853361932, 19.018692090981389 ], [ 72.819407593223275, 19.01872959212854 ], [ 72.819363806614177, 19.018763489103993 ], [ 72.819297194559923, 19.018813606364287 ], [ 72.819236612013654, 19.018863794761948 ], [ 72.819196151594426, 19.018902750296988 ], [ 72.81914564505135, 19.018960585252557 ], [ 72.819067236595032, 19.019048204217722 ], [ 72.819042227340674, 19.019077413595326 ], [ 72.818996896186746, 19.019107905057695 ], [ 72.818955626416269, 19.019143229855597 ], [ 72.818918984653521, 19.019182904217026 ], [ 72.818894751656742, 19.019210699215559 ], [ 72.81886751411173, 19.019276097969446 ], [ 72.81886867044021, 19.019296940508003 ], [ 72.818872091844952, 19.019358602250747 ], [ 72.818867387644673, 19.019430241989522 ], [ 72.818858860151195, 19.019506018628697 ], [ 72.818850196129532, 19.019544154427891 ], [ 72.818831791155318, 19.019606670399572 ], [ 72.81881304697302, 19.019647076284599 ], [ 72.818812182474474, 19.019648844573016 ], [ 72.818801429909499, 19.019670838163666 ], [ 72.818772125084251, 19.019702157346728 ], [ 72.818726172303599, 19.019782226053351 ], [ 72.818743496875285, 19.019799586868995 ], [ 72.818750401545572, 19.019992528872084 ], [ 72.818743086685743, 19.020004272343858 ], [ 72.818708061730462, 19.020069579113589 ], [ 72.818716663266429, 19.020103616573511 ], [ 72.818718345993275, 19.020128729556014 ], [ 72.818717575473471, 19.020149273853374 ], [ 72.818705638013995, 19.020166509589007 ], [ 72.818719136409769, 19.020200963452236 ], [ 72.818726582750202, 19.020232119463 ], [ 72.818728945097092, 19.020243652918733 ], [ 72.818729634358249, 19.020255384304146 ], [ 72.818728638181298, 19.020267095790796 ], [ 72.818721987569944, 19.020295396401025 ], [ 72.818716963751299, 19.020311619928464 ], [ 72.818715603422177, 19.020316014424829 ], [ 72.818712589322516, 19.020325748362744 ], [ 72.818710858210778, 19.020331337993944 ], [ 72.818707886720688, 19.020340936044423 ], [ 72.818690801882099, 19.020389390461109 ], [ 72.818677332399474, 19.020427593250432 ], [ 72.818651956716508, 19.020435813075643 ], [ 72.818618373574054, 19.020486833916681 ], [ 72.818524952500297, 19.020593572270592 ], [ 72.81856810828782, 19.02067797543743 ], [ 72.818578457522747, 19.020681433326661 ], [ 72.818583506573432, 19.020683869385955 ], [ 72.818588107716295, 19.020687006495933 ], [ 72.81859215553358, 19.020690772055399 ], [ 72.818595554303371, 19.020695078222445 ], [ 72.818599845429944, 19.020703194886998 ], [ 72.81860840039522, 19.020721518911216 ], [ 72.818609481215404, 19.020734973798788 ], [ 72.818610181440732, 19.020753504055353 ], [ 72.818608884721314, 19.020780672875027 ], [ 72.818602559103837, 19.020808081291992 ], [ 72.818590549646657, 19.020837812589836 ], [ 72.818583673362497, 19.020839379825357 ], [ 72.818580959642588, 19.020843561431899 ], [ 72.818654212441572, 19.020833432919222 ], [ 72.818676091866607, 19.02083201843412 ], [ 72.818683615928407, 19.020833063808521 ], [ 72.818688398972299, 19.020835652986545 ], [ 72.818692721474761, 19.020838892484495 ], [ 72.818696485614254, 19.020842709790887 ], [ 72.818699607977464, 19.020847019918971 ], [ 72.818702017660087, 19.020851725384109 ], [ 72.818703660955791, 19.020856720775587 ], [ 72.818707509037637, 19.020908386793302 ], [ 72.818701815442466, 19.020940343300726 ], [ 72.81869061947647, 19.020970323570722 ], [ 72.818669885173023, 19.020999474042377 ], [ 72.818654863144658, 19.021014591363048 ], [ 72.81865170949068, 19.021019081202954 ], [ 72.81864925366817, 19.021023949613546 ], [ 72.818647546326659, 19.021029099642192 ], [ 72.818646619219123, 19.021034426887137 ], [ 72.818646492727552, 19.021039825005886 ], [ 72.818650544468241, 19.02107595938066 ], [ 72.818655325243043, 19.02109465704525 ], [ 72.818669786328542, 19.02112157023091 ], [ 72.818669799315714, 19.021121593868674 ], [ 72.818675671756836, 19.021141929364205 ], [ 72.818678809624757, 19.021162805231235 ], [ 72.818682182284434, 19.021193195967605 ], [ 72.818683668495268, 19.021233363760324 ], [ 72.818683629123456, 19.021255588598045 ], [ 72.81868186332818, 19.021275403059427 ], [ 72.818682038147415, 19.02130049913934 ], [ 72.818689645458662, 19.021314449288873 ], [ 72.818694075752987, 19.021340790609575 ], [ 72.818591763011483, 19.021369762769865 ], [ 72.818613819553576, 19.021396837904366 ], [ 72.818629709221412, 19.021396086143927 ], [ 72.818645533578191, 19.02139764592393 ], [ 72.818660923674386, 19.021401480371225 ], [ 72.818665975626274, 19.021403332063404 ], [ 72.818670763012634, 19.021405735225489 ], [ 72.818676174233815, 19.021409384105198 ], [ 72.81868097606305, 19.021413736645172 ], [ 72.81868506903875, 19.021418700443142 ], [ 72.818688368072145, 19.021424173330811 ], [ 72.818689264600607, 19.021447891447252 ], [ 72.818646146388218, 19.021517166318798 ], [ 72.818622818608659, 19.02154862737158 ], [ 72.818579557394926, 19.021536454733376 ], [ 72.818564689596201, 19.021535896200458 ], [ 72.818545302416254, 19.021542741510572 ], [ 72.81852787552927, 19.021553433411089 ], [ 72.818534335355494, 19.021589519444362 ], [ 72.818534229302387, 19.02159764380373 ], [ 72.818517716747351, 19.021637089630566 ], [ 72.818555974337002, 19.021640289959354 ], [ 72.818557980432445, 19.021640627977238 ], [ 72.818559900823033, 19.021641274796895 ], [ 72.818561685430154, 19.021642210858793 ], [ 72.818563283272795, 19.021643412979788 ], [ 72.818564653968309, 19.021644846359695 ], [ 72.818565759056654, 19.02164647441445 ], [ 72.818566568729864, 19.02164825253298 ], [ 72.818567061761314, 19.021650133495825 ], [ 72.818567223641907, 19.021652064743275 ], [ 72.81856705218317, 19.021653995667716 ], [ 72.818565001253887, 19.021672516018572 ], [ 72.818552907888574, 19.02170583130281 ], [ 72.818551881622824, 19.021707913814879 ], [ 72.818550498926129, 19.021709800629782 ], [ 72.818548799449204, 19.021711437117645 ], [ 72.81854683225572, 19.02171277508247 ], [ 72.818544654825658, 19.021713776363303 ], [ 72.818542331167933, 19.021714411908849 ], [ 72.818539927049187, 19.021714663527472 ], [ 72.818490958811367, 19.021709494998333 ], [ 72.818475172014132, 19.021748997261181 ], [ 72.818466638484651, 19.02177035132247 ], [ 72.818467291986195, 19.021835745099164 ], [ 72.818486696668216, 19.021839129281201 ], [ 72.818488686220547, 19.021839206969524 ], [ 72.818490633640991, 19.021839602103281 ], [ 72.818492483035698, 19.02184030408678 ], [ 72.818494181477391, 19.021841293326833 ], [ 72.81849567995485, 19.021842541244034 ], [ 72.818496936209854, 19.02184401120952 ], [ 72.818497912802613, 19.021845661231794 ], [ 72.818498582797432, 19.021847444927236 ], [ 72.818498926925699, 19.021849310583189 ], [ 72.818498186473732, 19.021870675376753 ], [ 72.818496025042393, 19.021933016358759 ], [ 72.818486242842027, 19.021943224960772 ], [ 72.818485099064347, 19.021946888573535 ], [ 72.818484635449778, 19.021950683962856 ], [ 72.818484864854923, 19.021954499277914 ], [ 72.818485782118415, 19.021958220648617 ], [ 72.818487357366948, 19.021961735719557 ], [ 72.818490055270715, 19.021968879745604 ], [ 72.818492031498906, 19.021976234738776 ], [ 72.818757290646815, 19.022308684474922 ], [ 72.818855277317581, 19.022431258605685 ], [ 72.819280152585904, 19.022962744928194 ], [ 72.819281689401308, 19.022982524316934 ], [ 72.81927977726717, 19.023002274733944 ], [ 72.819274468832617, 19.023021454852067 ], [ 72.819265907704235, 19.023039539772938 ], [ 72.819254330156753, 19.02305603549916 ], [ 72.819240051686108, 19.023070490517849 ], [ 72.819223463022638, 19.023082510205658 ], [ 72.819205018642151, 19.023091763919115 ], [ 72.819185222333871, 19.023097999276384 ], [ 72.819164616696227, 19.023101046549485 ], [ 72.819143764110166, 19.02310082114948 ], [ 72.819123236211453, 19.0230973298249 ], [ 72.819103593973168, 19.023090668620146 ], [ 72.818879444855099, 19.022860508711776 ], [ 72.818776756650905, 19.022936143627639 ], [ 72.818069581923737, 19.023457009186473 ], [ 72.817387536153689, 19.023963246901044 ], [ 72.817220102327113, 19.024162015011399 ], [ 72.816884632107957, 19.024605429345609 ], [ 72.816624150944818, 19.025001932228122 ], [ 72.816414792233573, 19.025332123808923 ], [ 72.81623567005694, 19.025502075452167 ], [ 72.815718724926924, 19.025987314213531 ], [ 72.815405396135844, 19.026274213370513 ], [ 72.815224386669129, 19.026434581567411 ], [ 72.814765665597307, 19.026771380070162 ], [ 72.814666303144108, 19.026837120462883 ], [ 72.814609724478842, 19.02685939344866 ], [ 72.814422953017925, 19.02683475408481 ], [ 72.814370916261723, 19.026827889675147 ], [ 72.814029467016539, 19.026651779867919 ], [ 72.814573394720341, 19.025641100418188 ], [ 72.814794071157067, 19.02525500605342 ], [ 72.814888163245797, 19.025090381806237 ], [ 72.815098225297078, 19.024706667872525 ], [ 72.815210060040457, 19.024455623903371 ], [ 72.815251448563529, 19.024329451323947 ], [ 72.815287265153643, 19.024201746861706 ], [ 72.815317446156925, 19.024072731063221 ], [ 72.815341939244107, 19.023942630027999 ], [ 72.815360702531862, 19.023811669978723 ], [ 72.815418983346902, 19.022813405770211 ], [ 72.815472127452352, 19.022015826102081 ], [ 72.815497696361149, 19.021558981339258 ], [ 72.815523897782356, 19.021090852544585 ], [ 72.815534417484812, 19.020902896766717 ], [ 72.815581565333702, 19.020179331962055 ], [ 72.815592274865722, 19.019994854088935 ], [ 72.815656149962393, 19.01889447745252 ], [ 72.815717377426125, 19.017965042063235 ], [ 72.81574078212185, 19.017609742335434 ], [ 72.815792188410853, 19.016752396143403 ], [ 72.815811882855016, 19.016398932137573 ], [ 72.815816809064984, 19.016318523763683 ], [ 72.815825422938545, 19.016238396530301 ], [ 72.815838817519762, 19.016152518831394 ], [ 72.815861380420969, 19.016046703749193 ], [ 72.815890416397764, 19.015942326360904 ], [ 72.81592582485402, 19.015839744062383 ], [ 72.815967485313919, 19.015739309497821 ], [ 72.816015254644284, 19.015641365107424 ], [ 72.816174323676861, 19.015389921377498 ], [ 72.816266763387603, 19.015238064305834 ], [ 72.816294266258311, 19.015180936495309 ], [ 72.816437222311066, 19.014883991580323 ], [ 72.816545872886664, 19.014452713161649 ], [ 72.816623496045295, 19.014162336762176 ], [ 72.816688523780414, 19.013919072989896 ], [ 72.816701793362171, 19.013850708539358 ], [ 72.8167125515549, 19.013781945892717 ], [ 72.816723147955017, 19.013687756736946 ], [ 72.816729035129953, 19.013593195809349 ], [ 72.816730198922087, 19.01349847520687 ], [ 72.816717302113702, 19.013100652095993 ], [ 72.816697851580713, 19.012947486338696 ], [ 72.816671476316003, 19.012795261250719 ], [ 72.816638222970809, 19.012644260098241 ], [ 72.816598155333978, 19.012494762736065 ], [ 72.816551346712302, 19.01234704732423 ], [ 72.816497885638995, 19.012201389492091 ], [ 72.81644281713362, 19.012059640881095 ], [ 72.816381550494228, 19.011920212636028 ], [ 72.816319670553511, 19.01179394014946 ], [ 72.816252706734332, 19.01167003641303 ], [ 72.81618075823576, 19.011548686856443 ], [ 72.816103933809757, 19.011430072505785 ], [ 72.815570727139928, 19.010548132522679 ], [ 72.814948835241566, 19.009531311759474 ], [ 72.814754292248296, 19.009190609775363 ], [ 72.814648498889227, 19.008987610850927 ], [ 72.814546556892012, 19.00878283647436 ], [ 72.814367432842815, 19.008339075449527 ], [ 72.814151488562899, 19.007636775419162 ], [ 72.813989194286293, 19.007135857044144 ], [ 72.81371932969266, 19.006253202931205 ], [ 72.813540259240114, 19.005649407628436 ], [ 72.813488312329156, 19.005474249982168 ], [ 72.813389166223615, 19.00521688606668 ], [ 72.813199475306092, 19.004813148681784 ], [ 72.812999112391566, 19.004457081996467 ], [ 72.812755311252559, 19.004041232997292 ], [ 72.812508281424101, 19.003622717122607 ], [ 72.812322791157413, 19.003301478900948 ], [ 72.811986447543902, 19.002709916918644 ], [ 72.811956852686279, 19.002657865827761 ], [ 72.811755582958853, 19.002294617489451 ], [ 72.811496484482859, 19.001838676360151 ], [ 72.811456018838811, 19.001744181304758 ], [ 72.811421713183989, 19.001647506459648 ], [ 72.81139369761371, 19.001549013762091 ], [ 72.811372076469723, 19.001449073876433 ], [ 72.811356930286465, 19.001348062603991 ], [ 72.811337528605407, 19.001102635241388 ], [ 72.811340921844817, 19.000497567771003 ], [ 72.811334959205496, 19.000031477604956 ], [ 72.811331806129587, 18.999926764966204 ], [ 72.811355945082454, 18.999694758484246 ], [ 72.811360853561254, 18.999549991986367 ], [ 72.811356841812483, 18.998934799012098 ], [ 72.811356156444205, 18.998526128239646 ], [ 72.811364661422814, 18.998336952855908 ], [ 72.811382902825642, 18.998241384043428 ], [ 72.811388539702577, 18.998212031136404 ], [ 72.811265795930694, 18.998184290432629 ], [ 72.811269134633321, 18.998172453169108 ], [ 72.811330988847558, 18.997953136487183 ], [ 72.811446526660745, 18.997543477282328 ], [ 72.811737377183078, 18.996512200950693 ], [ 72.811869036491586, 18.996045853678233 ], [ 72.81187182094277, 18.995612175819222 ], [ 72.811844213572257, 18.995033507907216 ], [ 72.81184840637323, 18.994923359665002 ], [ 72.811857384320604, 18.994813469453767 ], [ 72.811871132571767, 18.99470402768134 ], [ 72.811880809243206, 18.994591166824051 ], [ 72.811883965986198, 18.994477971409623 ], [ 72.811880592666398, 18.994364781843515 ], [ 72.811869725211139, 18.993850836210939 ], [ 72.811868592606515, 18.993360905614068 ], [ 72.811865755983462, 18.993193582703761 ], [ 72.811851519782522, 18.993127330086875 ], [ 72.811806550275463, 18.992918049765372 ], [ 72.811796210442651, 18.992871739948892 ], [ 72.811583456986313, 18.991918846294737 ], [ 72.811429398907208, 18.991212019209751 ], [ 72.811254778855314, 18.990540796835383 ], [ 72.811096493443529, 18.989965361809912 ], [ 72.810912683568475, 18.98942069275958 ], [ 72.810571354305097, 18.988434427773804 ], [ 72.81036597157464, 18.987810637995164 ], [ 72.810144926408341, 18.987232069800299 ], [ 72.809937373270529, 18.986694205142463 ], [ 72.809867923759484, 18.986514227888687 ], [ 72.809629891740087, 18.985890051177698 ], [ 72.809510845528294, 18.985580352383767 ], [ 72.809386025614785, 18.985327941302618 ], [ 72.809216995142208, 18.98499853164056 ], [ 72.808974080245136, 18.9845559248561 ], [ 72.808595894546599, 18.983891849780065 ], [ 72.808222548787654, 18.983242171402409 ], [ 72.807980030594209, 18.982814090775456 ], [ 72.807876334407752, 18.982631050950864 ], [ 72.807441356678865, 18.981892216390406 ], [ 72.807136845700256, 18.981358064077881 ], [ 72.806687117642227, 18.980595155418882 ], [ 72.806318307760819, 18.979983765118135 ], [ 72.805826551574839, 18.979260441905947 ], [ 72.805476384331726, 18.978722161407116 ], [ 72.805220808126379, 18.978326957727532 ], [ 72.804936316332672, 18.977895564736848 ], [ 72.804634183443312, 18.977430264866928 ], [ 72.804327615240624, 18.97695845924736 ], [ 72.804035808516446, 18.976510487937301 ], [ 72.803792652745372, 18.976145542486524 ], [ 72.803518406255861, 18.975737928093611 ], [ 72.803281121704487, 18.975385241079284 ], [ 72.802994745749132, 18.974925861799754 ], [ 72.802774389086821, 18.974604202899311 ], [ 72.802600184739021, 18.974326109478124 ], [ 72.802474479084282, 18.974085155814336 ], [ 72.802312904916803, 18.973763477975282 ], [ 72.802093659812584, 18.97329987524364 ], [ 72.801933724564108, 18.972910823849894 ], [ 72.801774741167137, 18.972506726606081 ], [ 72.801612159619367, 18.972032325976535 ], [ 72.801424062426818, 18.971492379228454 ], [ 72.801326811574214, 18.971208028802788 ], [ 72.801267565407571, 18.970956392588572 ], [ 72.801191579690411, 18.970544677227167 ], [ 72.801101965176755, 18.97008046339143 ], [ 72.801014204503744, 18.969589744204324 ], [ 72.800925691097746, 18.96904165921806 ], [ 72.800872651026566, 18.968719117997313 ], [ 72.800796704308368, 18.968304536135204 ], [ 72.800715793346384, 18.967866234850078 ], [ 72.800619973200867, 18.967358213085539 ], [ 72.800522250770825, 18.966822924184456 ], [ 72.800418904690034, 18.966256739878972 ], [ 72.800343374641997, 18.965867972153809 ], [ 72.800249053128894, 18.9653606843769 ], [ 72.800144345416243, 18.964898441694473 ], [ 72.800077529746048, 18.964649583200192 ], [ 72.799961322928866, 18.964202260042605 ], [ 72.799860780229722, 18.963824666308795 ], [ 72.799829312857582, 18.963695958844216 ], [ 72.799751987022859, 18.963444107647067 ], [ 72.799617568595721, 18.963063960811631 ], [ 72.799492531592549, 18.962715471131304 ], [ 72.799398405801526, 18.962480627045895 ], [ 72.799278597342507, 18.962250496218132 ], [ 72.799146744695605, 18.962019505963518 ], [ 72.799064129740046, 18.961883737045181 ], [ 72.799013187475552, 18.96180355063979 ], [ 72.798792561723701, 18.961504111719407 ], [ 72.798639321717559, 18.961295092241887 ], [ 72.798414666592024, 18.960958322850775 ], [ 72.798182524694624, 18.960617880203475 ], [ 72.797895797444156, 18.960187886840519 ], [ 72.797627484556429, 18.959790374978873 ], [ 72.797368315531855, 18.959385084433571 ], [ 72.797192062992849, 18.959092624415284 ], [ 72.796905661417114, 18.958580901220824 ], [ 72.79658247588813, 18.958017239189399 ], [ 72.796213130748697, 18.957376195241046 ], [ 72.795715785451065, 18.9565367050334 ], [ 72.795338359642301, 18.955899387125978 ], [ 72.794924875026865, 18.95525399180212 ], [ 72.794643309789834, 18.954814735633224 ], [ 72.794363779482453, 18.954373592113765 ], [ 72.794030034265759, 18.953776941290684 ], [ 72.793680722146618, 18.953141867802181 ], [ 72.793504560967108, 18.952786075614995 ], [ 72.793312880855922, 18.952388036398741 ], [ 72.793223240493319, 18.952202328466154 ], [ 72.792896861234837, 18.95162376643292 ], [ 72.792801938505377, 18.951431449664828 ], [ 72.792640854472666, 18.951075357776215 ], [ 72.792493971745003, 18.950747158118091 ], [ 72.792343786793865, 18.950402667944896 ], [ 72.792199829631471, 18.950081193289062 ], [ 72.792065227766415, 18.949774169858383 ], [ 72.791931687106995, 18.949462857777316 ], [ 72.791886582421299, 18.949340438951744 ], [ 72.791881060652656, 18.949187423853015 ], [ 72.79187863676097, 18.948939082438162 ], [ 72.791878279637459, 18.948902523139484 ], [ 72.791690383434826, 18.948904586631784 ], [ 72.791687088572132, 18.948904077689281 ], [ 72.791549517104002, 18.948882833675093 ], [ 72.79155871723033, 18.948828030805277 ], [ 72.791566413551664, 18.948782183708268 ], [ 72.791621586666565, 18.948444919926359 ], [ 72.791654676992877, 18.94822067017795 ], [ 72.791742400197194, 18.948234619938674 ], [ 72.791754796831555, 18.948131522734116 ], [ 72.791831818067919, 18.947401543541961 ], [ 72.791952035922108, 18.946381176569595 ], [ 72.792539307013897, 18.946441889660363 ], [ 72.792541493979996, 18.946442115320863 ], [ 72.79254152700392, 18.946441697513578 ], [ 72.792545165206846, 18.94639582006927 ], [ 72.792549472545204, 18.946341505289929 ], [ 72.79255753549846, 18.94634208454335 ], [ 72.792560173835597, 18.946342274029682 ], [ 72.792561243531011, 18.946328786928554 ], [ 72.792558694197069, 18.946327099122133 ], [ 72.792552055951703, 18.946322704383778 ], [ 72.792559157632766, 18.946241056484833 ], [ 72.792575379699215, 18.946095539730706 ], [ 72.792578743026041, 18.946065362757789 ], [ 72.792583731402502, 18.946020612374397 ], [ 72.792590099306381, 18.945948993448997 ], [ 72.792594427254542, 18.945949403574218 ], [ 72.792594714512617, 18.945949431382491 ], [ 72.792596372242471, 18.945949478220438 ], [ 72.792598014553633, 18.945949253902477 ], [ 72.79259959198572, 18.945948765968744 ], [ 72.792601058791661, 18.945948028326338 ], [ 72.792602371003767, 18.945947063935964 ], [ 72.792603491250659, 18.945945899449828 ], [ 72.792604384901253, 18.945944569681942 ], [ 72.792605027705363, 18.945943114086113 ], [ 72.79260539821253, 18.945941575762514 ], [ 72.792605487286906, 18.945939999764363 ], [ 72.792605106598984, 18.94593632174972 ], [ 72.792604083673709, 18.945932757121483 ], [ 72.792602446626773, 18.945929405570929 ], [ 72.792600241654426, 18.945926363391745 ], [ 72.79260270922677, 18.945916079569976 ], [ 72.792606319749424, 18.945901028503794 ], [ 72.79260959481222, 18.945887377079337 ], [ 72.792611190562795, 18.945881454562198 ], [ 72.792639590921453, 18.945776033162996 ], [ 72.792672457638446, 18.945664102892867 ], [ 72.792685406986436, 18.945615265292123 ], [ 72.792691688283256, 18.945616773531 ], [ 72.792723151725497, 18.945514386438926 ], [ 72.792769506578097, 18.945369875157144 ], [ 72.79281123486831, 18.945233435228527 ], [ 72.792804974585934, 18.945231701434771 ], [ 72.792820118500501, 18.945188134164813 ], [ 72.792821259654986, 18.945188771891832 ], [ 72.792822498308553, 18.945189213873153 ], [ 72.79282379856167, 18.945189447035951 ], [ 72.792825121584343, 18.945189464595195 ], [ 72.792826428463385, 18.945189266087567 ], [ 72.792827680202578, 18.945188857371448 ], [ 72.792828839620697, 18.945188250649494 ], [ 72.792829872300743, 18.945187464479986 ], [ 72.792830748535508, 18.945186520187022 ], [ 72.792831441346436, 18.945185448159563 ], [ 72.792831930398606, 18.945184278865689 ], [ 72.792832201953303, 18.945183046465001 ], [ 72.792832247930818, 18.945181787894185 ], [ 72.792832065934149, 18.945180541060843 ], [ 72.79283166213196, 18.945179342168039 ], [ 72.792831048399393, 18.9451782265836 ], [ 72.792880893101426, 18.945131262600448 ], [ 72.793029493265607, 18.944984862308516 ], [ 72.793150657548978, 18.9448620332189 ], [ 72.793221922509503, 18.944790470535036 ], [ 72.793237243160405, 18.944790413556895 ], [ 72.793243892337827, 18.944781411520466 ], [ 72.793239544567072, 18.944768215794323 ], [ 72.793277197066743, 18.94471250316818 ], [ 72.793367088644629, 18.944580458896009 ], [ 72.793441902980092, 18.944468072094619 ], [ 72.793445688799622, 18.94446668280931 ], [ 72.7934529712212, 18.944466769491168 ], [ 72.793461543118809, 18.944483361099365 ], [ 72.793511503877596, 18.94444667447009 ], [ 72.793550960546924, 18.944425636111081 ], [ 72.793543295681019, 18.944406550613206 ], [ 72.793534180392172, 18.944383852950004 ], [ 72.793524858867215, 18.944387242062639 ], [ 72.793495760089655, 18.944306920895901 ], [ 72.793485193931161, 18.944308229478999 ], [ 72.793470708372112, 18.944282963204451 ], [ 72.79344098952005, 18.944193707915115 ], [ 72.793424573043424, 18.944143326603673 ], [ 72.793407466771342, 18.944088157126387 ], [ 72.793424307051282, 18.944084276728521 ], [ 72.793489340160633, 18.944069295550925 ], [ 72.793460905490662, 18.94399218337561 ], [ 72.793428253406347, 18.943896799002921 ], [ 72.79342110825435, 18.943891037985942 ], [ 72.793407572808945, 18.943846067964092 ], [ 72.793421418774756, 18.943842794128301 ], [ 72.793588022551006, 18.943803406813537 ], [ 72.793584057176872, 18.943786610807773 ], [ 72.793590172030676, 18.943785251044101 ], [ 72.79386101059049, 18.943725022468168 ], [ 72.793857775887076, 18.943713154216038 ], [ 72.793742935640509, 18.943738363631851 ], [ 72.793578944204825, 18.94377436161076 ], [ 72.79357740360669, 18.943768005227891 ], [ 72.793616412287847, 18.94375944250066 ], [ 72.793610096901531, 18.943739228660181 ], [ 72.793591904996845, 18.94369703218133 ], [ 72.793571683878127, 18.943649472488403 ], [ 72.793542423373623, 18.943582687194642 ], [ 72.7935207861847, 18.9436046548341 ], [ 72.793501187469815, 18.943548021351962 ], [ 72.793465546334332, 18.943431690463999 ], [ 72.793453517552393, 18.943391398202241 ], [ 72.793434486905952, 18.943329753066852 ], [ 72.793410171295477, 18.94324988174003 ], [ 72.793371641597361, 18.943123957454972 ], [ 72.793356957802956, 18.943075508026503 ], [ 72.793316040552838, 18.942959353682209 ], [ 72.793255906548623, 18.942795650670472 ], [ 72.793220010303216, 18.942698674091059 ], [ 72.793226065799331, 18.942658358625245 ], [ 72.793249578390359, 18.942512858911059 ], [ 72.793271674150347, 18.942379529763819 ], [ 72.793288308504557, 18.942279593482599 ], [ 72.793302481080161, 18.942194923390755 ], [ 72.793313436129779, 18.942125748950488 ], [ 72.793329549500683, 18.942027240805686 ], [ 72.793346741408868, 18.941923009908752 ], [ 72.793351302496575, 18.941900838125786 ], [ 72.793347703007015, 18.941888129125591 ], [ 72.793333304619225, 18.941856173581286 ], [ 72.793296695959484, 18.941775200309184 ], [ 72.793273509820196, 18.941724021249971 ], [ 72.793269495046786, 18.941685497174099 ], [ 72.793263952096737, 18.94164862771289 ], [ 72.793220686727537, 18.941558254649586 ], [ 72.793185265649797, 18.941482553269026 ], [ 72.79314003416944, 18.941388812087212 ], [ 72.793092393903819, 18.941287393575603 ], [ 72.793058638578287, 18.941218642580012 ], [ 72.793046902546877, 18.941194365556001 ], [ 72.793042065352054, 18.941180208375172 ], [ 72.793023182868936, 18.941126451187419 ], [ 72.792991200997037, 18.941056526305339 ], [ 72.792972399460822, 18.941015675594418 ], [ 72.792946391068824, 18.940969002606305 ], [ 72.792902931238373, 18.940893444857817 ], [ 72.792870256709463, 18.940838090035793 ], [ 72.792836287926946, 18.940785587594565 ], [ 72.792829598832398, 18.940778577393271 ], [ 72.792810869050228, 18.940770467322576 ], [ 72.792786072552076, 18.940746274169189 ], [ 72.792763293732293, 18.940721387858947 ], [ 72.792767073588195, 18.940663120485073 ], [ 72.79275868708271, 18.940613312554877 ], [ 72.792746518184742, 18.940583772595986 ], [ 72.792687097042801, 18.940518778791503 ], [ 72.792691821331516, 18.940465064161845 ], [ 72.792679474150219, 18.940430025853001 ], [ 72.792670766287387, 18.940404589874653 ], [ 72.792605416971099, 18.940332116186749 ], [ 72.792548220193837, 18.940269778166527 ], [ 72.792543823241516, 18.940260405269637 ], [ 72.792512922174126, 18.940184757616201 ], [ 72.792465058538568, 18.940100304631166 ], [ 72.792427261109268, 18.940033417594815 ], [ 72.792410135942063, 18.940017919113782 ], [ 72.792410615861641, 18.940000478719369 ], [ 72.792432780015417, 18.939982224350807 ], [ 72.792433212796382, 18.939981868206917 ], [ 72.792477127232289, 18.939928322108333 ], [ 72.792484261090152, 18.939919623018497 ], [ 72.792574062451379, 18.939813388855413 ], [ 72.792585145910223, 18.939791773458584 ], [ 72.792585058546777, 18.939760226707662 ], [ 72.792581859717558, 18.93975517021541 ], [ 72.79257468118746, 18.939747197649321 ], [ 72.792521088252911, 18.939716448250206 ], [ 72.792520862661135, 18.939695415392205 ], [ 72.792543413028838, 18.939642151445231 ], [ 72.792560790109846, 18.93960029707323 ], [ 72.792622959535706, 18.939532688002107 ], [ 72.792655175860546, 18.939509375885596 ], [ 72.792741585541521, 18.93944781801579 ], [ 72.7927485424228, 18.939444707871392 ], [ 72.792784280702989, 18.939428730427608 ], [ 72.792840189141216, 18.93947432408671 ], [ 72.792868751642075, 18.939450092291359 ], [ 72.792911303098322, 18.93941399130733 ], [ 72.792911416177773, 18.939405389275841 ], [ 72.792883508969922, 18.939369448593332 ], [ 72.7928832110873, 18.939353911096454 ], [ 72.792904235750527, 18.939340300208844 ], [ 72.792976331752584, 18.939281651889665 ], [ 72.793054772700287, 18.939218059741872 ], [ 72.793107555493535, 18.939176626703979 ], [ 72.79319534282854, 18.939147082330781 ], [ 72.793207882173434, 18.939147066273147 ], [ 72.793249842925462, 18.939147013777468 ], [ 72.793315532963433, 18.939174561320119 ], [ 72.793332247152179, 18.939183125155132 ], [ 72.79335090143833, 18.939196968945357 ], [ 72.793387983364198, 18.93920362364079 ], [ 72.793405529633432, 18.939206222426137 ], [ 72.793470155380774, 18.939200060906057 ], [ 72.793509868155056, 18.939216784613293 ], [ 72.793526956344664, 18.9392160314246 ], [ 72.793570470226129, 18.939211052992412 ], [ 72.793670558062701, 18.939239249086619 ], [ 72.793726621206133, 18.939254015778086 ], [ 72.793745855442779, 18.939281011315554 ], [ 72.793755329241606, 18.939286381812078 ], [ 72.793784259274219, 18.939301782176688 ], [ 72.793836430644589, 18.939306942616629 ], [ 72.793878543877199, 18.939332059736948 ], [ 72.793931832111738, 18.93936686791357 ], [ 72.794011948024107, 18.939424221333947 ], [ 72.79412635005518, 18.939509943383776 ], [ 72.794224138012538, 18.939560337022623 ], [ 72.794262551031622, 18.93956127179862 ], [ 72.794279260331876, 18.939561255598075 ], [ 72.794447650093446, 18.93956108454692 ], [ 72.794481514451746, 18.939564115792056 ], [ 72.794500058626951, 18.939567204163485 ], [ 72.794513324075425, 18.939570157485779 ], [ 72.794697386990052, 18.93961113377992 ], [ 72.79469705663179, 18.939623204397531 ], [ 72.794696903220597, 18.939628813515782 ], [ 72.79453416861061, 18.939589835070059 ], [ 72.79451593961808, 18.93958508125861 ], [ 72.79448135750917, 18.939576062919972 ], [ 72.794277991581538, 18.93957712402247 ], [ 72.794228692381168, 18.939576880794146 ], [ 72.794221429355886, 18.939573888661862 ], [ 72.794173736782469, 18.939554241208608 ], [ 72.794152279549891, 18.939581707354318 ], [ 72.794187790220874, 18.939631599482414 ], [ 72.794230268120074, 18.939648116585548 ], [ 72.794275152566371, 18.939645827897781 ], [ 72.794294856359528, 18.93964482304176 ], [ 72.794305393020551, 18.939645664654211 ], [ 72.794314605995481, 18.939651383383961 ], [ 72.794318347679024, 18.939653705870992 ], [ 72.794321753171047, 18.93966211040598 ], [ 72.794336173008105, 18.939711512261752 ], [ 72.794350451016683, 18.939790785365528 ], [ 72.794372460698227, 18.93991245108861 ], [ 72.794383318111088, 18.939965395535054 ], [ 72.794416693791987, 18.940005703219779 ], [ 72.794474822215534, 18.940073548933395 ], [ 72.79448542205914, 18.94008873116648 ], [ 72.794496377386821, 18.940115149447251 ], [ 72.794498047183168, 18.940121860529313 ], [ 72.794500009112596, 18.940163705797531 ], [ 72.794545365166329, 18.940267008998962 ], [ 72.794605327387089, 18.940405614832407 ], [ 72.794647158774254, 18.940509592365238 ], [ 72.794691317228427, 18.940627697185953 ], [ 72.794721917644907, 18.940707165320593 ], [ 72.794739149688269, 18.940752777181796 ], [ 72.794747430489807, 18.940829827417932 ], [ 72.794746529394743, 18.940841049424051 ], [ 72.794734859303887, 18.940869110753962 ], [ 72.794734532486459, 18.940888932136136 ], [ 72.794728553309795, 18.94089030530419 ], [ 72.794745029069333, 18.940955265560387 ], [ 72.794761891711786, 18.941029073161392 ], [ 72.794851170703339, 18.941191926532376 ], [ 72.794928547706164, 18.941324049108506 ], [ 72.794970791569767, 18.941396724213252 ], [ 72.794973801757422, 18.941396999372781 ], [ 72.794979331693824, 18.941396586421803 ], [ 72.794988441673311, 18.941391437894744 ], [ 72.794990281014137, 18.941390735369371 ], [ 72.794992215299075, 18.941390320301032 ], [ 72.794994193135437, 18.941390202917436 ], [ 72.794996166060841, 18.941390387158417 ], [ 72.794998082884206, 18.941390867898974 ], [ 72.794999895356653, 18.941391632823134 ], [ 72.795001556285129, 18.941392661498305 ], [ 72.795003024218474, 18.941393929947196 ], [ 72.795004261644237, 18.941395403400499 ], [ 72.795005236768148, 18.941397045350346 ], [ 72.79500592449881, 18.941398814852448 ], [ 72.795070969142301, 18.941513822402367 ], [ 72.795124936914775, 18.941611730794207 ], [ 72.795125579699857, 18.941620102465038 ], [ 72.795124010735861, 18.941624863766311 ], [ 72.795107685279532, 18.94162490897714 ], [ 72.795105591345745, 18.9416313359371 ], [ 72.795089821738301, 18.941646443907512 ], [ 72.795089222384519, 18.941653845175441 ], [ 72.795092888859202, 18.941661536534166 ], [ 72.795123288767485, 18.941756295948011 ], [ 72.795150409102462, 18.941852212250652 ], [ 72.7951583445724, 18.941859953473504 ], [ 72.79517990535436, 18.941939314060956 ], [ 72.795185395893213, 18.941961126727932 ], [ 72.795195217162799, 18.942016448809557 ], [ 72.795215404482448, 18.942123992296139 ], [ 72.795227822233997, 18.942192010522611 ], [ 72.795228989484443, 18.942217835464657 ], [ 72.795229316122274, 18.942326815570091 ], [ 72.795229423141933, 18.942414284146714 ], [ 72.795236796860024, 18.942464798064108 ], [ 72.795253119064043, 18.942579703980257 ], [ 72.795266538712482, 18.942686211351791 ], [ 72.795281433200969, 18.942795125338449 ], [ 72.795290206449991, 18.942853780565368 ], [ 72.795303301988767, 18.942946662279773 ], [ 72.795316378712371, 18.943040977215983 ], [ 72.795324263950235, 18.943090780040194 ], [ 72.795333567980762, 18.94316640899029 ], [ 72.795334133259715, 18.943180754688676 ], [ 72.795325846673762, 18.943218894015601 ], [ 72.795318156134257, 18.943221191635445 ], [ 72.795309800495559, 18.943264587914818 ], [ 72.795295812988954, 18.943335159916185 ], [ 72.795346262420708, 18.943375909002491 ], [ 72.795352132229013, 18.943387928705846 ], [ 72.795355757953971, 18.943398725829226 ], [ 72.795356322723137, 18.943432190457035 ], [ 72.795357974564894, 18.943516809606713 ], [ 72.795372595259707, 18.943570038138933 ], [ 72.795382887643797, 18.943622815965135 ], [ 72.795398423722602, 18.943705942775665 ], [ 72.795400325668524, 18.943718832987233 ], [ 72.795405519926746, 18.9437315527985 ], [ 72.795423390373514, 18.943767689075806 ], [ 72.795432212787176, 18.943785529158635 ], [ 72.795400507357556, 18.943750387217413 ], [ 72.795351775009721, 18.943696338438059 ], [ 72.795338828948871, 18.943699396410871 ], [ 72.795346524241893, 18.943733308036002 ], [ 72.79541721657364, 18.943808590353974 ], [ 72.795419134137575, 18.943813714671531 ], [ 72.795419915995836, 18.943829783622299 ], [ 72.795420930944942, 18.943843210650673 ], [ 72.795437262485038, 18.943884782405743 ], [ 72.795446551683469, 18.943903219663209 ], [ 72.795464767132643, 18.943937446070045 ], [ 72.795479912668512, 18.943963510398945 ], [ 72.795520199672438, 18.944025584296995 ], [ 72.795595522456097, 18.944141354379123 ], [ 72.795598850297637, 18.944144984340365 ], [ 72.79560358499252, 18.944147307780103 ], [ 72.795630977718275, 18.94413289620028 ], [ 72.795609201263076, 18.94409768357292 ], [ 72.795569725017984, 18.944034296983872 ], [ 72.795529523284415, 18.943965801150568 ], [ 72.795489074186762, 18.943900891855598 ], [ 72.795476641573671, 18.943879960399698 ], [ 72.795487639820948, 18.94387328705993 ], [ 72.795517873966418, 18.943854944047185 ], [ 72.795595864282561, 18.943990429308553 ], [ 72.795628459526895, 18.944048172806028 ], [ 72.795654128418505, 18.944093753069151 ], [ 72.795647291145855, 18.94409829637091 ], [ 72.795662636369883, 18.944119205547132 ], [ 72.795658824061107, 18.944121818459045 ], [ 72.795688340404581, 18.944160810150628 ], [ 72.795728556171028, 18.944214656431843 ], [ 72.795820147542244, 18.944340315289477 ], [ 72.795871615008195, 18.944413519044566 ], [ 72.79594618470604, 18.944520453574675 ], [ 72.795988643208489, 18.944562482254931 ], [ 72.796090330809889, 18.944660479103131 ], [ 72.796096839940645, 18.944666830413027 ], [ 72.796130890282342, 18.944679781267336 ], [ 72.79618311876564, 18.944699959194146 ], [ 72.796256146125771, 18.944728171219833 ], [ 72.796375462385754, 18.944774697551232 ], [ 72.796392334468308, 18.944787557063329 ], [ 72.796395784825052, 18.944814610462338 ], [ 72.796401198929459, 18.944861276738049 ], [ 72.796406769880377, 18.944867437141038 ], [ 72.796419759964252, 18.944882289125037 ], [ 72.796445313489798, 18.944915930674981 ], [ 72.796452919800416, 18.944924609124929 ], [ 72.796461903259612, 18.944932002371484 ], [ 72.796472024383775, 18.94493791427373 ], [ 72.796483018478938, 18.944942189037086 ], [ 72.796551026428943, 18.944963382710728 ], [ 72.796599006906249, 18.944974397219291 ], [ 72.796608763658497, 18.944998086929662 ], [ 72.79663150064107, 18.945053289715688 ], [ 72.796676457182855, 18.945158498194612 ], [ 72.796681091066645, 18.945178627849366 ], [ 72.796694943770675, 18.94524260120328 ], [ 72.7967056272619, 18.945276178888598 ], [ 72.796721589570694, 18.945307802374149 ], [ 72.796732677878026, 18.945324065183982 ], [ 72.796747066986896, 18.945347178581301 ], [ 72.796756625538066, 18.945365216145614 ], [ 72.796796998692471, 18.945414712290464 ], [ 72.796909193089235, 18.945494597166924 ], [ 72.796959995549315, 18.945530586389388 ], [ 72.797039502726719, 18.945586736597118 ], [ 72.797102012839687, 18.945646268855505 ], [ 72.79715410353441, 18.945695999025599 ], [ 72.797246159381089, 18.945772014273643 ], [ 72.797273727936471, 18.945795642838551 ], [ 72.79733898153188, 18.945845629638548 ], [ 72.797351682074463, 18.945855359449421 ], [ 72.797433379763831, 18.945916912548391 ], [ 72.797481514982067, 18.945952256652831 ], [ 72.797540338328787, 18.946005651701242 ], [ 72.797606234289489, 18.946065582633864 ], [ 72.797595820005156, 18.946084100036451 ], [ 72.797602897519951, 18.946094165870061 ], [ 72.79765758213334, 18.946171943546904 ], [ 72.797701375203559, 18.946234225832836 ], [ 72.797727480511512, 18.946271353995698 ], [ 72.797748171086383, 18.946359785282439 ], [ 72.797772732722763, 18.946469053417307 ], [ 72.79776876816473, 18.946484062481566 ], [ 72.797764836538491, 18.946496561823281 ], [ 72.797750283123023, 18.946514671469608 ], [ 72.797689186761957, 18.946577037143086 ], [ 72.797674782890667, 18.946583677367158 ], [ 72.797665154678285, 18.946628371975294 ], [ 72.797701149813207, 18.946680516649483 ], [ 72.797705823409331, 18.94668728688865 ], [ 72.797721262242447, 18.946716506885142 ], [ 72.797724280744205, 18.946727513542875 ], [ 72.797732408646681, 18.946757147074319 ], [ 72.797750842638621, 18.946816514984739 ], [ 72.797790510193323, 18.946980450752722 ], [ 72.79782007401451, 18.947102127460361 ], [ 72.797825538101932, 18.947124615396326 ], [ 72.797835818073779, 18.947173848682585 ], [ 72.797848122188071, 18.947212351999962 ], [ 72.797853466563367, 18.947235716465929 ], [ 72.797885088969849, 18.947266203583624 ], [ 72.797926684570825, 18.947311866249898 ], [ 72.797960874055349, 18.947347760862982 ], [ 72.797975448618047, 18.947362842043276 ], [ 72.797997671024291, 18.947385837973624 ], [ 72.798043895491531, 18.947423310801849 ], [ 72.798106835216871, 18.947473110941697 ], [ 72.798127425444591, 18.947460253990762 ], [ 72.798163202844762, 18.947441834623849 ], [ 72.798270965368033, 18.947381846785447 ], [ 72.79833759127601, 18.947357544266854 ], [ 72.79847312448176, 18.947307175116681 ], [ 72.798528049553482, 18.947313204478828 ], [ 72.798591624056598, 18.947320412314792 ], [ 72.798614883978829, 18.947327858512526 ], [ 72.798653634946518, 18.947331903709856 ], [ 72.798765255353644, 18.947352586734826 ], [ 72.799068546019612, 18.947351527542331 ], [ 72.799075017503156, 18.947360259269551 ], [ 72.799161833347014, 18.947477384969609 ], [ 72.799213219391078, 18.947552200217487 ], [ 72.799238923328346, 18.947574372045509 ], [ 72.799273815840067, 18.94764289635663 ], [ 72.799326411336281, 18.947711631752778 ], [ 72.799349173938225, 18.947785747637042 ], [ 72.799461454370856, 18.947813608064394 ], [ 72.799572162801795, 18.947846468189628 ], [ 72.799610315440773, 18.947849027485116 ], [ 72.799676051378995, 18.947853437087907 ], [ 72.799686069296399, 18.947856889885703 ], [ 72.799768688549236, 18.947885365399149 ], [ 72.799789424740723, 18.947884178099908 ], [ 72.799833581656117, 18.947906927488805 ], [ 72.799871970588399, 18.947903122567109 ], [ 72.799885262425462, 18.947901805343122 ], [ 72.79991111809926, 18.947900467439151 ], [ 72.799936838172968, 18.947903318072825 ], [ 72.799956748010572, 18.94790854030445 ], [ 72.799975732548987, 18.947916278829151 ], [ 72.79999344148834, 18.94792639038976 ], [ 72.800040335626889, 18.947970322594045 ], [ 72.800095157618614, 18.948012914531216 ], [ 72.800147716017506, 18.948055839080038 ], [ 72.800195899656046, 18.948097864451494 ], [ 72.800209227637325, 18.948111315682372 ], [ 72.800228230705059, 18.948153634217672 ], [ 72.800309087263884, 18.948237449352732 ], [ 72.800289667501318, 18.948262474501771 ], [ 72.800347279313002, 18.948307909480654 ], [ 72.800364924093273, 18.948287290062357 ], [ 72.800407337829981, 18.948237729266918 ], [ 72.800474106487258, 18.948153006933222 ], [ 72.800513371297953, 18.948106063375043 ], [ 72.800543529511387, 18.948102883241003 ], [ 72.800551141787892, 18.948102080263038 ], [ 72.800652493857001, 18.948114360320393 ], [ 72.800666461140409, 18.948114526054702 ], [ 72.800722570814528, 18.948132471811288 ], [ 72.800848251781701, 18.948171624740556 ], [ 72.800875768864842, 18.948183314949432 ], [ 72.800901342807521, 18.948198481270467 ], [ 72.80092449227746, 18.94821683798785 ], [ 72.800929815621345, 18.948220110375676 ], [ 72.800935647380825, 18.948222471098674 ], [ 72.800941817601242, 18.948223850396985 ], [ 72.800948144559769, 18.948224207275015 ], [ 72.800985327127208, 18.94822952323257 ], [ 72.801083432611321, 18.948240877558646 ], [ 72.801225600825546, 18.948265604114727 ], [ 72.801241809259508, 18.948272442470103 ], [ 72.801333507212988, 18.948310749360537 ], [ 72.801370131889044, 18.948323147292864 ], [ 72.801461836663961, 18.948361010712148 ], [ 72.801560285227254, 18.948418646629698 ], [ 72.801565620793141, 18.94842337878999 ], [ 72.801570118059985, 18.948428842571222 ], [ 72.801573669605787, 18.948434904825536 ], [ 72.80157618716845, 18.948441419083625 ], [ 72.801586278372795, 18.948476311005173 ], [ 72.801590183922443, 18.948483755810265 ], [ 72.801595213236482, 18.948490561801314 ], [ 72.801601255356758, 18.948496575916977 ], [ 72.801608174387539, 18.948501664671497 ], [ 72.801672800406237, 18.948543655298618 ], [ 72.801807642584649, 18.948632364440979 ], [ 72.801978770869709, 18.948740861271414 ], [ 72.802084113595981, 18.948809504358533 ], [ 72.802115114950766, 18.948829946616293 ], [ 72.802132010075553, 18.948826400303002 ], [ 72.802149271171828, 18.948825279928812 ], [ 72.802166516300872, 18.948826610771661 ], [ 72.802183362347208, 18.948830362997782 ], [ 72.802199436396208, 18.948836452699737 ], [ 72.802214382330618, 18.948844745587614 ], [ 72.80223563191268, 18.948861845798643 ], [ 72.802317711055736, 18.948952079580927 ], [ 72.802373038812263, 18.949013676685276 ], [ 72.802445813496377, 18.949095196684357 ], [ 72.802547575226356, 18.949207172741232 ], [ 72.802627808225935, 18.949294516719835 ], [ 72.802692828362396, 18.949392792944387 ], [ 72.802750488964278, 18.949477718643536 ], [ 72.802746797608179, 18.949587010054689 ], [ 72.802891903052796, 18.949726385827287 ], [ 72.802943433618367, 18.949819125051018 ], [ 72.803035154643595, 18.949978658795551 ], [ 72.803055096656408, 18.950009365279847 ], [ 72.803086761962462, 18.950003991477292 ], [ 72.803173416002721, 18.949993928583851 ], [ 72.803254978874236, 18.950051166668313 ], [ 72.803432315378359, 18.950174793047164 ], [ 72.80351670584254, 18.950232432164793 ], [ 72.803584205479766, 18.950371603992764 ], [ 72.8035914098419, 18.950368104390432 ], [ 72.803609905241018, 18.950365455777266 ], [ 72.803632873509812, 18.950366445153652 ], [ 72.80379400593975, 18.950432879857708 ], [ 72.803898227956822, 18.950472113540091 ], [ 72.804010078006044, 18.95059066127293 ], [ 72.8041349991895, 18.950717966341486 ], [ 72.804029435241844, 18.950867634417435 ], [ 72.803959228859085, 18.950963949345017 ], [ 72.804032163093865, 18.951004604272608 ], [ 72.804098688807301, 18.951045542732743 ], [ 72.804185438357266, 18.951095680995653 ], [ 72.804204876624325, 18.951107383437609 ], [ 72.804243908594643, 18.951147636602784 ], [ 72.804252092361338, 18.951155619807761 ], [ 72.804270326741445, 18.951201720757794 ], [ 72.804315664739008, 18.951307052546728 ], [ 72.804385912726346, 18.951447451722988 ], [ 72.80441192731584, 18.951416241151435 ], [ 72.804473691394918, 18.9513421434437 ], [ 72.804488428482486, 18.9513100549784 ], [ 72.804603973045445, 18.951271036030189 ], [ 72.804669441418937, 18.951200832665087 ], [ 72.804689251785888, 18.951216966278665 ], [ 72.804773074229615, 18.951285226675065 ], [ 72.804846871002553, 18.951346325672493 ], [ 72.804903516990564, 18.951470550821647 ], [ 72.805034338022594, 18.951569367327473 ], [ 72.805023125769509, 18.951663275139083 ], [ 72.805006981763597, 18.951793330268508 ], [ 72.805050216093377, 18.951789069591943 ], [ 72.805069225507268, 18.951787196499193 ], [ 72.805086723937109, 18.951788058603992 ], [ 72.805173079605467, 18.951792310481192 ], [ 72.805224180697522, 18.951797993740861 ], [ 72.805239449250962, 18.951806837607158 ], [ 72.805339829202964, 18.951861499498307 ], [ 72.805398434050133, 18.951893560571392 ], [ 72.805424289826377, 18.951909101823919 ], [ 72.805471123725852, 18.951952972533604 ], [ 72.805479427524958, 18.951968986977313 ], [ 72.805485133354722, 18.95198599855069 ], [ 72.80549841336007, 18.952074879028117 ], [ 72.805500899086852, 18.952100897582092 ], [ 72.805490314159528, 18.95214199732051 ], [ 72.805481683607283, 18.952177743173731 ], [ 72.805480146596352, 18.952199233083288 ], [ 72.805524416044918, 18.952199160271842 ], [ 72.805664106979478, 18.952200814409387 ], [ 72.805693218859332, 18.95220743217099 ], [ 72.805876980795574, 18.952248144108683 ], [ 72.805906399045284, 18.95225536341502 ], [ 72.805944811961865, 18.952294951383902 ], [ 72.806018363234443, 18.952384545424049 ], [ 72.80604092702346, 18.952411698609563 ], [ 72.806078198497914, 18.952442610000684 ], [ 72.806172444536898, 18.952534241036116 ], [ 72.80622015910501, 18.95268843737944 ], [ 72.806260966857792, 18.952684207325731 ], [ 72.806297418635239, 18.952680748555533 ], [ 72.806456762828205, 18.952665236435688 ], [ 72.806617705462244, 18.952650317560476 ], [ 72.806682091520599, 18.95264466296187 ], [ 72.806814555118976, 18.952753415469129 ], [ 72.806975777812639, 18.952885270978818 ], [ 72.807150990377025, 18.953027747910152 ], [ 72.807297337050784, 18.953144790021135 ], [ 72.807384900637587, 18.95321931343241 ], [ 72.807370092127059, 18.953295314497655 ], [ 72.80717675463849, 18.953314535782138 ], [ 72.80687910622845, 18.953339392461782 ], [ 72.806645248287282, 18.953361618341244 ], [ 72.806787258686285, 18.953448868299009 ], [ 72.80682161233787, 18.953445652871338 ], [ 72.806836301053409, 18.953442301344086 ], [ 72.806851376469368, 18.953441393159956 ], [ 72.806866392034308, 18.953442957357286 ], [ 72.806880904098549, 18.953446946232869 ], [ 72.806894483221384, 18.953453241798542 ], [ 72.806906728372937, 18.953461658658863 ], [ 72.806917275429242, 18.953471947724736 ], [ 72.806925814162568, 18.953483803640339 ], [ 72.806932091884676, 18.953496876568433 ], [ 72.806935921894777, 18.953510779516254 ], [ 72.806937190907561, 18.953525101068919 ], [ 72.806935862684597, 18.953539418077845 ], [ 72.806931975994544, 18.953553306475456 ], [ 72.807147805693958, 18.953758998302526 ], [ 72.807223268688659, 18.953846522667789 ], [ 72.807267156917334, 18.953899619143169 ], [ 72.807325533497774, 18.95394930115895 ], [ 72.807371390803098, 18.953995848885835 ], [ 72.807398422713064, 18.954041575900391 ], [ 72.807424073030234, 18.954096845632616 ], [ 72.807449033502891, 18.95415688718575 ], [ 72.807487376775683, 18.954249947230362 ], [ 72.807560413307911, 18.954427062999162 ], [ 72.807648498305753, 18.954653945991847 ], [ 72.80771627629214, 18.954704934144598 ], [ 72.807823144584248, 18.954647647280311 ], [ 72.807894014546093, 18.954798449205789 ], [ 72.807956329637179, 18.954835033596435 ], [ 72.808085412108667, 18.954951871016402 ], [ 72.808148787905679, 18.9550034049063 ], [ 72.808139858132492, 18.955014053342776 ], [ 72.808176864229125, 18.955065275292597 ], [ 72.80817638512417, 18.955053918510515 ], [ 72.808240489854697, 18.955097693969137 ], [ 72.808306494327098, 18.955140296882188 ], [ 72.80837318867583, 18.955178127946688 ], [ 72.808484280249019, 18.955230226112192 ], [ 72.808674050132296, 18.955316115780324 ], [ 72.808991172573371, 18.955459074535828 ], [ 72.809192189235489, 18.955549277843396 ], [ 72.809250250679938, 18.955575058380909 ], [ 72.809327837305403, 18.955596288856633 ], [ 72.809399835945527, 18.95561267414989 ], [ 72.809587395237372, 18.95562743852809 ], [ 72.809869837662688, 18.955655670779024 ], [ 72.809872106422475, 18.955655897213994 ], [ 72.810202204500712, 18.955526565023042 ], [ 72.810767515169886, 18.955321146040202 ], [ 72.811252095021743, 18.955142851808095 ], [ 72.811887436078052, 18.954911968196114 ], [ 72.811992352950668, 18.954872767725565 ], [ 72.81246885546382, 18.954698488087541 ], [ 72.812804514798074, 18.954575788594642 ], [ 72.813022622926795, 18.954491850558391 ], [ 72.813285322198141, 18.954378325010865 ], [ 72.813751606276242, 18.954177343984782 ], [ 72.814155209528451, 18.954006211789956 ], [ 72.814473938594645, 18.953871838028789 ], [ 72.814650746999462, 18.953796014271447 ], [ 72.814728712519596, 18.953749614214239 ], [ 72.815113636915342, 18.953585429472088 ], [ 72.815229823518166, 18.953535656369304 ], [ 72.815237992780794, 18.953486999697457 ], [ 72.815235197021394, 18.953470237618465 ], [ 72.814996811284274, 18.953259987134338 ], [ 72.814709812801283, 18.953002322332715 ], [ 72.81497109060976, 18.952727701418482 ], [ 72.815510355593645, 18.952168141354338 ], [ 72.81578717231821, 18.952397484489786 ], [ 72.816047589802437, 18.952613251428211 ], [ 72.816375154504371, 18.952262933822261 ], [ 72.816670200619441, 18.95194091154811 ], [ 72.816989664016177, 18.951595277167524 ], [ 72.81730353888662, 18.951254357202956 ], [ 72.817560345900787, 18.950975378024474 ], [ 72.817839686128124, 18.950663205436001 ], [ 72.817980849709528, 18.950508092622254 ], [ 72.81821480385517, 18.950247962411567 ], [ 72.81846606321507, 18.949970349834032 ], [ 72.81861337166481, 18.949806227445819 ], [ 72.818757660083776, 18.949642547190667 ], [ 72.818912346097136, 18.949451745226991 ], [ 72.818924204781794, 18.949433910037687 ], [ 72.818932077075104, 18.949439690464818 ], [ 72.819174157775961, 18.949133769104787 ], [ 72.819475641666287, 18.948769635099389 ], [ 72.81964111594452, 18.948560317933975 ], [ 72.819977074569593, 18.948142698509614 ], [ 72.820150670796394, 18.947926784082465 ], [ 72.82029372096892, 18.947742057295507 ], [ 72.820539964175325, 18.947424710379153 ], [ 72.820642127397193, 18.947293991302526 ], [ 72.820756753977975, 18.947131872522778 ], [ 72.820995281745212, 18.946789579261182 ], [ 72.821260346502513, 18.946415096594318 ], [ 72.821419096095511, 18.946181799130876 ], [ 72.821580113133138, 18.945928454195972 ], [ 72.821710239288279, 18.945733058415374 ], [ 72.821887080289187, 18.945421585822352 ], [ 72.822003154009337, 18.945225068099994 ], [ 72.822127748245137, 18.944991369421118 ], [ 72.822274986061416, 18.944715873831171 ], [ 72.822371900489173, 18.944524867286184 ], [ 72.822527817391091, 18.944199764499572 ], [ 72.822577396272067, 18.944095192530984 ], [ 72.822630386212296, 18.943960070951746 ], [ 72.822715096292754, 18.943780391242893 ], [ 72.822822715583825, 18.943581750205173 ], [ 72.822823169759261, 18.943580911898081 ], [ 72.823017304440356, 18.943097570630574 ], [ 72.823102633344433, 18.942870100328189 ], [ 72.823219311663792, 18.942549315944515 ], [ 72.823291408645403, 18.9423350745862 ], [ 72.823411979413081, 18.941946463226927 ], [ 72.823488578574683, 18.941675514873165 ], [ 72.823545682306801, 18.941477898796297 ], [ 72.823545612284207, 18.941477881715716 ], [ 72.8235497961509, 18.941463708156455 ], [ 72.823602476787428, 18.941049607270198 ], [ 72.823652804173449, 18.94081612997925 ], [ 72.823671756861486, 18.940727954355747 ], [ 72.823715939022506, 18.940501623718461 ], [ 72.823732621782796, 18.940418810264983 ], [ 72.823744132260188, 18.940357296308242 ], [ 72.823766022990455, 18.94024031958774 ], [ 72.823774935656814, 18.940189841833689 ], [ 72.823781754410078, 18.940151219131625 ], [ 72.823791328176981, 18.94007405067989 ], [ 72.823799535349593, 18.940023221404768 ], [ 72.823802642835659, 18.94000186153664 ], [ 72.823827820849772, 18.939828845601539 ], [ 72.823841311719775, 18.93973463892004 ], [ 72.823842101558512, 18.939727895444015 ], [ 72.823876123960261, 18.939515220129696 ], [ 72.823880707096492, 18.939376636679377 ], [ 72.823914316383835, 18.939236690327292 ], [ 72.823914342017943, 18.939236470233514 ], [ 72.823918342396624, 18.939200704862525 ], [ 72.823919153873973, 18.939193463041637 ], [ 72.823922222405713, 18.939166023793025 ], [ 72.823926023120407, 18.939132040913243 ], [ 72.823927047213218, 18.939122895715915 ], [ 72.82393906901666, 18.938993787999824 ], [ 72.823945122633575, 18.938928793852316 ], [ 72.823962565608213, 18.938703944927003 ], [ 72.823977972149379, 18.93843158066322 ], [ 72.823979731795774, 18.938367728417834 ], [ 72.823979736011339, 18.93836754962248 ], [ 72.823979742452821, 18.938367345562064 ], [ 72.8239797455916, 18.938367249853677 ], [ 72.823979749573112, 18.938367089120707 ], [ 72.823986172102678, 18.938134017669903 ], [ 72.823989136462501, 18.937881836075814 ], [ 72.823989297242761, 18.937719712406878 ], [ 72.823989480755785, 18.937535323722649 ], [ 72.823981740341026, 18.93721321281545 ], [ 72.823969481952631, 18.936939273768434 ], [ 72.823964638408484, 18.936844537553455 ], [ 72.823964637118891, 18.936844490568966 ], [ 72.823964635618665, 18.936844459840625 ], [ 72.823964632407524, 18.936844414640099 ], [ 72.823964629383639, 18.936844354989667 ], [ 72.823963303003723, 18.936818376211548 ], [ 72.823962102510151, 18.93680465791223 ], [ 72.823962099135159, 18.936804625355386 ], [ 72.82396189578715, 18.936802297986198 ], [ 72.82396103238122, 18.936786446536647 ], [ 72.823961026216423, 18.936786336266977 ], [ 72.823955156374495, 18.936678649757678 ], [ 72.82394306648186, 18.936509786742484 ], [ 72.823932866627771, 18.936389770549635 ], [ 72.823932863346428, 18.936389730767829 ], [ 72.823921291386796, 18.936274953622387 ], [ 72.82391849913779, 18.936235811642767 ], [ 72.823907853536639, 18.936129391459918 ], [ 72.823900682782863, 18.936072286518943 ], [ 72.823900665580339, 18.936072149022046 ], [ 72.823887532263541, 18.935967547711034 ], [ 72.823865845916529, 18.935812745992219 ], [ 72.823837262996278, 18.935630227299672 ], [ 72.82383226120696, 18.935599566265203 ], [ 72.823832255957271, 18.935599531879845 ], [ 72.823822053762825, 18.935536982663827 ], [ 72.823814680680542, 18.935493003282382 ], [ 72.82381227078173, 18.935480759358231 ], [ 72.823812261829417, 18.935480717703374 ], [ 72.823805935081765, 18.935448581458147 ], [ 72.823799209036792, 18.935406385471932 ], [ 72.823790723939879, 18.935353141884573 ], [ 72.823766969354295, 18.935214090369172 ], [ 72.823766962183086, 18.935214057767784 ], [ 72.823766949832461, 18.935213985362296 ], [ 72.823766303990013, 18.935210205783104 ], [ 72.823734995079874, 18.93504482781545 ], [ 72.823708287562695, 18.934902334560913 ], [ 72.823686764536305, 18.934796326878608 ], [ 72.823686732406472, 18.934796169334884 ], [ 72.823686703885627, 18.934796026285628 ], [ 72.823686696714446, 18.934795993684233 ], [ 72.823686691394585, 18.934795964717587 ], [ 72.823672388576568, 18.934725514463821 ], [ 72.823637882794785, 18.934567614071945 ], [ 72.823626272309113, 18.934519110228116 ], [ 72.823626259654262, 18.934519061303739 ], [ 72.823626252412893, 18.934519034121056 ], [ 72.823626243413827, 18.93451899607868 ], [ 72.823624395726441, 18.934511273228612 ], [ 72.823622330093542, 18.934502642757632 ], [ 72.823619724096332, 18.934491762255586 ], [ 72.823615347724896, 18.934473492209172 ], [ 72.82359177296324, 18.934378590376159 ], [ 72.823568355536125, 18.934263052775421 ], [ 72.823568203863346, 18.934262304905406 ], [ 72.823568187763399, 18.934262228842893 ], [ 72.823568102084252, 18.934261808726284 ], [ 72.823567993204236, 18.934261274527039 ], [ 72.823531448670309, 18.934080962077047 ], [ 72.823523575485638, 18.934053900242148 ], [ 72.823509308646464, 18.934004852172556 ], [ 72.823396592159924, 18.933597242682655 ], [ 72.823153170201891, 18.932922877695262 ], [ 72.823040624875802, 18.932617289333574 ], [ 72.823040615713055, 18.932617263934837 ], [ 72.82304056064298, 18.932617118767421 ], [ 72.82304047442895, 18.932616886521817 ], [ 72.823040435973539, 18.932616777679662 ], [ 72.823040322271282, 18.93261646923786 ], [ 72.823040236080672, 18.932616235186007 ], [ 72.822903462282397, 18.932244867261051 ], [ 72.822843626027634, 18.932096592658151 ], [ 72.822843602125019, 18.932096532762653 ], [ 72.822843532198291, 18.932096362129617 ], [ 72.822791651016615, 18.93196779962539 ], [ 72.822762467138887, 18.931895751132942 ], [ 72.822627108979034, 18.931587772187086 ], [ 72.822444260151812, 18.931217669704498 ], [ 72.822312012556949, 18.930958011605686 ], [ 72.822128711347716, 18.930606938828198 ], [ 72.821961954898512, 18.930297165579077 ], [ 72.821795693063791, 18.930026592133345 ], [ 72.821607522298947, 18.929741421204586 ], [ 72.821517697077908, 18.929618961489865 ], [ 72.821243881717493, 18.929276383366737 ], [ 72.821086724284299, 18.929078568880318 ], [ 72.820951242847144, 18.928913509860401 ], [ 72.820723691893093, 18.92864412886366 ], [ 72.820499031793403, 18.928384338055249 ], [ 72.820301088656009, 18.928160826776534 ], [ 72.820253504505516, 18.928107096634545 ], [ 72.819984404297159, 18.927788472593242 ], [ 72.819825810172517, 18.927585799835164 ], [ 72.819782822617199, 18.92753086537925 ], [ 72.819661881810362, 18.927387466749249 ], [ 72.819557260541799, 18.92726341790797 ], [ 72.819470113170681, 18.927157821963302 ], [ 72.818155272492689, 18.925564623859458 ], [ 72.817412102556332, 18.924739563024318 ], [ 72.81725695541823, 18.924567319089295 ], [ 72.816655467473737, 18.923899541527838 ], [ 72.816270197176507, 18.92347180784763 ], [ 72.816238025203191, 18.923436090306769 ], [ 72.814344222679992, 18.921333518108355 ], [ 72.814330055497194, 18.921317357338857 ], [ 72.814306902682787, 18.921290269758629 ], [ 72.814280921297438, 18.921260569168783 ], [ 72.814252867642608, 18.921227975435169 ], [ 72.814224955560462, 18.921196100548951 ], [ 72.814192446291244, 18.921158578565649 ], [ 72.814164980342838, 18.921127139778953 ], [ 72.814131875957074, 18.921089037211527 ], [ 72.814112221269554, 18.921066870190959 ], [ 72.814084208755943, 18.921035277726407 ], [ 72.814041589578835, 18.920987313352825 ], [ 72.814001344464387, 18.920942100245632 ], [ 72.813966301959425, 18.920902398647335 ], [ 72.813947587175235, 18.920881673437872 ], [ 72.813924724111345, 18.920855450033226 ], [ 72.813900814200522, 18.92082864072864 ], [ 72.813863094088958, 18.920786326074481 ], [ 72.813828938298613, 18.920747924746792 ], [ 72.813785875011689, 18.920699381528454 ], [ 72.813771006917293, 18.920682680451495 ], [ 72.813747560736019, 18.920656342672771 ], [ 72.813706427260385, 18.920609972820287 ], [ 72.813663947998478, 18.920562869922534 ], [ 72.81361166245766, 18.920505040970028 ], [ 72.813564278712391, 18.920452718180105 ], [ 72.813520757322223, 18.920404599463701 ], [ 72.813469515952406, 18.920347642678198 ], [ 72.813433566545754, 18.92030821664526 ], [ 72.81340816755727, 18.920280098996233 ], [ 72.813335981016635, 18.920200096383873 ], [ 72.813266014885286, 18.920123130454662 ], [ 72.813180167411019, 18.920027767785925 ], [ 72.813153841502825, 18.919998679931798 ], [ 72.813107235062319, 18.919947182748036 ], [ 72.81304262256289, 18.919875729162577 ], [ 72.812957511090715, 18.919781664929353 ], [ 72.812890225740134, 18.919707168357437 ], [ 72.812816701349732, 18.919625859067594 ], [ 72.812769764207587, 18.919573971325921 ], [ 72.812700710406091, 18.919496443314802 ], [ 72.812627797173761, 18.919414423984897 ], [ 72.812558301124355, 18.919336173536109 ], [ 72.812495634684097, 18.91926574715162 ], [ 72.812447153462742, 18.919216708972264 ], [ 72.812383359095222, 18.919151861300232 ], [ 72.812315398881822, 18.919082948643229 ], [ 72.812250120999153, 18.919016362750092 ], [ 72.812217622818665, 18.918977980723522 ], [ 72.812180254735026, 18.91893179860282 ], [ 72.812147781796781, 18.918891552550612 ], [ 72.812136363062393, 18.918877551206609 ], [ 72.812129243521213, 18.918868821343519 ], [ 72.812097897409188, 18.918834611456781 ], [ 72.812036698168356, 18.91876721278485 ], [ 72.811994664976211, 18.918720545689549 ], [ 72.811942084431479, 18.918662425645902 ], [ 72.811907325037055, 18.918624160534865 ], [ 72.811871833668533, 18.918584308806572 ], [ 72.811820455571493, 18.918526346528878 ], [ 72.811776201294876, 18.91847678538041 ], [ 72.811693131154868, 18.918384082464769 ], [ 72.811593641137122, 18.918272019797982 ], [ 72.811492656752733, 18.918158982923227 ], [ 72.811438284861893, 18.918098002719674 ], [ 72.811374718718611, 18.918027278187473 ], [ 72.811337679681046, 18.917986691847712 ], [ 72.811281220242066, 18.91792561021369 ], [ 72.811200593445733, 18.917838242541521 ], [ 72.811155622673439, 18.917789723306882 ], [ 72.811136223730671, 18.917767508466973 ], [ 72.81112080286114, 18.917748398952455 ], [ 72.811105189244088, 18.917728712695336 ], [ 72.811100284346068, 18.917719669296197 ], [ 72.811091623430301, 18.917705993078972 ], [ 72.811081516343265, 18.917695358218204 ], [ 72.811071758394505, 18.917688742430858 ], [ 72.81106184500949, 18.917678684322063 ], [ 72.811050116351041, 18.917665537359454 ], [ 72.811047318407603, 18.917662329429728 ], [ 72.811010304422965, 18.917619831147832 ], [ 72.810978235163972, 18.91758331831938 ], [ 72.810944586713759, 18.917544684090082 ], [ 72.810910563582794, 18.917507200696367 ], [ 72.810883190328397, 18.91747704342508 ], [ 72.810798230255827, 18.917383123797432 ], [ 72.810784877790056, 18.917368295684778 ], [ 72.810739414687632, 18.917317807795005 ], [ 72.810699792761739, 18.917275088116163 ], [ 72.810651264020436, 18.917222129784214 ], [ 72.81057757063266, 18.917142300023457 ], [ 72.810511803519191, 18.917070974822625 ], [ 72.810472185734397, 18.9170278730777 ], [ 72.810403445613773, 18.916953454363487 ], [ 72.810354718372082, 18.916900302137801 ], [ 72.810291918588192, 18.916832454172891 ], [ 72.810279843452022, 18.916818737647873 ], [ 72.810236094851874, 18.916768894935718 ], [ 72.810195514021302, 18.916722721563954 ], [ 72.81015790532625, 18.916679643467724 ], [ 72.810132962846879, 18.916651244512849 ], [ 72.810109599561954, 18.916624966957315 ], [ 72.810085453389163, 18.916597150957259 ], [ 72.810049221223423, 18.916556382440643 ], [ 72.810010020982531, 18.916512137509503 ], [ 72.809973388980552, 18.916471173677341 ], [ 72.809932604619988, 18.916425189347542 ], [ 72.809895382531863, 18.916383261996902 ], [ 72.809849252164, 18.916331288338519 ], [ 72.809816185929293, 18.916294190020331 ], [ 72.809785501101558, 18.916259414056899 ], [ 72.809749062924951, 18.916219025137902 ], [ 72.809719027838867, 18.916186320762804 ], [ 72.809709723971807, 18.916176114428431 ], [ 72.809653667823014, 18.916114618948374 ], [ 72.809596425769612, 18.916051998460656 ], [ 72.809552849814466, 18.916004451012789 ], [ 72.809510066713855, 18.915957678870594 ], [ 72.809467911128451, 18.915909001942214 ], [ 72.809430701716508, 18.915866119026102 ], [ 72.809378057826123, 18.915805273443535 ], [ 72.809328383584116, 18.915747712795895 ], [ 72.809300870688801, 18.915716224102383 ], [ 72.809253723298667, 18.915665193962433 ], [ 72.809176466537465, 18.915581497330024 ], [ 72.809126541423481, 18.915527758045066 ], [ 72.809078606278234, 18.91547557144192 ], [ 72.809034826943574, 18.91542821298485 ], [ 72.80897045156118, 18.915358051803324 ], [ 72.808928851517905, 18.915313014211602 ], [ 72.808871801217862, 18.91525115995789 ], [ 72.808837537722496, 18.915213473802257 ], [ 72.808781498931182, 18.915151058804913 ], [ 72.808734965349117, 18.915099270750307 ], [ 72.808676553707627, 18.915033958990172 ], [ 72.808623261967867, 18.914976546975645 ], [ 72.808577303642963, 18.914926869352616 ], [ 72.808542437701064, 18.914889176040845 ], [ 72.808501824429499, 18.914845487736539 ], [ 72.80846122458226, 18.914800843943695 ], [ 72.808413098640941, 18.914747889895402 ], [ 72.80835942560897, 18.914688944113632 ], [ 72.808343684255661, 18.914671311963986 ], [ 72.808323332685603, 18.914649132610062 ], [ 72.808306550772684, 18.914630436787828 ], [ 72.808284414823518, 18.914606372955333 ], [ 72.808262595605925, 18.914581164828139 ], [ 72.808225188431038, 18.914538135766371 ], [ 72.808183923857428, 18.914490473540017 ], [ 72.808139094340902, 18.914438896071925 ], [ 72.808106587677983, 18.914401374168666 ], [ 72.808073932020406, 18.914363706884632 ], [ 72.808042014879859, 18.914327195445406 ], [ 72.80794196970372, 18.914214327080611 ], [ 72.807834565228944, 18.914093835039456 ], [ 72.807706483865488, 18.913954810638621 ], [ 72.807626358963617, 18.913868903682069 ], [ 72.80757526803319, 18.913813665347291 ], [ 72.807463976449995, 18.913692896896208 ], [ 72.807389863136123, 18.913612384619874 ], [ 72.807315512046827, 18.913531407046698 ], [ 72.80726010935193, 18.913471025184794 ], [ 72.807203533374334, 18.913407388586787 ], [ 72.807151992135047, 18.913349367342711 ], [ 72.807059939709347, 18.913245493642176 ], [ 72.806955182256075, 18.913127347492299 ], [ 72.806867448043562, 18.913028154790727 ], [ 72.806736798919218, 18.912880996454003 ], [ 72.806667279448476, 18.912802622017921 ], [ 72.806662539446307, 18.912796972185333 ], [ 72.806605482736458, 18.912728969771177 ], [ 72.80650511839761, 18.912609718259002 ], [ 72.806487830997625, 18.912589133054905 ], [ 72.8063939793457, 18.91247737503604 ], [ 72.806337241436751, 18.912412450988089 ], [ 72.806331425976254, 18.912405796671894 ], [ 72.8062803660995, 18.912348243386422 ], [ 72.80621804064441, 18.912277825651884 ], [ 72.806135325493059, 18.91216688469499 ], [ 72.80605930514713, 18.912064820484705 ], [ 72.806013899744698, 18.912002704805886 ], [ 72.805973534086817, 18.911945741203592 ], [ 72.805920505761705, 18.911871265667457 ], [ 72.805862451934644, 18.911790480234096 ], [ 72.805807024852356, 18.911713429157832 ], [ 72.805769043082606, 18.911660197925674 ], [ 72.805753035155533, 18.911638016391635 ], [ 72.80572207748088, 18.911587183200552 ], [ 72.805686591267346, 18.911529120158637 ], [ 72.80567110942394, 18.911503935207694 ], [ 72.805658979886545, 18.91148600775049 ], [ 72.805629108086023, 18.911441858788375 ], [ 72.805585681500602, 18.91137722015689 ], [ 72.805519344815878, 18.911278742331085 ], [ 72.805501926800545, 18.911252839884614 ], [ 72.805488575827326, 18.911232078034612 ], [ 72.805443777512849, 18.91116070930611 ], [ 72.805439494174735, 18.911153889718793 ], [ 72.805404220477342, 18.911097736813606 ], [ 72.80536212583651, 18.91103082505203 ], [ 72.805355677849676, 18.911020575525807 ], [ 72.805340833070403, 18.91099697877295 ], [ 72.805318679913299, 18.910961065621006 ], [ 72.805279433300086, 18.910893003351568 ], [ 72.805238520618644, 18.910822142983925 ], [ 72.805188091153141, 18.910734965801026 ], [ 72.805154322744556, 18.910675765025836 ], [ 72.805127351653411, 18.910627607348669 ], [ 72.80511177426591, 18.910599792776818 ], [ 72.805074448917296, 18.910533604852212 ], [ 72.805049008985165, 18.91048862483699 ], [ 72.805036406901365, 18.910466483521692 ], [ 72.805027247513166, 18.910450778819492 ], [ 72.805005001167856, 18.910412635318057 ], [ 72.804950755978169, 18.910319624952514 ], [ 72.804928631125946, 18.910281628304169 ], [ 72.804925615886432, 18.910272109434683 ], [ 72.804923257841892, 18.910264664970864 ], [ 72.804908112790628, 18.910232307635042 ], [ 72.804883033695106, 18.910178302983784 ], [ 72.804855829881447, 18.910119411015355 ], [ 72.804839862332045, 18.910085066737384 ], [ 72.804823726766813, 18.910050361881801 ], [ 72.804811349328318, 18.910023738576214 ], [ 72.804771777714777, 18.909931745299374 ], [ 72.80475808946295, 18.909899901064104 ], [ 72.804734054704852, 18.909843983921977 ], [ 72.804730032807257, 18.909834734962256 ], [ 72.804722816145272, 18.90982056074375 ], [ 72.804700984789307, 18.909777682771882 ], [ 72.804674424206567, 18.909726669310746 ], [ 72.804656341397887, 18.909691152884594 ], [ 72.804645381127202, 18.909669241420922 ], [ 72.804615932008915, 18.909612748106785 ], [ 72.804600545308219, 18.909582334400511 ], [ 72.804597272754535, 18.909576098508211 ], [ 72.804579053859101, 18.909535887181715 ], [ 72.804558156990652, 18.909489259115855 ], [ 72.804542275383213, 18.909454373887353 ], [ 72.804539935671713, 18.909449234730943 ], [ 72.80451516387113, 18.909394098295596 ], [ 72.804512710682005, 18.909388637143476 ], [ 72.804495834230181, 18.909351444991067 ], [ 72.804487129224711, 18.909328930623669 ], [ 72.804478727150425, 18.90930720205241 ], [ 72.80447293146014, 18.909292212736844 ], [ 72.804446978044624, 18.909224869354581 ], [ 72.804425214472076, 18.909169030528286 ], [ 72.804400408562145, 18.909104517044025 ], [ 72.804378645016783, 18.909048678214745 ], [ 72.80437327028784, 18.909034594415214 ], [ 72.80435956776877, 18.908998691691263 ], [ 72.804351606029201, 18.908978203065981 ], [ 72.80434028825411, 18.908949078526675 ], [ 72.804324442853186, 18.908908518596331 ], [ 72.804307463742887, 18.908864002573477 ], [ 72.804298476330928, 18.908842114426246 ], [ 72.804295442826756, 18.908832690175974 ], [ 72.804271906070767, 18.908761619644515 ], [ 72.804261667840478, 18.908730715821022 ], [ 72.804247799264715, 18.908688853293214 ], [ 72.804232838661022, 18.90864347685492 ], [ 72.804226866482438, 18.908625362010103 ], [ 72.804226543316659, 18.908624381775486 ], [ 72.8041923859885, 18.908520513293606 ], [ 72.804192275486798, 18.908520181397424 ], [ 72.804174538692237, 18.908466973467718 ], [ 72.804148757068731, 18.90838648800246 ], [ 72.80411823767335, 18.908291112436075 ], [ 72.804082598051949, 18.908179901961379 ], [ 72.804077300011258, 18.908162564655132 ], [ 72.804072948238456, 18.908158960708956 ], [ 72.804068772806659, 18.908155661436801 ], [ 72.804059005700424, 18.908149810292549 ], [ 72.80405780558651, 18.908149414024983 ], [ 72.804048204710838, 18.908146241174933 ], [ 72.804038411105267, 18.908142492481556 ], [ 72.804027835284344, 18.908137014749478 ], [ 72.804017907899805, 18.908128102401111 ], [ 72.804010269413993, 18.908113099412134 ], [ 72.803998406037593, 18.908067838175018 ], [ 72.803992796192134, 18.908046107386312 ], [ 72.803977563791321, 18.907987102200416 ], [ 72.803952143274245, 18.907887765653342 ], [ 72.803936645648193, 18.907828505322389 ], [ 72.803932998898517, 18.907815461720638 ], [ 72.80391545599214, 18.907759044114002 ], [ 72.803899064819802, 18.9077066559759 ], [ 72.803869941717906, 18.907613967809397 ], [ 72.80383774795105, 18.90751034561627 ], [ 72.803824749637798, 18.907469078669045 ], [ 72.80381653089951, 18.907442987746162 ], [ 72.803804300211709, 18.907395045829816 ], [ 72.803801620918307, 18.907384881486681 ], [ 72.803790598838148, 18.907321276160687 ], [ 72.803784972716258, 18.907290619263499 ], [ 72.803778905274811, 18.907263016453097 ], [ 72.803767877200073, 18.907215280248302 ], [ 72.803764155176523, 18.907200371447345 ], [ 72.803750885686057, 18.907158870058307 ], [ 72.80373567169606, 18.907112565673152 ], [ 72.803732397235763, 18.907094125039933 ], [ 72.803724133696605, 18.907053877857109 ], [ 72.803717759490453, 18.907003616110543 ], [ 72.803713426209981, 18.906970106686021 ], [ 72.803701398734972, 18.90691045744197 ], [ 72.80368937127804, 18.906850807294521 ], [ 72.80367805043214, 18.906794751405283 ], [ 72.803666010499498, 18.906736057650964 ], [ 72.803653524776067, 18.90667305644569 ], [ 72.803634644892313, 18.906580585159197 ], [ 72.803620736593174, 18.906511114311801 ], [ 72.803616281650207, 18.906486924080117 ], [ 72.80361095070559, 18.906452925035367 ], [ 72.803612039223523, 18.906408009371056 ], [ 72.803599423759678, 18.906335685996893 ], [ 72.803587044145701, 18.906264561314451 ], [ 72.803575408604331, 18.906194161709422 ], [ 72.803571954469177, 18.906170222675883 ], [ 72.803570573382245, 18.906160647249823 ], [ 72.803560240564806, 18.906144273766945 ], [ 72.803552528650144, 18.906119567192228 ], [ 72.803544884431645, 18.90608960360208 ], [ 72.803549873257325, 18.906034456896549 ], [ 72.803553325893233, 18.90600080110373 ], [ 72.803552901937906, 18.905994821092946 ], [ 72.803550436421958, 18.905978752927492 ], [ 72.80354827356102, 18.905964653812973 ], [ 72.803539694056767, 18.905929422247606 ], [ 72.803526733259019, 18.905883622324861 ], [ 72.803522039357958, 18.905858473627724 ], [ 72.803521571724886, 18.905855838736922 ], [ 72.803522008522819, 18.905822386634149 ], [ 72.803522036612009, 18.905820235425789 ], [ 72.803529440357536, 18.905791644821317 ], [ 72.803531291287555, 18.905784497621653 ], [ 72.803532687072121, 18.905773759137507 ], [ 72.80352935462858, 18.905740500909964 ], [ 72.803527357414893, 18.905720402564015 ], [ 72.803524727194983, 18.905710334544107 ], [ 72.803519657044959, 18.90569474048759 ], [ 72.803515559662358, 18.905662428850423 ], [ 72.803514436599059, 18.905633020210828 ], [ 72.803515466794437, 18.905592643588378 ], [ 72.803516180906541, 18.905576401670547 ], [ 72.803520686114027, 18.905558291510481 ], [ 72.803523297966024, 18.905531317045124 ], [ 72.80351997361322, 18.905516700179195 ], [ 72.803517080187703, 18.905486596775479 ], [ 72.803513120629077, 18.905445401501495 ], [ 72.803505558769785, 18.905370174335626 ], [ 72.803502008345959, 18.905334858636373 ], [ 72.803498007686201, 18.905295139689173 ], [ 72.803496843153624, 18.905249718651802 ], [ 72.803499103183128, 18.905243147144237 ], [ 72.803504477139057, 18.905231547946592 ], [ 72.803510865936104, 18.90521919660274 ], [ 72.803512206005735, 18.905216722193362 ], [ 72.803513542150071, 18.905214257673304 ], [ 72.803522206281016, 18.905205646500285 ], [ 72.803525747149564, 18.905201936281266 ], [ 72.803541796558477, 18.905189259315335 ], [ 72.803551564866595, 18.905183156879261 ], [ 72.803553061194222, 18.905180707802142 ], [ 72.803554992602059, 18.905162744234683 ], [ 72.803559588268783, 18.905118442706787 ], [ 72.803559037595804, 18.905099126521669 ], [ 72.803556033365382, 18.90502146841974 ], [ 72.803551420097691, 18.904897906201477 ], [ 72.80354711989105, 18.904781039862144 ], [ 72.803546069015667, 18.904753878456244 ], [ 72.803545945194429, 18.904686387075536 ], [ 72.803545946503178, 18.904675819972436 ], [ 72.803545958082253, 18.90459308785336 ], [ 72.803545781290055, 18.904514316062393 ], [ 72.803546846007194, 18.904448177353341 ], [ 72.803547579773209, 18.904391976799669 ], [ 72.803548381919839, 18.904315128764875 ], [ 72.803548960460233, 18.90426282118754 ], [ 72.803549489502842, 18.904214958819875 ], [ 72.803550048550875, 18.904172139650324 ], [ 72.803554294687558, 18.904093038091077 ], [ 72.803556521034906, 18.904045649227641 ], [ 72.803559774297341, 18.904011847450104 ], [ 72.803561164048716, 18.903997716284927 ], [ 72.80356318672878, 18.903950516500942 ], [ 72.803565987193053, 18.903905238095103 ], [ 72.803569462012049, 18.903839127884684 ], [ 72.803571223379549, 18.903805400593058 ], [ 72.80357455023352, 18.903741682243677 ], [ 72.803575901993057, 18.903715122814123 ], [ 72.803581315716031, 18.903638902875517 ], [ 72.803586640536182, 18.903569564648176 ], [ 72.803590274618841, 18.903522001843353 ], [ 72.803596035700309, 18.903456391969623 ], [ 72.803596881861523, 18.903446751655157 ], [ 72.803604085680092, 18.903371891498839 ], [ 72.803608749561732, 18.903322428690625 ], [ 72.803611104261932, 18.903295881119938 ], [ 72.803621022626729, 18.903213213757574 ], [ 72.803629186347109, 18.903141806330755 ], [ 72.803637121450151, 18.903072498964672 ], [ 72.803643902921749, 18.903014648325225 ], [ 72.803649776821175, 18.902964817747133 ], [ 72.803658703317453, 18.902896478643118 ], [ 72.803671176478559, 18.902802752283378 ], [ 72.803687902287891, 18.902690913659985 ], [ 72.803694499045974, 18.902647209336937 ], [ 72.80370329669077, 18.902588809871197 ], [ 72.803706171612404, 18.902566245456697 ], [ 72.803707772395583, 18.902553683920619 ], [ 72.803713126636438, 18.902512833624339 ], [ 72.803714192419179, 18.902504688073513 ], [ 72.803716473671713, 18.90248725342089 ], [ 72.803717949753604, 18.902481918216338 ], [ 72.803720009380726, 18.90246263199008 ], [ 72.803721170487094, 18.9024506008816 ], [ 72.803725735051714, 18.902424079436532 ], [ 72.803728334808071, 18.90240958049927 ], [ 72.803732436572787, 18.902372347358735 ], [ 72.803740810943594, 18.902330958305907 ], [ 72.803745479343533, 18.902311894416268 ], [ 72.803750313011165, 18.902295509713724 ], [ 72.803757990026384, 18.902261377252952 ], [ 72.803764534325296, 18.902221688151908 ], [ 72.803769837689487, 18.90220014602513 ], [ 72.803773208674031, 18.902158406958453 ], [ 72.80377391044594, 18.902149720571739 ], [ 72.803780516165276, 18.902120738418148 ], [ 72.803787652053899, 18.902097306681952 ], [ 72.803791604677727, 18.902086837782775 ], [ 72.803795402004013, 18.90207292566441 ], [ 72.803795723882956, 18.902048266227421 ], [ 72.803798150868431, 18.902031661575275 ], [ 72.803799264550548, 18.902023262776087 ], [ 72.80380288565884, 18.902007437296458 ], [ 72.803812770048722, 18.901973522420334 ], [ 72.803815093784564, 18.901964754950978 ], [ 72.803820200957915, 18.901942828426325 ], [ 72.803820639151326, 18.901924671054879 ], [ 72.803824588665208, 18.901899098872722 ], [ 72.803826159559179, 18.901886499043567 ], [ 72.803828986957853, 18.901869899124893 ], [ 72.80384016122494, 18.901829498806435 ], [ 72.803850275744139, 18.901793292391933 ], [ 72.803854459443031, 18.901780532870344 ], [ 72.803860141689029, 18.901760715909216 ], [ 72.803868024779149, 18.90172620470311 ], [ 72.803874865606232, 18.901694548088617 ], [ 72.803878072857088, 18.901679673351005 ], [ 72.803882258449477, 18.901651426723685 ], [ 72.803887146972372, 18.901630836226353 ], [ 72.803895895164104, 18.901591555246579 ], [ 72.803898688570598, 18.901577631253609 ], [ 72.803912424139099, 18.901525599347572 ], [ 72.803916838934526, 18.901510547396949 ], [ 72.803935515409648, 18.90144939688496 ], [ 72.803941810129302, 18.901428823010747 ], [ 72.803948082392893, 18.901409969562259 ], [ 72.803951267174909, 18.901396815247903 ], [ 72.803955351993793, 18.901376215244429 ], [ 72.803962368988735, 18.901346472886505 ], [ 72.803964509963293, 18.901336364635664 ], [ 72.803968927234365, 18.901321122126141 ], [ 72.803976914142126, 18.901294067564919 ], [ 72.803992158774733, 18.901249509819824 ], [ 72.804000884706767, 18.901223491892992 ], [ 72.80400365447106, 18.901215231899375 ], [ 72.804010549197741, 18.901194856603752 ], [ 72.804017496325244, 18.901170466076614 ], [ 72.804025433005947, 18.901139769012744 ], [ 72.804034843834387, 18.901103373608976 ], [ 72.80404409897028, 18.901069090872415 ], [ 72.804045185911107, 18.901065066194235 ], [ 72.804059844623382, 18.901009408695352 ], [ 72.804061248516064, 18.901004076244746 ], [ 72.804073290240851, 18.900958715568059 ], [ 72.804085453277708, 18.900919474941535 ], [ 72.804089423314565, 18.900907667619656 ], [ 72.80409879640267, 18.900883542418743 ], [ 72.80410044025497, 18.900879311156817 ], [ 72.804103587590674, 18.900869024214284 ], [ 72.804108632307631, 18.90085187693543 ], [ 72.804117205770666, 18.90082597642526 ], [ 72.804122639370163, 18.900809790285233 ], [ 72.804125824122252, 18.900796635964554 ], [ 72.80412900140162, 18.900784054216135 ], [ 72.804130326192364, 18.900774892854482 ], [ 72.804134808284459, 18.900754680517263 ], [ 72.80413859805688, 18.900741341859593 ], [ 72.804147224843277, 18.900711427029439 ], [ 72.804152028474419, 18.900697336207202 ], [ 72.804154573278353, 18.900687042139978 ], [ 72.804160183088115, 18.90067276935882 ], [ 72.804170805177506, 18.900643833753648 ], [ 72.804172908696032, 18.900636593778195 ], [ 72.804181693262692, 18.900609931608443 ], [ 72.80418712685865, 18.900593744561728 ], [ 72.804195849064996, 18.90057186075137 ], [ 72.804200011196002, 18.900560821652512 ], [ 72.804208710948046, 18.900540658267733 ], [ 72.804226805256306, 18.900493266355895 ], [ 72.804231606386125, 18.900479366086422 ], [ 72.804236628624139, 18.90046393922756 ], [ 72.80425056172831, 18.90042758732632 ], [ 72.804256590349866, 18.900411980874107 ], [ 72.804270905748268, 18.900361676463834 ], [ 72.804294293244538, 18.900293507317748 ], [ 72.80429718951325, 18.900287040860672 ], [ 72.804307417653959, 18.900257527924751 ], [ 72.804315138421515, 18.900235441681509 ], [ 72.804326435302926, 18.900200969886523 ], [ 72.804333910021839, 18.900182321214544 ], [ 72.804340368372053, 18.900164617070306 ], [ 72.804344930897216, 18.900153582698895 ], [ 72.804372292424844, 18.90008871040672 ], [ 72.804388426908588, 18.900052958073569 ], [ 72.804406231101041, 18.900012445472669 ], [ 72.804410156192077, 18.900004078992261 ], [ 72.804428062630038, 18.899955729188488 ], [ 72.804453231659807, 18.899889493248114 ], [ 72.804456141329538, 18.899882071306457 ], [ 72.804462144962443, 18.899868376729408 ], [ 72.804466544685326, 18.899854471705186 ], [ 72.804474074231948, 18.899831618137551 ], [ 72.804475131442445, 18.899827615684618 ], [ 72.804483188684827, 18.899810503994722 ], [ 72.804499109489782, 18.899775704760067 ], [ 72.804505316769124, 18.8997618210987 ], [ 72.804513830241774, 18.899740508361162 ], [ 72.804517183664544, 18.899729841767176 ], [ 72.80452057699523, 18.89971611633495 ], [ 72.804526451781825, 18.899696876079489 ], [ 72.804530945403485, 18.899691193549561 ], [ 72.804545363670528, 18.899663832883647 ], [ 72.804550114867766, 18.899653755470133 ], [ 72.804560674443564, 18.899629599994906 ], [ 72.804565624297268, 18.89961971641786 ], [ 72.80457375383925, 18.899597061424064 ], [ 72.804584360807837, 18.899569272729519 ], [ 72.804587074292456, 18.899561466390825 ], [ 72.804602623610691, 18.899524368495197 ], [ 72.804614440592601, 18.899496212023767 ], [ 72.804627030370909, 18.899470358941304 ], [ 72.804636079932521, 18.899454215511639 ], [ 72.804659624090945, 18.899404784270075 ], [ 72.804673052439369, 18.899376264761749 ], [ 72.80468562568646, 18.899351750095601 ], [ 72.804690356906661, 18.899343202547282 ], [ 72.804699225256257, 18.89932552686486 ], [ 72.804708998570533, 18.899300023466935 ], [ 72.804716910418094, 18.899278703604686 ], [ 72.804723750101346, 18.899262533149027 ], [ 72.804728927566941, 18.89925054948765 ], [ 72.804742331896762, 18.899223941869764 ], [ 72.804750170473483, 18.899208165292507 ], [ 72.80475621145861, 18.899191603321047 ], [ 72.804763518277269, 18.899170467794658 ], [ 72.804768753087032, 18.899154087784471 ], [ 72.804774755126019, 18.899140583758857 ], [ 72.804782777379685, 18.899126148871037 ], [ 72.804792619663957, 18.899110778948501 ], [ 72.804799798349876, 18.899099392497916 ], [ 72.804811880421582, 18.899081754785694 ], [ 72.804816899531616, 18.899074561898015 ], [ 72.80483168779061, 18.899049238789321 ], [ 72.804843683462721, 18.89902316459391 ], [ 72.804851680978985, 18.899006769355303 ], [ 72.804865682881584, 18.898972760322682 ], [ 72.804871625886818, 18.8989599249037 ], [ 72.804878841962832, 18.898945671069242 ], [ 72.804882453116264, 18.898938305278829 ], [ 72.804889634909586, 18.898926679498629 ], [ 72.804894508567656, 18.898918850807117 ], [ 72.804899653589075, 18.89890935250153 ], [ 72.80490379256841, 18.898900080765713 ], [ 72.804919263828623, 18.898868956008403 ], [ 72.804923165985642, 18.898858487375801 ], [ 72.804924982468677, 18.898853968198551 ], [ 72.804928141554441, 18.898842772700661 ], [ 72.804945352310384, 18.898813102857609 ], [ 72.80495178381895, 18.898801229749942 ], [ 72.804979285549905, 18.89875256239425 ], [ 72.805001982175028, 18.898706467618123 ], [ 72.805009992132597, 18.898689115973763 ], [ 72.805021359611857, 18.898664634899042 ], [ 72.805039049505837, 18.89863664352599 ], [ 72.805071932041074, 18.898579675626515 ], [ 72.805076835897879, 18.89856945728306 ], [ 72.805098419516256, 18.898531713442871 ], [ 72.805107933098711, 18.89851461892011 ], [ 72.805113856412589, 18.898503217619641 ], [ 72.805120024938574, 18.898492297035968 ], [ 72.805139788942711, 18.898459311693713 ], [ 72.805171108538488, 18.898406627487567 ], [ 72.805187813203787, 18.898377190091725 ], [ 72.805223612579994, 18.89830830750914 ], [ 72.805247304553617, 18.898262940727683 ], [ 72.805260856371675, 18.898244221083264 ], [ 72.805269080842891, 18.898230209469766 ], [ 72.805282005408941, 18.898209522357721 ], [ 72.805294927474776, 18.898189026704138 ], [ 72.805309540692036, 18.898162050330811 ], [ 72.805332397149641, 18.898119112441012 ], [ 72.805361624501941, 18.898065159695129 ], [ 72.805385292090875, 18.898021656910966 ], [ 72.805390222658161, 18.898012371026294 ], [ 72.805420299278069, 18.897955728482547 ], [ 72.805437987335921, 18.897924009317602 ], [ 72.80544354956875, 18.897913367887011 ], [ 72.805462284824358, 18.897878410288691 ], [ 72.805487596123967, 18.897832059984246 ], [ 72.80580305858004, 18.897379761786592 ], [ 72.805820242972871, 18.897355874135393 ], [ 72.805826354766324, 18.897347259753282 ], [ 72.805858712880408, 18.897301649273647 ], [ 72.805877749641169, 18.897274343008728 ], [ 72.805915617958135, 18.897220110122973 ], [ 72.80594038218149, 18.897184841588039 ], [ 72.805976348227631, 18.897137851071356 ], [ 72.806022926597819, 18.897077986279861 ], [ 72.806050520577571, 18.897041412526015 ], [ 72.806098368712014, 18.896976591208993 ], [ 72.806129861109341, 18.896933754265405 ], [ 72.806150509152886, 18.896906084013146 ], [ 72.806183814035862, 18.896862886386035 ], [ 72.806241640426919, 18.896787668100483 ], [ 72.806275147961387, 18.896744281355968 ], [ 72.806290680977511, 18.896723816440229 ], [ 72.806299666980635, 18.896712451252078 ], [ 72.806336380715507, 18.896669675917629 ], [ 72.80638369772015, 18.896614789422784 ], [ 72.806397144787255, 18.896600227003532 ], [ 72.806420413894983, 18.896571823510175 ], [ 72.806449614076953, 18.896535268645181 ], [ 72.806467562070424, 18.89651445014934 ], [ 72.806494282430663, 18.896483219569241 ], [ 72.806496087885833, 18.89648099720873 ], [ 72.806526128646738, 18.896444019595553 ], [ 72.806549393680172, 18.896415998109141 ], [ 72.806566934363772, 18.896395556867798 ], [ 72.806577341449142, 18.8963830613108 ], [ 72.806596516849751, 18.896360536595861 ], [ 72.806646895095497, 18.896301862693662 ], [ 72.806666058025513, 18.896280293463001 ], [ 72.806674208289081, 18.896270284102044 ], [ 72.806687492115685, 18.896253971033623 ], [ 72.806703577725486, 18.896237336063141 ], [ 72.806741667516135, 18.896196872036686 ], [ 72.806766881971157, 18.89617327056062 ], [ 72.806792777088233, 18.896143750879471 ], [ 72.806815229950942, 18.896116293328422 ], [ 72.806891238152886, 18.89603306802287 ], [ 72.806999441341844, 18.895914660772345 ], [ 72.807072191785522, 18.895834838311064 ], [ 72.807107223088465, 18.895797778578505 ], [ 72.80714448661746, 18.895759024489614 ], [ 72.807178896398241, 18.895723487513774 ], [ 72.807197325627627, 18.895705196490134 ], [ 72.807214305050238, 18.895688344395225 ], [ 72.807230385575821, 18.895672091384373 ], [ 72.807276950058963, 18.895628667930737 ], [ 72.807292202006636, 18.895614317319303 ], [ 72.807349408507008, 18.895555723768886 ], [ 72.807367328892397, 18.895537007610351 ], [ 72.80736991451586, 18.895534265140711 ], [ 72.807374457423748, 18.895529444805529 ], [ 72.807390331778407, 18.895513572323644 ], [ 72.807436499809455, 18.895469761163888 ], [ 72.80748288545378, 18.89542461393836 ], [ 72.807500948474896, 18.895406310427212 ], [ 72.807518507576717, 18.895388517627573 ], [ 72.807532549481252, 18.895374535691698 ], [ 72.807560030788736, 18.895346563802889 ], [ 72.807588309808438, 18.895318984301539 ], [ 72.807604990274555, 18.89530292982036 ], [ 72.807660485619365, 18.895252345875431 ], [ 72.80767308743242, 18.895241023270621 ], [ 72.80788684623505, 18.89506173701017 ], [ 72.807893117556745, 18.895056160255454 ], [ 72.807954480857646, 18.895001593449052 ], [ 72.808008469524069, 18.894952939016754 ], [ 72.80805558417623, 18.894912417647991 ], [ 72.808090360625243, 18.894882508444852 ], [ 72.808118295162203, 18.89485834178782 ], [ 72.80814297180045, 18.894838407270587 ], [ 72.808176975292795, 18.894810938550993 ], [ 72.808240095140746, 18.894760001752829 ], [ 72.808271821961384, 18.894733849292603 ], [ 72.808393013865555, 18.894633948371872 ], [ 72.808422097259495, 18.894610603623942 ], [ 72.808458667503572, 18.894581249320861 ], [ 72.808546493435841, 18.894512979546167 ], [ 72.808626398031052, 18.894452671505935 ], [ 72.808665355510954, 18.894423267631687 ], [ 72.808762360169922, 18.894349130975026 ], [ 72.808792662976501, 18.89432548801512 ], [ 72.808817184366433, 18.894307334583807 ], [ 72.808861520302912, 18.894275397238985 ], [ 72.808907023974854, 18.894242545108582 ], [ 72.80890881537924, 18.894241252000928 ], [ 72.808910356754282, 18.894240139305083 ], [ 72.808928547686634, 18.894227005550732 ], [ 72.80893715512147, 18.894220713829334 ], [ 72.809002064720985, 18.894176231707171 ], [ 72.80905185700783, 18.894141899997468 ], [ 72.809088357414609, 18.89411651000831 ], [ 72.809138385343502, 18.894083902651438 ], [ 72.809147893149415, 18.894077625148551 ], [ 72.809160888107016, 18.89409120343111 ], [ 72.809187455659313, 18.894118965662038 ], [ 72.809200601559894, 18.894112415818679 ], [ 72.809238016214564, 18.894093774847356 ], [ 72.809244974145997, 18.894091944700563 ], [ 72.809396122391334, 18.894052177158482 ], [ 72.809432537526277, 18.894042595734525 ], [ 72.809434668808265, 18.894038446927944 ], [ 72.809444130571848, 18.894020028236245 ], [ 72.809464332215299, 18.894005661703513 ], [ 72.809520158534283, 18.89396595798824 ], [ 72.809534603669292, 18.893963774408093 ], [ 72.809758526903025, 18.893929932659365 ], [ 72.809781074569798, 18.893933783464963 ], [ 72.80986789243579, 18.893967070166223 ], [ 72.809909011129662, 18.893990855179808 ], [ 72.81003000929779, 18.894147025904797 ], [ 72.810107144389434, 18.894242726119653 ], [ 72.810187531397759, 18.894342460631126 ], [ 72.810159417258475, 18.894434366840407 ], [ 72.810144918124152, 18.894481765808969 ], [ 72.810146033311199, 18.894489267829659 ], [ 72.810156685367289, 18.894560910299109 ], [ 72.810166274517798, 18.894625409052338 ], [ 72.81028319094267, 18.894703008091611 ], [ 72.810309936578705, 18.894721844523556 ], [ 72.810359820190385, 18.894757085753827 ], [ 72.810397016306254, 18.894783334594607 ], [ 72.810426392129614, 18.894804097938707 ], [ 72.810432631199745, 18.89480850798736 ], [ 72.810487630657249, 18.894837995232102 ], [ 72.810493334794415, 18.894831586122773 ], [ 72.810560250263549, 18.89475640109163 ], [ 72.810576510352675, 18.89476848223422 ], [ 72.810594568459635, 18.894781898797927 ], [ 72.810527163643243, 18.894867856603792 ], [ 72.810563886931419, 18.894892522761999 ], [ 72.810669554391851, 18.8949634982445 ], [ 72.810756408711342, 18.895021836768723 ], [ 72.810780367677395, 18.895051370962893 ], [ 72.810806719542612, 18.895083856280245 ], [ 72.810815717699626, 18.895094948584134 ], [ 72.810933443815941, 18.895144706773934 ], [ 72.810936592293103, 18.895146037330289 ], [ 72.810956574167264, 18.895154482439203 ], [ 72.810958802445128, 18.895155424592957 ], [ 72.810981519853954, 18.895156527763756 ], [ 72.810990011613825, 18.895156940340456 ], [ 72.811005182800585, 18.895157676395758 ], [ 72.811023917976058, 18.895158586315524 ], [ 72.811143466539008, 18.895164390924169 ], [ 72.811204845478215, 18.895167371267366 ], [ 72.811348739851795, 18.895174357684471 ], [ 72.811378914293329, 18.895169697370697 ], [ 72.811449923560161, 18.895158729215137 ], [ 72.811590265647141, 18.895137053082188 ], [ 72.811609104462661, 18.895138750898226 ], [ 72.811645188743782, 18.895142002204977 ], [ 72.811645165772831, 18.895142382204511 ], [ 72.811642313524331, 18.895189287127465 ], [ 72.811681540212845, 18.89524280451614 ], [ 72.811775112285332, 18.895345715141431 ], [ 72.812061420563666, 18.895513987008624 ], [ 72.812141252501377, 18.895514927132066 ], [ 72.812331718981014, 18.895639053363208 ], [ 72.812360595277028, 18.895673748675193 ], [ 72.812418494581976, 18.895743317150735 ], [ 72.812423420765882, 18.895750470220879 ], [ 72.812429420981317, 18.895756836556835 ], [ 72.812436359501945, 18.895762271846106 ], [ 72.812444076610518, 18.89576665226863 ], [ 72.812452398028512, 18.895769879123979 ], [ 72.812461134927929, 18.89577187792834 ], [ 72.812470088605082, 18.895772603889021 ], [ 72.812493304106695, 18.895775769458666 ], [ 72.812515829927122, 18.895781984422445 ], [ 72.81253722445237, 18.895791128867753 ], [ 72.812557070575352, 18.895803022652604 ], [ 72.81263183545957, 18.895860090787263 ], [ 72.812703939071213, 18.895920182372063 ], [ 72.812733319729446, 18.895956970092985 ], [ 72.812763384989282, 18.89598569619103 ], [ 72.812796972735953, 18.896010635760415 ], [ 72.812833560345339, 18.896031403279441 ], [ 72.812998756073554, 18.896129420900149 ], [ 72.813213452812306, 18.896301867577563 ], [ 72.813519301814196, 18.896538670715131 ], [ 72.813552113172364, 18.896564075237773 ], [ 72.813581110977736, 18.896586526392433 ], [ 72.813594045420629, 18.896631323811526 ], [ 72.813613512726036, 18.896673926426985 ], [ 72.813639119755706, 18.896713477840795 ], [ 72.813667170809126, 18.89674598733248 ], [ 72.813800194719448, 18.896949099743868 ], [ 72.81382130101187, 18.896981327872965 ], [ 72.813835241308297, 18.897002612737673 ], [ 72.813837051202697, 18.897005375415851 ], [ 72.813966811969948, 18.897163917044058 ], [ 72.814013101032657, 18.897220082385708 ], [ 72.81407063307951, 18.897289889097966 ], [ 72.814077825171424, 18.897300287094446 ], [ 72.814149545900904, 18.897403974747299 ], [ 72.814158297325747, 18.897416627549344 ], [ 72.814192630533839, 18.897466263455286 ], [ 72.814244431626264, 18.897558441367131 ], [ 72.814272655279723, 18.897608662045005 ], [ 72.814328099907442, 18.897707322117224 ], [ 72.81444045934461, 18.897639815970205 ], [ 72.814444134400276, 18.897639188087609 ], [ 72.814447866623908, 18.897639127218739 ], [ 72.814451562056291, 18.897639634064671 ], [ 72.814455124055897, 18.897640696649415 ], [ 72.814458462834224, 18.897642286818972 ], [ 72.814461491601733, 18.897644364712303 ], [ 72.814458452988873, 18.897658537173669 ], [ 72.814457935011106, 18.897672993104319 ], [ 72.814459949541742, 18.897687329792056 ], [ 72.814464441987951, 18.89770114735564 ], [ 72.814471287331045, 18.897714061343784 ], [ 72.814477720272549, 18.897722778470982 ], [ 72.814485228587046, 18.897730679060764 ], [ 72.814507016025971, 18.897749568639185 ], [ 72.814526504579788, 18.897770610726145 ], [ 72.814551368206708, 18.897806416529942 ], [ 72.814569607723428, 18.897845668907163 ], [ 72.814580643355114, 18.897882955054204 ], [ 72.814595970475466, 18.897918841961271 ], [ 72.814615398468902, 18.897952881176874 ], [ 72.814638685117927, 18.897984651643124 ], [ 72.814653128553587, 18.898001113575393 ], [ 72.814675771109549, 18.898023290209174 ], [ 72.814689041062792, 18.898043666593363 ], [ 72.814698569283621, 18.898065858763832 ], [ 72.814706834386854, 18.898082497311663 ], [ 72.814713514998274, 18.898099768467283 ], [ 72.814720937343196, 18.898129273913145 ], [ 72.814723749677455, 18.898159494702625 ], [ 72.814721893038509, 18.898189782507821 ], [ 72.8147154062423, 18.898219486537652 ], [ 72.814713428189037, 18.898241145919702 ], [ 72.814715282036317, 18.898262816055119 ], [ 72.814720915935609, 18.898283885733171 ], [ 72.814728287164428, 18.898300372857776 ], [ 72.81473797811536, 18.898315734716217 ], [ 72.814749800897275, 18.898329678249603 ], [ 72.81476353217127, 18.898341936176411 ], [ 72.814771032973283, 18.898342890633593 ], [ 72.814778269217356, 18.898344998145635 ], [ 72.814785047116388, 18.898348200431109 ], [ 72.814790724410386, 18.898352042823454 ], [ 72.814795731219718, 18.898356654128424 ], [ 72.814795075828101, 18.898395653513962 ], [ 72.814799729482743, 18.898434405534562 ], [ 72.814809612399202, 18.898472258004325 ], [ 72.814824559161693, 18.898508575794654 ], [ 72.814844318652348, 18.898542746253121 ], [ 72.814870214094398, 18.898576060340467 ], [ 72.814900675812225, 18.898605670593803 ], [ 72.814935124639447, 18.898631013792894 ], [ 72.814953229325241, 18.898641706323946 ], [ 72.814947927562457, 18.898759942456323 ], [ 72.814947877245814, 18.898776973653703 ], [ 72.814950761266147, 18.898793782842088 ], [ 72.814956501074732, 18.898809914759855 ], [ 72.814964940058729, 18.898824933098648 ], [ 72.814975851940204, 18.89883843144127 ], [ 72.814988940623437, 18.898850045002195 ], [ 72.814990448648956, 18.898855960096782 ], [ 72.814993224194012, 18.898868772005734 ], [ 72.814996594429019, 18.898891988286032 ], [ 72.814997884856425, 18.898915393270975 ], [ 72.815019319307538, 18.898963604656949 ], [ 72.815046207454529, 18.899009274296461 ], [ 72.815078219657394, 18.899051843711209 ], [ 72.815099201727577, 18.899075110879163 ], [ 72.81511089303784, 18.899088076430154 ], [ 72.815147498549479, 18.899169522697196 ], [ 72.815157586036193, 18.899182343829601 ], [ 72.815194184783763, 18.899228862917081 ], [ 72.815220006048861, 18.8992692919456 ], [ 72.815251421182353, 18.899305958764799 ], [ 72.815288942543603, 18.899339017531872 ], [ 72.815330996938741, 18.899366694715006 ], [ 72.815333223704741, 18.899395537474238 ], [ 72.815337784450975, 18.899424131286921 ], [ 72.815354442800327, 18.89943702969024 ], [ 72.815385877817405, 18.899455502442954 ], [ 72.815420063365849, 18.899468833689042 ], [ 72.815443457685959, 18.899499208011452 ], [ 72.815469519520732, 18.899527546149557 ], [ 72.815498056137784, 18.899553635377121 ], [ 72.815503119494238, 18.899556453466186 ], [ 72.815655056182621, 18.899645101802246 ], [ 72.815692936651828, 18.899661912438557 ], [ 72.815729098611925, 18.89968185702983 ], [ 72.815757898652208, 18.899700890374884 ], [ 72.81578512885892, 18.899721912291742 ], [ 72.815813424824896, 18.899731380543589 ], [ 72.815839639428333, 18.899745251175759 ], [ 72.815863024316968, 18.899763126989864 ], [ 72.815879954485851, 18.899780825741129 ], [ 72.815894084404434, 18.899800625056287 ], [ 72.815900284379097, 18.899810631966297 ], [ 72.81590816556718, 18.899819501572946 ], [ 72.815917504426636, 18.899826981948927 ], [ 72.815928033275384, 18.899832858584734 ], [ 72.815939451572177, 18.899836962650529 ], [ 72.815951432464828, 18.899839178299349 ], [ 72.815963635137166, 18.899839441908878 ], [ 72.816047329148176, 18.899891329845971 ], [ 72.816064767862827, 18.899906627384588 ], [ 72.816108755854955, 18.899942771689314 ], [ 72.816154448209133, 18.899976947052952 ], [ 72.816165136766472, 18.899984485739285 ], [ 72.816190778807098, 18.899995314655332 ], [ 72.816214664828948, 18.90000931593412 ], [ 72.816236365363636, 18.900026237035224 ], [ 72.81625548769037, 18.900045772558158 ], [ 72.816257205259518, 18.900049146540702 ], [ 72.816259506966063, 18.900052189572698 ], [ 72.816262324726907, 18.90005480962483 ], [ 72.816265574129048, 18.900056929831187 ], [ 72.816269157311339, 18.900058485813339 ], [ 72.816272969524476, 18.900059432080244 ], [ 72.816276895358968, 18.900059740177426 ], [ 72.816280819159246, 18.900059400615906 ], [ 72.816284622165242, 18.90005842374185 ], [ 72.816288192024587, 18.900056838041891 ], [ 72.816291421820225, 18.900054691938188 ], [ 72.816294215833906, 18.900052048436695 ], [ 72.816296490459962, 18.900048987847608 ], [ 72.81629817715725, 18.900045599690795 ], [ 72.816299227158439, 18.900041985460923 ], [ 72.816298755754744, 18.900039333378331 ], [ 72.816298767883808, 18.900036643623867 ], [ 72.816299264411953, 18.90003399569428 ], [ 72.816300229137752, 18.900031467982391 ], [ 72.816301635469245, 18.900029135145832 ], [ 72.816303440765807, 18.900027065330786 ], [ 72.816305591082568, 18.900025320227734 ], [ 72.816308024052091, 18.900023952395603 ], [ 72.816310667045357, 18.900023000723834 ], [ 72.816313441880695, 18.9000224931975 ], [ 72.816316267670615, 18.90002244693083 ], [ 72.816319059966489, 18.900022860931053 ], [ 72.816392637315914, 18.90009972316021 ], [ 72.816392232206908, 18.900102493201167 ], [ 72.816392214388671, 18.900102623060601 ], [ 72.816390978010901, 18.900127620595509 ], [ 72.816394031085196, 18.900152476161871 ], [ 72.816401290140718, 18.900176528498083 ], [ 72.816411409613664, 18.900197208280517 ], [ 72.816424641505947, 18.900216231045057 ], [ 72.816440691415707, 18.90023317421937 ], [ 72.816459204517699, 18.900247664199881 ], [ 72.816479772170197, 18.900259379139221 ], [ 72.816501937467578, 18.900268059850656 ], [ 72.816544831937094, 18.900275716057372 ], [ 72.816586421082278, 18.900288306755662 ], [ 72.816626080063514, 18.90030564304752 ], [ 72.81665903946633, 18.900324703482834 ], [ 72.816689641677669, 18.900347044834376 ], [ 72.816717526658323, 18.900372402733652 ], [ 72.8167249406347, 18.900383275661923 ], [ 72.816793608144906, 18.900483983827794 ], [ 72.816822494826212, 18.900526349161147 ], [ 72.816821797984787, 18.900544070991433 ], [ 72.816823886832879, 18.900561692784585 ], [ 72.816828714280931, 18.900578821070614 ], [ 72.816836173320183, 18.900595072514161 ], [ 72.816847005293099, 18.900611238951601 ], [ 72.816862354707851, 18.900615909446682 ], [ 72.816876702349802, 18.900622891342081 ], [ 72.816889668170404, 18.900631999519987 ], [ 72.816900905120335, 18.900642992345368 ], [ 72.816910117107739, 18.90065557729644 ], [ 72.816917057943868, 18.900669419081666 ], [ 72.816919588117912, 18.900687111999222 ], [ 72.816924555799062, 18.900704331354309 ], [ 72.816931874782796, 18.900720772639421 ], [ 72.816944284258284, 18.900739993457968 ], [ 72.816959892531614, 18.900756971148382 ], [ 72.816978259740921, 18.900771229943658 ], [ 72.816982460675604, 18.900788665197254 ], [ 72.816988801773093, 18.900805504163149 ], [ 72.816997194052092, 18.900821510045432 ], [ 72.817009483836671, 18.900838912101978 ], [ 72.817024191209498, 18.900854523412232 ], [ 72.817041032554357, 18.90086804076126 ], [ 72.817049204340492, 18.900873611437717 ], [ 72.81705624185463, 18.900880441471848 ], [ 72.817061934237998, 18.900888325152984 ], [ 72.817066110870798, 18.900897027435871 ], [ 72.817068646116454, 18.900906283996409 ], [ 72.817069462882856, 18.900915819338632 ], [ 72.817068661985829, 18.90092466545314 ], [ 72.817066380857554, 18.900933274680046 ], [ 72.817062678374867, 18.900941424606867 ], [ 72.817055648339419, 18.900952452041931 ], [ 72.817051334551195, 18.900960686012983 ], [ 72.817043305368813, 18.900982088251517 ], [ 72.817039203705519, 18.901004475131515 ], [ 72.817039149918088, 18.901027201336177 ], [ 72.817043145942577, 18.901049605704678 ], [ 72.817051073946857, 18.901071041926915 ], [ 72.817059195408461, 18.901085686127132 ], [ 72.817069158543333, 18.901099260837441 ], [ 72.817080809471705, 18.901111557403397 ], [ 72.817118505441471, 18.90116720655379 ], [ 72.817125065542172, 18.901183332711529 ], [ 72.817158655165926, 18.901265902127783 ], [ 72.817185321612016, 18.901301079408093 ], [ 72.817230494114696, 18.901360668794734 ], [ 72.817239866424131, 18.901375384594083 ], [ 72.817245576055356, 18.901388744015485 ], [ 72.817249203738669, 18.90140274738031 ], [ 72.817250406845332, 18.901412056932156 ], [ 72.817250686643575, 18.901421433313651 ], [ 72.81724955949808, 18.901434286957613 ], [ 72.81724670074793, 18.901446894438131 ], [ 72.817245886953927, 18.901449565740144 ], [ 72.817244625434299, 18.901452074613982 ], [ 72.817242950278171, 18.901454353715977 ], [ 72.817240905941887, 18.901456341243861 ], [ 72.81723854720228, 18.901457984549218 ], [ 72.817235939179923, 18.901459238331224 ], [ 72.817233149678117, 18.901460069966173 ], [ 72.817230255871564, 18.901460455973091 ], [ 72.817227334759366, 18.901460386417778 ], [ 72.817224464125388, 18.901459864020818 ], [ 72.817221722573521, 18.901458901448347 ], [ 72.817219182826946, 18.901457525749386 ], [ 72.817216912747369, 18.901455772948474 ], [ 72.817214975299834, 18.901453690754924 ], [ 72.817209226758436, 18.901452109340781 ], [ 72.817203293584527, 18.901451373011298 ], [ 72.817197311255455, 18.901451499617224 ], [ 72.817191417427452, 18.901452485356732 ], [ 72.817185749053991, 18.90145430745136 ], [ 72.817180434783026, 18.901456924959973 ], [ 72.817175596878158, 18.901460276994726 ], [ 72.817171320409699, 18.901464316682816 ], [ 72.817167739730721, 18.90146892908313 ], [ 72.81716493879884, 18.901474006791599 ], [ 72.817162856077459, 18.901479904064892 ], [ 72.817161825476106, 18.90148604674302 ], [ 72.817161022627786, 18.901491678144776 ], [ 72.81715819542589, 18.901511509336306 ], [ 72.817144662002761, 18.901606424358302 ], [ 72.817141108231027, 18.901631346796314 ], [ 72.817140256596375, 18.901644908216465 ], [ 72.817140115608112, 18.90164714392586 ], [ 72.817136688671141, 18.901701718151749 ], [ 72.817133703205357, 18.901749255777919 ], [ 72.817132337320089, 18.901771000980609 ], [ 72.817131614757429, 18.901782513525124 ], [ 72.81716466569803, 18.901833314504518 ], [ 72.817172235009437, 18.901844948886009 ], [ 72.81716747408872, 18.90187689350515 ], [ 72.817166818658023, 18.901879793384929 ], [ 72.817166770405692, 18.901880001470097 ], [ 72.817166645868042, 18.901880530218058 ], [ 72.817165958902095, 18.901883373725326 ], [ 72.817165946882938, 18.901883422359923 ], [ 72.817162389335181, 18.901896199566369 ], [ 72.817154463967896, 18.901918081751187 ], [ 72.817144440186922, 18.901939169699311 ], [ 72.817130778165748, 18.901961698035052 ], [ 72.817130923913055, 18.901977821972608 ], [ 72.817131338516774, 18.902023476523656 ], [ 72.817131553652956, 18.902047199469965 ], [ 72.81713169371946, 18.902062737127192 ], [ 72.817131859433943, 18.902080906271909 ], [ 72.817133257035465, 18.902235128445202 ], [ 72.817161986285228, 18.902235962880862 ], [ 72.817188477634502, 18.902236733074581 ], [ 72.817227268925123, 18.902229332437258 ], [ 72.817263992885884, 18.902222325704006 ], [ 72.817300803321046, 18.902222479190652 ], [ 72.817509332229037, 18.902223348063462 ], [ 72.817768164038796, 18.902224425654587 ], [ 72.817961169388241, 18.902223504734025 ], [ 72.818005741864283, 18.902223292223006 ], [ 72.818057443819413, 18.902223045129979 ], [ 72.818095231903058, 18.902252167457149 ], [ 72.818104869082077, 18.902252175892286 ], [ 72.818194839803041, 18.902252255476863 ], [ 72.818783363546714, 18.902252775586263 ], [ 72.81879929550702, 18.902252789262533 ], [ 72.818802537537138, 18.902255191160283 ], [ 72.818805392769093, 18.902258001304116 ], [ 72.818807805910055, 18.902261165752488 ], [ 72.818809728438026, 18.902264620707619 ], [ 72.818811122315523, 18.902268298881761 ], [ 72.81881205908816, 18.902272903849255 ], [ 72.818812170082467, 18.902277592154586 ], [ 72.818811450365615, 18.902282231864213 ], [ 72.818809920636085, 18.902286690442409 ], [ 72.81880762524402, 18.902290841050711 ], [ 72.818804630258342, 18.90229456523501 ], [ 72.818801018675529, 18.902297756482387 ], [ 72.818796895117217, 18.902300323889186 ], [ 72.818792376294539, 18.902302195662184 ], [ 72.818787591980495, 18.902303317323462 ], [ 72.818639579776473, 18.902303117279743 ], [ 72.81829910128873, 18.902302655325588 ], [ 72.817867595489318, 18.902302069920061 ], [ 72.817642403356203, 18.902296973511344 ], [ 72.817217997614208, 18.902287368808206 ], [ 72.817206366069442, 18.902287104751384 ], [ 72.817204641250612, 18.902287066415557 ], [ 72.817182290837764, 18.902286559864802 ], [ 72.817164735343681, 18.902286162956216 ], [ 72.817164909040017, 18.90232207757094 ], [ 72.817165007637101, 18.902342567295804 ], [ 72.817131892869554, 18.902342178108047 ], [ 72.817109775556673, 18.90234191816673 ], [ 72.817109254733793, 18.902382061793524 ], [ 72.817166495594989, 18.902382734532377 ], [ 72.817166015301069, 18.902419755175892 ], [ 72.817165393607482, 18.902467674656183 ], [ 72.817164958830944, 18.902501186683068 ], [ 72.817164647947649, 18.90252514913238 ], [ 72.81713563797922, 18.902524808184541 ], [ 72.817119920806903, 18.902524623462146 ], [ 72.81711242753785, 18.902524535394019 ], [ 72.817110890391277, 18.902565623623829 ], [ 72.817160098133542, 18.902566201956652 ], [ 72.817158678221148, 18.902617127124728 ], [ 72.817156928240436, 18.902679887395138 ], [ 72.817156340898094, 18.902700946238376 ], [ 72.817096184031968, 18.902700239214514 ], [ 72.817073644422621, 18.902699974301388 ], [ 72.817067968244217, 18.90269990758755 ], [ 72.817065402374709, 18.90274289501474 ], [ 72.817073087010201, 18.90274293655898 ], [ 72.817352411702714, 18.902744458892453 ], [ 72.817530742073203, 18.902745429956649 ], [ 72.817975309283156, 18.902747851563465 ], [ 72.817972047041536, 18.902875138121804 ], [ 72.817971242770582, 18.902906491555072 ], [ 72.817416306846013, 18.902903545215192 ], [ 72.81737769282924, 18.902903340735538 ], [ 72.817430861787443, 18.90308820820913 ], [ 72.817432065897108, 18.903092393597888 ], [ 72.817443658237437, 18.903132701256098 ], [ 72.817453037665359, 18.903165311551305 ], [ 72.8174691113976, 18.903223096593205 ], [ 72.81747505194447, 18.903243533934425 ], [ 72.817494831323074, 18.903311584675791 ], [ 72.817541010324575, 18.903468185677941 ], [ 72.817580454545563, 18.90360200418019 ], [ 72.817606431302238, 18.903693233946459 ], [ 72.817608790182774, 18.903701019736015 ], [ 72.817619584433174, 18.903736647270527 ], [ 72.817634844389772, 18.903787012425575 ], [ 72.817640047643081, 18.903803713360368 ], [ 72.817657262716637, 18.903858971847985 ], [ 72.817675735721039, 18.903925388592501 ], [ 72.817691335521161, 18.903981016498179 ], [ 72.817708859477264, 18.904043119878057 ], [ 72.817725901024389, 18.904103784120323 ], [ 72.817751155457643, 18.904189398874742 ], [ 72.8177664810826, 18.904241291299279 ], [ 72.817772799333554, 18.90426268510604 ], [ 72.817778957563903, 18.90428353869148 ], [ 72.817746144706149, 18.904291816260699 ], [ 72.817598964132614, 18.904329068597221 ], [ 72.817550590860407, 18.904341596456884 ], [ 72.817533559569128, 18.904345984854302 ], [ 72.81753040777869, 18.904346794166752 ], [ 72.817499396402496, 18.904354760462123 ], [ 72.81748669836891, 18.90435805264314 ], [ 72.817485967404053, 18.904373650517577 ], [ 72.817483169455969, 18.9044333590166 ], [ 72.817482946552019, 18.904438104816087 ], [ 72.817482863599821, 18.904438500370805 ], [ 72.817478730585705, 18.904458250277177 ], [ 72.817471026486643, 18.904495620491687 ], [ 72.81746486500856, 18.904525421480695 ], [ 72.817459640921072, 18.904550633200738 ], [ 72.817456024591635, 18.904568156328263 ], [ 72.817449927889456, 18.90459771871442 ], [ 72.817443965904701, 18.904626626015958 ], [ 72.817439465490978, 18.904648286506038 ], [ 72.817437204172094, 18.904659168557629 ], [ 72.81741903620248, 18.904789716755737 ], [ 72.817412489922972, 18.9048399584258 ], [ 72.817411308286523, 18.90484896265 ], [ 72.817410364638405, 18.904856155029155 ], [ 72.817407650667462, 18.904876616213123 ], [ 72.817403453897739, 18.904875968934249 ], [ 72.817381088128684, 18.904872449836564 ], [ 72.817349433034977, 18.904868067340516 ], [ 72.81731954588912, 18.904863107662401 ], [ 72.817306547444161, 18.904860950564135 ], [ 72.817284737425254, 18.904857241980359 ], [ 72.817281270314069, 18.905014597252091 ], [ 72.817280002063526, 18.905072114351437 ], [ 72.817279533071002, 18.905093412138481 ], [ 72.817287724861671, 18.905216826386336 ], [ 72.817298985174759, 18.905277900531186 ], [ 72.817308344053714, 18.905323288960378 ], [ 72.817310783334634, 18.905356549331721 ], [ 72.817309585115296, 18.905389870824369 ], [ 72.817290179286374, 18.90543280032211 ], [ 72.81726556519807, 18.905473237937883 ], [ 72.817264450638845, 18.905522711537088 ], [ 72.817265788449589, 18.905572180540119 ], [ 72.817249395644595, 18.905601516211309 ], [ 72.817235633183287, 18.905632051610993 ], [ 72.817236011545518, 18.905684443111873 ], [ 72.817236086983399, 18.905688356904459 ], [ 72.817239317883548, 18.905773169991512 ], [ 72.81724355422061, 18.9058343277772 ], [ 72.817253193163452, 18.905882341652916 ], [ 72.817264913132036, 18.905929933780172 ], [ 72.817267301672885, 18.906094146733519 ], [ 72.817277329656235, 18.906127904572863 ], [ 72.817283741056897, 18.906162450898389 ], [ 72.817281879061539, 18.906187682249033 ], [ 72.817275473389316, 18.906212229720172 ], [ 72.817264715800803, 18.906235357604846 ], [ 72.817264606930692, 18.906280902114435 ], [ 72.81726406197167, 18.906508889306451 ], [ 72.817264035702365, 18.906519982789725 ], [ 72.817302764262394, 18.906612208838375 ], [ 72.817338359180027, 18.906713718749632 ], [ 72.817376073939528, 18.906767934691576 ], [ 72.817389920169859, 18.906803944965311 ], [ 72.817403914269107, 18.90682848652607 ], [ 72.817422465200366, 18.906850212903599 ], [ 72.81746277419316, 18.906878648777646 ], [ 72.817479189781409, 18.906907470421796 ], [ 72.817522749391856, 18.906983953462614 ], [ 72.817533480612113, 18.907002796863527 ], [ 72.817544727882549, 18.907039871330362 ], [ 72.817546468956564, 18.907045609405273 ], [ 72.817547715810846, 18.907049720326658 ], [ 72.817563822241596, 18.907102810633976 ], [ 72.81756832341074, 18.907105821700235 ], [ 72.817573207353419, 18.907111588583636 ], [ 72.817640230990321, 18.907190727454552 ], [ 72.817660207973574, 18.907214315926257 ], [ 72.817687222600881, 18.907190980744542 ], [ 72.817810275134079, 18.907084682828494 ], [ 72.817818960384542, 18.907077180378771 ], [ 72.818203665118759, 18.906746879917929 ], [ 72.818492369182565, 18.906500052497577 ], [ 72.818608927304496, 18.90639961296089 ], [ 72.818621532711845, 18.906412476181817 ], [ 72.818673608484332, 18.906465616804589 ], [ 72.818845411322371, 18.906636120246546 ], [ 72.819206898483486, 18.906992394034152 ], [ 72.819392788801821, 18.907189201858703 ], [ 72.819424289057366, 18.907222552395861 ], [ 72.819477389316631, 18.907278770518946 ], [ 72.819562050993738, 18.907370143670626 ], [ 72.819598952875538, 18.907409969834074 ], [ 72.819746716829982, 18.907569446980784 ], [ 72.819778270722239, 18.907603502639606 ], [ 72.820199888437486, 18.908028591860862 ], [ 72.820296830313239, 18.908126144465786 ], [ 72.820530054125911, 18.908360836818172 ], [ 72.820741058342122, 18.908580439367249 ], [ 72.820837760560565, 18.908681081681852 ], [ 72.821240091981082, 18.909110060572033 ], [ 72.82131324021509, 18.909188053503019 ], [ 72.821411638780447, 18.909292968920131 ], [ 72.821525828144843, 18.909414721126392 ], [ 72.822012879336455, 18.909915443930561 ], [ 72.822298987950859, 18.910209582216442 ], [ 72.822322215116685, 18.910184537222523 ], [ 72.822565767791815, 18.909921928747554 ], [ 72.822592358802751, 18.909893257738801 ], [ 72.82308600158926, 18.909352720124041 ], [ 72.82349708850434, 18.908904418676194 ], [ 72.823527529912155, 18.908870877100998 ], [ 72.823617667924751, 18.908771558095911 ], [ 72.823848626434255, 18.908517077388531 ], [ 72.824329741375323, 18.907978127628446 ], [ 72.824394960138036, 18.907905069292148 ], [ 72.824432621441403, 18.907862880316198 ], [ 72.824834682157885, 18.907413035069482 ], [ 72.824918756815848, 18.90731938085742 ], [ 72.824941453647853, 18.907361560675852 ], [ 72.82510034576687, 18.907656837583332 ], [ 72.825170343885773, 18.90778692023585 ], [ 72.82527873213634, 18.907989244488338 ], [ 72.825383223897759, 18.908184294274651 ], [ 72.825458684440193, 18.908325152582901 ], [ 72.825646959409042, 18.908632306086385 ], [ 72.825710067708641, 18.908645472137643 ], [ 72.825786666166422, 18.908664054007911 ], [ 72.82582000929547, 18.908679484618236 ], [ 72.82585151969117, 18.908698080464873 ], [ 72.825880865810944, 18.908719646175697 ], [ 72.825959135681174, 18.908841968908032 ], [ 72.826021926901191, 18.908946343260489 ], [ 72.826133180075232, 18.909131270481019 ], [ 72.826214164719914, 18.909267316536489 ], [ 72.826300795291587, 18.90941284876472 ], [ 72.826406765335591, 18.90958942479751 ], [ 72.826463876393774, 18.909684587036249 ], [ 72.826543167875073, 18.909816708373111 ], [ 72.826713928647564, 18.910127001725279 ], [ 72.826819406187127, 18.910320382402936 ], [ 72.826698554714923, 18.910383972761455 ], [ 72.826752541242968, 18.91058192642906 ], [ 72.826754656160048, 18.910589681286677 ], [ 72.826809022319651, 18.910813054425844 ], [ 72.826836384063697, 18.910910881650473 ], [ 72.826888211291788, 18.911058705268072 ], [ 72.82691643662632, 18.911140605468518 ], [ 72.826925451459644, 18.911150993700094 ], [ 72.827038980521294, 18.911225993304633 ], [ 72.827495089101816, 18.911527304281584 ], [ 72.827872075625095, 18.911791881506574 ], [ 72.827902352930678, 18.91181312997292 ], [ 72.827990235083519, 18.911872105039507 ], [ 72.82799061144965, 18.911872357839457 ], [ 72.8280602640247, 18.911919481991038 ], [ 72.828145277378439, 18.91197675510854 ], [ 72.82822639454163, 18.912031698267057 ], [ 72.828275061058562, 18.912064870769115 ], [ 72.82834427554296, 18.912112198355768 ], [ 72.828405488904593, 18.912153825788405 ], [ 72.828456750419349, 18.912188898353083 ], [ 72.828513417239918, 18.91222777182351 ], [ 72.828574623602336, 18.912270021472256 ], [ 72.82863626287687, 18.912312483916718 ], [ 72.828689894864027, 18.912349868497401 ], [ 72.8288292276562, 18.912442041849737 ], [ 72.828837492115355, 18.912447566199166 ], [ 72.829060058745782, 18.912596339238881 ], [ 72.829147736389871, 18.912658943446473 ], [ 72.829159950497086, 18.912667664543672 ], [ 72.829198789514933, 18.912696435038331 ], [ 72.829212931338418, 18.912706911128865 ], [ 72.829321948062713, 18.912782032879328 ], [ 72.829408885173038, 18.912846142186787 ], [ 72.829436415931966, 18.912872633368 ], [ 72.829467930937767, 18.912909566764874 ], [ 72.829492650346964, 18.912939968708844 ], [ 72.829539898808861, 18.912995249731178 ], [ 72.829613614949693, 18.913081669400967 ], [ 72.829688816498503, 18.913169779253387 ], [ 72.829699212171818, 18.913181960231327 ], [ 72.829762780233054, 18.913256440231585 ], [ 72.829901130436312, 18.913413161121177 ], [ 72.829997646086184, 18.913523029398124 ], [ 72.830054672908915, 18.913591654691182 ], [ 72.830098892347337, 18.913644867854902 ], [ 72.830099523189276, 18.913645626742415 ], [ 72.830228079106362, 18.91380097290336 ], [ 72.830347732997865, 18.913942180068979 ], [ 72.830468998421424, 18.914090833529205 ], [ 72.830532341983897, 18.914165846330192 ], [ 72.830601075726179, 18.914247241326063 ], [ 72.830735096738437, 18.914400728031417 ], [ 72.830834676447921, 18.914514770512916 ], [ 72.830854459809885, 18.914537837052325 ], [ 72.831065742304617, 18.914784182052109 ], [ 72.831193920889305, 18.914931462562588 ], [ 72.83124344533158, 18.914985573911846 ], [ 72.831243608267243, 18.915011865259014 ], [ 72.831233436028057, 18.915021783461057 ], [ 72.831216023378545, 18.915047868560457 ], [ 72.831008037650733, 18.915208429348407 ], [ 72.830762998724182, 18.915399146725218 ], [ 72.830752223176461, 18.915405505316745 ], [ 72.830740482882746, 18.915410060561797 ], [ 72.83072912521331, 18.915412545485108 ], [ 72.830717499890696, 18.915413339083454 ], [ 72.830705885239254, 18.915412422931148 ], [ 72.83069455717262, 18.915409818317958 ], [ 72.830598778052206, 18.91537361176298 ], [ 72.830570607631429, 18.915362961863149 ], [ 72.830506150654116, 18.915337353478215 ], [ 72.830460626349932, 18.915323437777612 ], [ 72.830399443818536, 18.915316509143654 ], [ 72.830379516036601, 18.915316621270883 ], [ 72.830344193712392, 18.915316819018173 ], [ 72.830296911511539, 18.91532248079956 ], [ 72.830202699203625, 18.915345278056499 ], [ 72.829947653756093, 18.91540562879042 ], [ 72.829815802669344, 18.915436828748064 ], [ 72.829727878480242, 18.915459591779957 ], [ 72.829534491866795, 18.915509657472299 ], [ 72.829516863127765, 18.915524520448493 ], [ 72.829502000679085, 18.915541908770074 ], [ 72.829490299609319, 18.915561360974753 ], [ 72.829482069340401, 18.915582361306107 ], [ 72.829477526786675, 18.915604354988929 ], [ 72.829476793379641, 18.915626758130269 ], [ 72.829479889105883, 18.91564897842466 ], [ 72.829486730468986, 18.915670425969381 ], [ 72.829497136875602, 18.915690533210938 ], [ 72.829505414126004, 18.915702284777407 ], [ 72.82951491367362, 18.915713165439989 ], [ 72.829634135708574, 18.915814935285287 ], [ 72.829640059297745, 18.915819915578169 ], [ 72.829718441512824, 18.915885814466524 ], [ 72.829757383827655, 18.915918555047725 ], [ 72.829757834408198, 18.915918941492123 ], [ 72.829825520593886, 18.915976952657498 ], [ 72.829949621916228, 18.916083314652436 ], [ 72.830209414099869, 18.916306221790073 ], [ 72.830478072394797, 18.9165325996089 ], [ 72.830501054706232, 18.916551964988898 ], [ 72.830656082513457, 18.916680250716816 ], [ 72.830690881978626, 18.916709047847988 ], [ 72.830692394339565, 18.91671033821904 ], [ 72.830700264118505, 18.91671704839337 ], [ 72.830955165238208, 18.916934395715348 ], [ 72.831163072015528, 18.917111047242809 ], [ 72.831263176404647, 18.917196102862412 ], [ 72.831370717866633, 18.9172886096251 ], [ 72.831473290929495, 18.917376842763545 ], [ 72.831486081530954, 18.917383067540886 ], [ 72.831499792885765, 18.917387149698122 ], [ 72.831514030741559, 18.9173889708179 ], [ 72.831528387635544, 18.917388480073249 ], [ 72.831797380677699, 18.91732661747864 ], [ 72.831810579468325, 18.917326803275376 ], [ 72.831823569627844, 18.917329036135961 ], [ 72.831836002635271, 18.91733325779353 ], [ 72.831847544937858, 18.917339353250632 ], [ 72.831857887312623, 18.917347160824455 ], [ 72.831874372046912, 18.917406209951903 ], [ 72.831878409996193, 18.91742067408811 ], [ 72.831890887923919, 18.917473736558183 ], [ 72.831924680309442, 18.917617445582671 ], [ 72.831930902173625, 18.917643905259546 ], [ 72.831975708567299, 18.917849839501773 ], [ 72.832028561115266, 18.918061334267108 ], [ 72.832029437503721, 18.918064839225497 ], [ 72.832031486652539, 18.918074479290674 ], [ 72.832035215118154, 18.918083652113133 ], [ 72.832040516186083, 18.918092095403512 ], [ 72.832047237334848, 18.918099566209143 ], [ 72.832055185789997, 18.918105851818023 ], [ 72.832064135143582, 18.918110771642784 ], [ 72.832073827170632, 18.918114183564679 ], [ 72.832083985958931, 18.918115992228039 ], [ 72.832094318927815, 18.918116143632609 ], [ 72.832292378752967, 18.918092646226537 ], [ 72.832505965445094, 18.918070596303732 ], [ 72.832763641001335, 18.918048060135487 ], [ 72.832763906102429, 18.918048037036389 ], [ 72.832779107695643, 18.918053736185378 ], [ 72.832793138264563, 18.918061703300914 ], [ 72.832805626557217, 18.918071729007725 ], [ 72.832816242849034, 18.918083548413204 ], [ 72.832824706441542, 18.918096848421044 ], [ 72.832830794075036, 18.918111277765234 ], [ 72.832834344568738, 18.918126455193708 ], [ 72.832835263437715, 18.918141979457921 ], [ 72.832833852319183, 18.918155729606305 ], [ 72.832830374580141, 18.91816914219169 ], [ 72.832824902143983, 18.918181938945612 ], [ 72.832817550470594, 18.91819385114049 ], [ 72.832809570428537, 18.91820348519563 ], [ 72.832800361545409, 18.918212067956169 ], [ 72.832790072751848, 18.918219458445417 ], [ 72.832769406805411, 18.91822519131242 ], [ 72.832716807212208, 18.918234137239025 ], [ 72.832643814705989, 18.918247146348715 ], [ 72.832570044066188, 18.918262057645016 ], [ 72.832308475008915, 18.918312774986656 ], [ 72.832155862512792, 18.918347011896227 ], [ 72.832114489434716, 18.918356293813659 ], [ 72.832102040873735, 18.918359085817432 ], [ 72.832082666482961, 18.918363432730462 ], [ 72.832572831028756, 18.919434840042548 ], [ 72.832719791562852, 18.919789191721964 ], [ 72.832740382376784, 18.919838841535903 ], [ 72.832747381006953, 18.919855715816148 ], [ 72.832753303569319, 18.919869995102893 ], [ 72.83283710519855, 18.920061797828598 ], [ 72.832859411079852, 18.920112851459745 ], [ 72.832939206040649, 18.920279009813608 ], [ 72.832964326120859, 18.920331316605413 ], [ 72.83329759133818, 18.921012253710948 ], [ 72.833398553268722, 18.921240294090744 ], [ 72.833454381572793, 18.921365446179781 ], [ 72.833589968802059, 18.92166870616899 ], [ 72.83365080243108, 18.921801569093876 ], [ 72.833663792368583, 18.921824687094329 ], [ 72.833675829870486, 18.92183819409972 ], [ 72.833690894924104, 18.921851716575624 ], [ 72.833705992446852, 18.921859480226587 ], [ 72.833729166686894, 18.921867278545321 ], [ 72.833730303152734, 18.921867472464463 ], [ 72.833773778598328, 18.921874895351923 ], [ 72.833895344850291, 18.921888835423395 ], [ 72.834116335561376, 18.921926761328638 ], [ 72.83418813107383, 18.921938631729819 ], [ 72.834188227661897, 18.921938649115848 ], [ 72.8341951927965, 18.921939799869971 ], [ 72.834201286554389, 18.921940808577563 ], [ 72.83420161992585, 18.921940864857621 ], [ 72.834209635159269, 18.921930793082602 ], [ 72.834219390308192, 18.921930505885996 ], [ 72.834221036751188, 18.921930456453563 ], [ 72.834223337249625, 18.921927674154787 ], [ 72.834449451274139, 18.921654181847813 ], [ 72.834455332929736, 18.921648373854541 ], [ 72.834458348022878, 18.921646114751031 ], [ 72.834461464420372, 18.921643948962469 ], [ 72.834465555740195, 18.921641402534505 ], [ 72.834469363780585, 18.921640068592826 ], [ 72.834471488265962, 18.921639602009275 ], [ 72.834472004156851, 18.921639488798704 ], [ 72.834476501683824, 18.921638712086743 ], [ 72.834479925616293, 18.921638313056135 ], [ 72.83448036833633, 18.921638280285354 ], [ 72.834484134291912, 18.921638002670075 ], [ 72.834487169232304, 18.921637886337685 ], [ 72.834491282674747, 18.921638042730429 ], [ 72.8344951058438, 18.921638481166926 ], [ 72.834498640872695, 18.921639478070595 ], [ 72.834501686269661, 18.92164076011127 ], [ 72.834506501600103, 18.921642868516397 ], [ 72.834882701574173, 18.921928731199365 ], [ 72.834891705883393, 18.921935596277997 ], [ 72.834896108614373, 18.92193952625847 ], [ 72.834899886789742, 18.921943457984636 ], [ 72.834903250424986, 18.921947592624726 ], [ 72.834905572468188, 18.921951536266125 ], [ 72.834907066713768, 18.921956080855342 ], [ 72.834907933860947, 18.9219602351444 ], [ 72.834908178925048, 18.921964788643947 ], [ 72.83490842961956, 18.921969936556387 ], [ 72.834907853799194, 18.921975880536507 ], [ 72.834906433904735, 18.921980447128004 ], [ 72.834904183739567, 18.921985217202597 ], [ 72.834900008728766, 18.921992049550987 ], [ 72.834663108397692, 18.922267638589197 ], [ 72.834663125014217, 18.922267674913623 ], [ 72.834691009658627, 18.922328168453699 ], [ 72.834739756024206, 18.922433927662929 ], [ 72.834945401204209, 18.922880076836606 ], [ 72.834952461905615, 18.922892821161039 ], [ 72.834956726086332, 18.922903823882969 ], [ 72.834954072382985, 18.922919287497923 ], [ 72.834950412234789, 18.922925495374436 ], [ 72.834944451235344, 18.922933481125398 ], [ 72.834943220696616, 18.922934252606979 ], [ 72.834942260010308, 18.922934853810549 ], [ 72.834941021809712, 18.922935630622305 ], [ 72.834936606837445, 18.922938395484834 ], [ 72.834931070968253, 18.922941967431985 ], [ 72.834929112477269, 18.922942367308167 ], [ 72.834927582223898, 18.922942680048031 ], [ 72.834924624488551, 18.922943285048483 ], [ 72.834917645055185, 18.922944713870624 ], [ 72.834915511652525, 18.92294469259172 ], [ 72.834652612589679, 18.922941989889143 ], [ 72.834643832263467, 18.92294190007572 ], [ 72.834426093251111, 18.92293966079956 ], [ 72.83441964868581, 18.922947679728292 ], [ 72.834341184357541, 18.923045307274634 ], [ 72.834255982120297, 18.923151317904583 ], [ 72.834328252757402, 18.923203400783244 ], [ 72.834331623188589, 18.923205830153226 ], [ 72.834373560924661, 18.923237521918114 ], [ 72.834382269009112, 18.923244102653079 ], [ 72.834399686129089, 18.923257264133046 ], [ 72.834415456379148, 18.923269181567154 ], [ 72.834502007159458, 18.923334586165566 ], [ 72.834582816535217, 18.923395651294395 ], [ 72.83463595550954, 18.923434910287625 ], [ 72.834638068128058, 18.923436471391177 ], [ 72.834689353542359, 18.923474323135572 ], [ 72.834735981200211, 18.923508736893019 ], [ 72.834817773906821, 18.923569151315867 ], [ 72.834878881989454, 18.923613865909694 ], [ 72.83492090609424, 18.923644616471833 ], [ 72.83493539963311, 18.923655221885067 ], [ 72.835058169362711, 18.923741037167712 ], [ 72.835074863582832, 18.923752706097002 ], [ 72.83507673741255, 18.923754016012818 ], [ 72.835094276362128, 18.923766275594531 ], [ 72.835135809204829, 18.923795306892313 ], [ 72.835169261632132, 18.923818689743793 ], [ 72.83521434086957, 18.923850199405521 ], [ 72.835242740591525, 18.923889602286867 ], [ 72.835255817734676, 18.923907746951294 ], [ 72.835259181204094, 18.923912413608548 ], [ 72.835351310706415, 18.924040237020009 ], [ 72.83536755459653, 18.924062775060392 ], [ 72.835368956993094, 18.9240647993749 ], [ 72.835440413148888, 18.924167940177473 ], [ 72.835479325311795, 18.924224106484548 ], [ 72.835486381120205, 18.924234289986927 ], [ 72.835496251032353, 18.924248536677496 ], [ 72.835547821117061, 18.924320473474367 ], [ 72.835564731137325, 18.924344060734704 ], [ 72.835566920409178, 18.924347114914553 ], [ 72.835647164670945, 18.924459051175987 ], [ 72.835652238805935, 18.924466128720205 ], [ 72.835678754446818, 18.924503115925589 ], [ 72.835744609105362, 18.924594977285544 ], [ 72.835772280022994, 18.924633576732298 ], [ 72.835804130932658, 18.924678005816826 ], [ 72.835854548106582, 18.924746105586944 ], [ 72.835863183275734, 18.924757768979756 ], [ 72.835875818828129, 18.924774836286534 ], [ 72.83589488317476, 18.924800587578755 ], [ 72.835933323505117, 18.924852509294599 ], [ 72.835968414623181, 18.924899909045397 ], [ 72.835983789279581, 18.92492067554274 ], [ 72.836017663915655, 18.924966429804581 ], [ 72.836092190010476, 18.92506709424427 ], [ 72.836190273067785, 18.92520242243581 ], [ 72.836277971900202, 18.925323422057268 ], [ 72.83627873102553, 18.925324469663071 ], [ 72.836329933008372, 18.925395115753464 ], [ 72.836611283168864, 18.925783299743244 ], [ 72.83670092981265, 18.925906988357685 ], [ 72.836719938002176, 18.925933213143448 ], [ 72.836878826495592, 18.926152434284884 ], [ 72.836907643486626, 18.926134119662411 ], [ 72.837056069288437, 18.926039786121429 ], [ 72.83714074188704, 18.926078082516824 ], [ 72.837184425286154, 18.926097840300628 ], [ 72.837215523914836, 18.926111906237278 ], [ 72.837544348779915, 18.926260629846613 ], [ 72.837553150411878, 18.926264610144898 ], [ 72.837635327236939, 18.926301777971844 ], [ 72.837784487883468, 18.92637019983491 ], [ 72.838013811884821, 18.926475393652847 ], [ 72.838245185232793, 18.926582669628967 ], [ 72.838258661786895, 18.926588918268337 ], [ 72.838475488921958, 18.926689449632299 ], [ 72.838518838240077, 18.926709600672158 ], [ 72.838750392711248, 18.926817238584082 ], [ 72.838932957668817, 18.926902102450516 ], [ 72.838968018131013, 18.926918480556939 ], [ 72.839045147412591, 18.926954509616436 ], [ 72.839189278515093, 18.927021838527992 ], [ 72.839407103896775, 18.927123591799724 ], [ 72.83943534859408, 18.927136785929328 ], [ 72.839640419754915, 18.927232453259592 ], [ 72.839670376252954, 18.927246427838639 ], [ 72.839799195846965, 18.927306522620295 ], [ 72.839809673407771, 18.927311643286433 ], [ 72.840144847262337, 18.927475449766867 ], [ 72.840311417972401, 18.927558047775474 ], [ 72.84031612668123, 18.927563153649487 ], [ 72.840319841217465, 18.927568954303755 ], [ 72.840322449891374, 18.927575277721022 ], [ 72.840323876371201, 18.927581933326994 ], [ 72.840324075735978, 18.927588723686934 ], [ 72.840323043954399, 18.927595445519199 ], [ 72.840320947983457, 18.927601589519117 ], [ 72.840317822675999, 18.927607324099714 ], [ 72.840313751657035, 18.927612493969509 ], [ 72.840308845876251, 18.927616959510601 ], [ 72.840303237878842, 18.927620599421839 ], [ 72.840297078888881, 18.927623316104395 ], [ 72.840290535962183, 18.92762503562863 ], [ 72.840283784335995, 18.927625712161447 ], [ 72.840277008401188, 18.927625326171015 ], [ 72.840270390244285, 18.927623889712962 ], [ 72.839741241367676, 18.927370375261162 ], [ 72.83972747118348, 18.9273635524372 ], [ 72.839500430192516, 18.92725106346321 ], [ 72.839448372925148, 18.927226851309587 ], [ 72.839299238075299, 18.927157485248024 ], [ 72.839196885250132, 18.927109879828471 ], [ 72.839101592908875, 18.927065556860182 ], [ 72.839002394415601, 18.927019417950032 ], [ 72.838921879623811, 18.926981897889533 ], [ 72.838535570495537, 18.92680187710744 ], [ 72.838399220331013, 18.926739113152877 ], [ 72.838283786587724, 18.926685977733342 ], [ 72.838255149904057, 18.926672796036865 ], [ 72.837917672605187, 18.926517450267593 ], [ 72.837892825217381, 18.926506026170408 ], [ 72.8378615029728, 18.926491624426149 ], [ 72.837750186589801, 18.926440444378972 ], [ 72.837370282692888, 18.926265772892648 ], [ 72.837306037143307, 18.926236233383143 ], [ 72.837261700198852, 18.9262158483665 ], [ 72.837040183201836, 18.926109902858737 ], [ 72.836918595296652, 18.92619093708873 ], [ 72.836929447444817, 18.926206908664195 ], [ 72.836946525859034, 18.926232042372479 ], [ 72.837080645651582, 18.926429425448116 ], [ 72.837064264302199, 18.926447762225063 ], [ 72.837037328955418, 18.926477913496331 ], [ 72.836768076536629, 18.926568577359934 ], [ 72.836770310026054, 18.926575794284364 ], [ 72.836771565059067, 18.926583222003249 ], [ 72.836771822291851, 18.926590741060224 ], [ 72.836770716506635, 18.926600178112608 ], [ 72.83676804167726, 18.926609325891334 ], [ 72.836763867258355, 18.926617950357574 ], [ 72.836758299553722, 18.926625830547781 ], [ 72.836751732179053, 18.926632546517343 ], [ 72.836744155058298, 18.92663821737947 ], [ 72.836735749312822, 18.926642708853052 ], [ 72.836726716605398, 18.9266459130912 ], [ 72.836717272438875, 18.926647753119379 ], [ 72.836707643274181, 18.926648185511628 ], [ 72.836703364971697, 18.926647922456358 ], [ 72.836694915009048, 18.926646559360222 ], [ 72.836686741058728, 18.926644105629695 ], [ 72.8366778060185, 18.926655352760982 ], [ 72.836658867091842, 18.926644974728752 ], [ 72.836652146011318, 18.926641291433679 ], [ 72.836609851543827, 18.926618114602238 ], [ 72.836503200720117, 18.926563098781497 ], [ 72.836443000991551, 18.926655004783317 ], [ 72.83655159147547, 18.926716322748664 ], [ 72.836556441565236, 18.926719061997915 ], [ 72.836542121623353, 18.926743229840341 ], [ 72.836516009231659, 18.92678729997548 ], [ 72.836585491821737, 18.926826903573478 ], [ 72.836686160183973, 18.9268842820949 ], [ 72.836610120219788, 18.927003573761041 ], [ 72.836595810025429, 18.927026024615021 ], [ 72.836575306827669, 18.927076535397116 ], [ 72.836562740815296, 18.927107492747915 ], [ 72.836550012153523, 18.927155577691725 ], [ 72.836537714453442, 18.927202037268543 ], [ 72.836516545138394, 18.927282013762788 ], [ 72.836516606550987, 18.927282330621196 ], [ 72.836525310609943, 18.927327207801181 ], [ 72.83654039393069, 18.927404969517777 ], [ 72.836550693039996, 18.927458068737405 ], [ 72.836543358837716, 18.927588829972276 ], [ 72.836540286165302, 18.927632409125092 ], [ 72.836508498769518, 18.927670857090497 ], [ 72.836504910640784, 18.927675815714089 ], [ 72.83660398843513, 18.927736158345752 ], [ 72.836651320760993, 18.927764985148503 ], [ 72.836655713255411, 18.927767660349581 ], [ 72.836722291963355, 18.927808209207168 ], [ 72.836719053752844, 18.927813340825672 ], [ 72.836717928810671, 18.927815123396325 ], [ 72.836716662402878, 18.927817130133327 ], [ 72.836714594668962, 18.927820407450938 ], [ 72.836711912899958, 18.92782463687448 ], [ 72.836701229398045, 18.92783831777944 ], [ 72.836685201583464, 18.927859037823524 ], [ 72.836671284304828, 18.92787035511423 ], [ 72.836666446587557, 18.927871591272559 ], [ 72.836666059006333, 18.927871689725098 ], [ 72.836656637706056, 18.927869979281283 ], [ 72.836656384223829, 18.927869762251984 ], [ 72.836650701686764, 18.9278668010285 ], [ 72.836646061939959, 18.927864383083815 ], [ 72.836641073207872, 18.927861719898125 ], [ 72.83662519341955, 18.927851851737763 ], [ 72.836623020077482, 18.927850578083987 ], [ 72.836566611202443, 18.927815380391706 ], [ 72.836559789252306, 18.92781112414762 ], [ 72.83655587956703, 18.927815255245843 ], [ 72.836555770826379, 18.927815370498756 ], [ 72.836555359938458, 18.927815804693314 ], [ 72.83655447879822, 18.927815238910878 ], [ 72.836540564034337, 18.927806311374798 ], [ 72.836541799600639, 18.927804488545291 ], [ 72.836548836649825, 18.9277941044929 ], [ 72.836549627137586, 18.927792938565261 ], [ 72.836513937227508, 18.92777201015414 ], [ 72.836499975909192, 18.927763823651926 ], [ 72.836496760750322, 18.927761857690054 ], [ 72.836490522380046, 18.92776071005623 ], [ 72.836486375258602, 18.927761019385848 ], [ 72.83648224208261, 18.92776319411718 ], [ 72.836481975454078, 18.927763334626707 ], [ 72.836480140631011, 18.927765551516373 ], [ 72.836479401106672, 18.927766445252431 ], [ 72.836477949353167, 18.927765376020353 ], [ 72.836477559145862, 18.927765088748355 ], [ 72.836473369379576, 18.927762002212777 ], [ 72.836463906648149, 18.927755033379761 ], [ 72.836422264667974, 18.927724362491336 ], [ 72.836409888194055, 18.927731455102339 ], [ 72.836404745776363, 18.927721931638946 ], [ 72.836370608015685, 18.92769258392028 ], [ 72.836265525878488, 18.927630767473808 ], [ 72.836029795092102, 18.927492092245277 ], [ 72.835957258733572, 18.927445796660649 ], [ 72.835953831934177, 18.927443608728712 ], [ 72.835951536723186, 18.927442143961088 ], [ 72.835944500467463, 18.927437653058465 ], [ 72.835944134815421, 18.927436564877357 ], [ 72.835943897153228, 18.927435856656498 ], [ 72.835939993829555, 18.927424239419956 ], [ 72.835872624410598, 18.927386154220891 ], [ 72.83586525536586, 18.92738671951448 ], [ 72.835847444608206, 18.927388087043532 ], [ 72.835846822163631, 18.92738770221866 ], [ 72.835838507233362, 18.927382559596055 ], [ 72.835837807573512, 18.927382126900746 ], [ 72.835827406857746, 18.927375693571779 ], [ 72.8357905669329, 18.927352908060822 ], [ 72.835789349775879, 18.927354038296798 ], [ 72.835785160803539, 18.927351555136664 ], [ 72.835783685655286, 18.927350681634998 ], [ 72.835781251797229, 18.927353569880147 ], [ 72.835779797830057, 18.927352673140696 ], [ 72.835739813494996, 18.927328031767793 ], [ 72.835731877841567, 18.927323141059517 ], [ 72.83572530859368, 18.927319091873528 ], [ 72.835675775518553, 18.927288564534248 ], [ 72.835671692322123, 18.927286049185046 ], [ 72.835660744201917, 18.927279301449026 ], [ 72.835656411480031, 18.927276630537083 ], [ 72.835627693603925, 18.927258932084467 ], [ 72.835595583762171, 18.927239142745616 ], [ 72.835568834042078, 18.927222656843568 ], [ 72.835556078826727, 18.927214795071283 ], [ 72.835530450655753, 18.927199001502757 ], [ 72.835472972596733, 18.927163577870697 ], [ 72.835461402976279, 18.927156447115767 ], [ 72.835463913552005, 18.927136626296875 ], [ 72.835464008598066, 18.927135879503947 ], [ 72.835455875059722, 18.927131099384439 ], [ 72.835437660775796, 18.927120396379991 ], [ 72.835407771855287, 18.927102831466591 ], [ 72.835389257072634, 18.927091951525401 ], [ 72.835377231981781, 18.927084885003051 ], [ 72.835364264847811, 18.927077265530912 ], [ 72.83532838082931, 18.927056177483724 ], [ 72.835314414207801, 18.927047970064983 ], [ 72.83529969772556, 18.927039322136352 ], [ 72.835279205020811, 18.927027842825531 ], [ 72.835250664510468, 18.927011855364366 ], [ 72.835224542121892, 18.926997222104411 ], [ 72.835216636617332, 18.926992793295774 ], [ 72.835154846631795, 18.926958180073441 ], [ 72.835133653779934, 18.926946307788455 ], [ 72.835100345872689, 18.926927649731152 ], [ 72.835090630088033, 18.926922207107893 ], [ 72.83499327249325, 18.926867669224411 ], [ 72.834987071729742, 18.926864196080565 ], [ 72.834966790161985, 18.926852834820235 ], [ 72.83490888470773, 18.926820397651927 ], [ 72.834897778948601, 18.926814176445028 ], [ 72.834892565031936, 18.926822290128129 ], [ 72.834864369400549, 18.926866165866166 ], [ 72.834852785079235, 18.926884191678518 ], [ 72.834837060982593, 18.926908660927687 ], [ 72.834815397496442, 18.92694237169335 ], [ 72.834906434157958, 18.92699451000237 ], [ 72.83495809292036, 18.927024095843095 ], [ 72.835040357661498, 18.927071209848595 ], [ 72.835119762814202, 18.927116687161725 ], [ 72.835148822618081, 18.927133330148923 ], [ 72.835167775283267, 18.927144184511651 ], [ 72.835271838313915, 18.92720378295914 ], [ 72.835302832033307, 18.927204701002335 ], [ 72.835313567185878, 18.927214716085135 ], [ 72.835316126708904, 18.92721710346563 ], [ 72.83531644176621, 18.927221749913564 ], [ 72.835317110394428, 18.927231589732909 ], [ 72.835383909353155, 18.927268554738966 ], [ 72.835393346580446, 18.927262541627023 ], [ 72.835424470857703, 18.927283164954595 ], [ 72.835482795869822, 18.927321809585663 ], [ 72.835510516091006, 18.927340176577918 ], [ 72.83552558435855, 18.927349591854338 ], [ 72.835576089373689, 18.927381150356005 ], [ 72.835651565408128, 18.927428311375234 ], [ 72.835687741342724, 18.92745091574092 ], [ 72.835771084449163, 18.927502991918818 ], [ 72.835772825250388, 18.927504316538204 ], [ 72.835778128444659, 18.927508355470405 ], [ 72.835845670629368, 18.927559778499653 ], [ 72.835852768212504, 18.92756518241746 ], [ 72.835854993573932, 18.927563374752108 ], [ 72.83586128406526, 18.927558264303293 ], [ 72.835862226964707, 18.927557498495851 ], [ 72.835884053075546, 18.92756995799002 ], [ 72.835890102273481, 18.927573411274246 ], [ 72.835902219470455, 18.927573552619638 ], [ 72.83590472490593, 18.927573581845095 ], [ 72.835951131933342, 18.927602015035603 ], [ 72.836035339466278, 18.927653608912298 ], [ 72.836055626429754, 18.927666038693083 ], [ 72.836062751637016, 18.927670404173153 ], [ 72.836127026365787, 18.92770978463059 ], [ 72.836161825020611, 18.927731443391824 ], [ 72.836181023797607, 18.927743392577902 ], [ 72.836204881738055, 18.927758241383128 ], [ 72.83628178611562, 18.927806106216917 ], [ 72.836283689569285, 18.927807036196448 ], [ 72.836289235307888, 18.927810742833856 ], [ 72.836301130858715, 18.927818146517428 ], [ 72.836319550286476, 18.927825828617525 ], [ 72.836325547228356, 18.92782832923994 ], [ 72.836327982065043, 18.927829344903568 ], [ 72.836335462187776, 18.927832464396975 ], [ 72.836335674257413, 18.927844225553827 ], [ 72.836335803068266, 18.927851396258081 ], [ 72.836401199939743, 18.927888116961935 ], [ 72.83639628892648, 18.927890622246647 ], [ 72.836392970647296, 18.927892315103836 ], [ 72.836389996333551, 18.927893832222985 ], [ 72.836385098938166, 18.927899702322577 ], [ 72.836385405601106, 18.927907066592983 ], [ 72.836388588078876, 18.92791341300358 ], [ 72.836402445048762, 18.927920784457353 ], [ 72.836410816361109, 18.927925237622482 ], [ 72.836417962686724, 18.927929070411388 ], [ 72.836424044744305, 18.927932332571537 ], [ 72.836436455250052, 18.92793903499782 ], [ 72.836446830038668, 18.927944611701207 ], [ 72.836448439137143, 18.927945476824526 ], [ 72.83644892554581, 18.927945738120627 ], [ 72.836450952426844, 18.92794216947933 ], [ 72.836456121111354, 18.927933069761636 ], [ 72.836457250593241, 18.92793388322514 ], [ 72.836466870563399, 18.927940804213467 ], [ 72.836470871060072, 18.927943699760181 ], [ 72.836478900423245, 18.927952594797667 ], [ 72.836482705031699, 18.92796428945935 ], [ 72.836482082983835, 18.927973602981211 ], [ 72.836475665461549, 18.927989241312446 ], [ 72.836466847355197, 18.927999434776517 ], [ 72.836457528416759, 18.92800348472392 ], [ 72.836448362441672, 18.928005385784321 ], [ 72.83644552545428, 18.928005304826083 ], [ 72.836438622151277, 18.928005080699915 ], [ 72.836430669170866, 18.928003595118543 ], [ 72.836417301451277, 18.92799626369602 ], [ 72.836406628164937, 18.927990353818451 ], [ 72.836396796793366, 18.927984517890792 ], [ 72.836379075939519, 18.927974034794389 ], [ 72.836366455551655, 18.927967267591324 ], [ 72.836362567576046, 18.927966911525019 ], [ 72.83636038105719, 18.927967029643526 ], [ 72.836357542618188, 18.92796905146437 ], [ 72.836351313762336, 18.92797711451361 ], [ 72.836346894156051, 18.927974186075321 ], [ 72.836324234242824, 18.927959173314292 ], [ 72.83633319537185, 18.927945834555761 ], [ 72.836297348917597, 18.927921289416751 ], [ 72.836275939273023, 18.927906629956247 ], [ 72.836275249390582, 18.927906543326237 ], [ 72.836236448969032, 18.927901688287555 ], [ 72.83618881849992, 18.927870662071332 ], [ 72.836158366840564, 18.927865157393445 ], [ 72.836149720075866, 18.927863594157483 ], [ 72.836119917086435, 18.927858207237488 ], [ 72.836119231345293, 18.92785779909347 ], [ 72.836000285777772, 18.927786978751673 ], [ 72.835991585936256, 18.927781799126745 ], [ 72.835949137978915, 18.927756524768373 ], [ 72.835915178858826, 18.927736305627956 ], [ 72.835856958944191, 18.927701641213659 ], [ 72.835717792839986, 18.927618780989985 ], [ 72.835713461769288, 18.927616202230723 ], [ 72.835711139876068, 18.927614819345788 ], [ 72.835657435732216, 18.92758284418121 ], [ 72.835604272291647, 18.927551190549654 ], [ 72.835513238901996, 18.927496988622835 ], [ 72.835464982108746, 18.927468256448151 ], [ 72.835460376001194, 18.927465513693885 ], [ 72.835418844715932, 18.927440785557192 ], [ 72.835394535086976, 18.927426673872475 ], [ 72.835296146299967, 18.927369557914794 ], [ 72.835279708132902, 18.927360015535264 ], [ 72.83525283500731, 18.927344416056386 ], [ 72.835156866624999, 18.927288705750417 ], [ 72.835148463839275, 18.927283827633214 ], [ 72.835135069686487, 18.927276052317044 ], [ 72.835092751456841, 18.927251485649116 ], [ 72.835087693198886, 18.927248549731743 ], [ 72.835066537856747, 18.927236268696202 ], [ 72.834841160865864, 18.927105434897793 ], [ 72.834829064154903, 18.927118438005266 ], [ 72.834754932269234, 18.927073359937676 ], [ 72.834704189189225, 18.927113396478628 ], [ 72.834699993379502, 18.927156961550079 ], [ 72.834758389747805, 18.927195354310516 ], [ 72.834757898466009, 18.927196134415453 ], [ 72.83476740558983, 18.927201638752919 ], [ 72.834760673574038, 18.927211768860751 ], [ 72.834759723055157, 18.92721319937478 ], [ 72.834792791288706, 18.927233074102137 ], [ 72.834846598634471, 18.927265414713531 ], [ 72.834879975830972, 18.927285474588562 ], [ 72.834895681577521, 18.92729491451426 ], [ 72.834905373471543, 18.927300738950262 ], [ 72.834928636822909, 18.927314721059997 ], [ 72.834935920329954, 18.927319099266189 ], [ 72.835086056156101, 18.92740933400653 ], [ 72.835105144849933, 18.927420461847266 ], [ 72.835129940756076, 18.927434916159164 ], [ 72.83518145631092, 18.927464948299107 ], [ 72.835193097775161, 18.927471733960747 ], [ 72.835211948137101, 18.927482722617945 ], [ 72.835432983376407, 18.927611575100528 ], [ 72.835497286130646, 18.927649060139647 ], [ 72.835511937615692, 18.927657600714316 ], [ 72.835589318586813, 18.927702710099869 ], [ 72.835607690681016, 18.92771369404462 ], [ 72.835636730926566, 18.927731056640194 ], [ 72.835716230655635, 18.927778587053677 ], [ 72.835820448274703, 18.927840894124284 ], [ 72.835840295437052, 18.927852760581903 ], [ 72.835870127888072, 18.927870596663507 ], [ 72.835930779011548, 18.927906857503185 ], [ 72.835948105627494, 18.927917215906781 ], [ 72.836000079817921, 18.927948289236348 ], [ 72.836013025560149, 18.927956029459555 ], [ 72.836066318462017, 18.927987891347971 ], [ 72.836085677519009, 18.928017465082448 ], [ 72.836137560865623, 18.928044836648599 ], [ 72.836135610255113, 18.928047199415523 ], [ 72.83613234444914, 18.928051155554197 ], [ 72.836131047576117, 18.928052726558111 ], [ 72.836134890599922, 18.928060257628992 ], [ 72.836139448361763, 18.928067419472338 ], [ 72.836145388815794, 18.92807496958752 ], [ 72.836152122343222, 18.928081890345545 ], [ 72.836158856738663, 18.928087564610106 ], [ 72.836163505497169, 18.928090904000612 ], [ 72.836175595121532, 18.928097832130625 ], [ 72.836188628315256, 18.928102984610405 ], [ 72.836204483546666, 18.928106578454067 ], [ 72.836220750376214, 18.928107545890875 ], [ 72.836224967201645, 18.928102193558331 ], [ 72.836225430378803, 18.928101605516492 ], [ 72.836248566383816, 18.928114364781386 ], [ 72.836250282259343, 18.928112171798745 ], [ 72.836259519416473, 18.928116462546367 ], [ 72.836257559915524, 18.928119589371772 ], [ 72.836254390968705, 18.928124647720452 ], [ 72.836256816762344, 18.928126144719251 ], [ 72.836256768242819, 18.928126374485529 ], [ 72.836270514110311, 18.928134561204363 ], [ 72.836274104323948, 18.928136738392134 ], [ 72.836303978753989, 18.928154860332683 ], [ 72.836337061969942, 18.928174706988457 ], [ 72.836346842643707, 18.928180573942946 ], [ 72.836348041561777, 18.928181302406983 ], [ 72.836394562021653, 18.928209569725329 ], [ 72.836410913211125, 18.92821953915054 ], [ 72.836432425371711, 18.928232654311334 ], [ 72.836438573309266, 18.92823640319596 ], [ 72.836441718863824, 18.928238320474804 ], [ 72.836446708667978, 18.928241343177842 ], [ 72.836477117482119, 18.92825976307978 ], [ 72.836483957034147, 18.928263906625489 ], [ 72.836509553947266, 18.928279125242568 ], [ 72.83653479951596, 18.928294134718364 ], [ 72.836573299830434, 18.928316553775595 ], [ 72.836581287999351, 18.928321204797946 ], [ 72.836591252175481, 18.928327122657098 ], [ 72.836615557857726, 18.928341559332679 ], [ 72.836635464381004, 18.928353321628308 ], [ 72.836668249086657, 18.928372695053344 ], [ 72.836676621659649, 18.92837764230875 ], [ 72.836679319666359, 18.928379229190227 ], [ 72.836709229577949, 18.928396814044543 ], [ 72.836723385674716, 18.928405137393568 ], [ 72.836730212678404, 18.928409150714895 ], [ 72.836751975779379, 18.928421947207013 ], [ 72.836761740079908, 18.92842768749416 ], [ 72.836769884232126, 18.928433936394899 ], [ 72.836773307156378, 18.928441145511435 ], [ 72.836770118160814, 18.928459629746037 ], [ 72.836767250824693, 18.928462863415575 ], [ 72.836756484588932, 18.928475005097102 ], [ 72.836722178484649, 18.9284988893024 ], [ 72.836708333067875, 18.92850852826178 ], [ 72.836695857235341, 18.928517214892214 ], [ 72.836694902474775, 18.928517722231991 ], [ 72.836683655530535, 18.928523704368292 ], [ 72.836676161061078, 18.928525529183272 ], [ 72.836667615860136, 18.928526026593431 ], [ 72.836658911975206, 18.928524252251449 ], [ 72.836650688266445, 18.928519316666566 ], [ 72.836646980033606, 18.928517163400148 ], [ 72.836613004854726, 18.928497435556302 ], [ 72.836612362323379, 18.928497062241714 ], [ 72.836589837341776, 18.928483799797295 ], [ 72.836586023044333, 18.928481554063278 ], [ 72.836566500332481, 18.928470059087026 ], [ 72.836542354778032, 18.92845586453938 ], [ 72.836515749559808, 18.92844022318075 ], [ 72.836502318831904, 18.928432327390063 ], [ 72.836449542154924, 18.928401121075577 ], [ 72.836419860130988, 18.928383237149369 ], [ 72.836390793156895, 18.928365723503916 ], [ 72.836362156305626, 18.928348641211151 ], [ 72.836347988599385, 18.928340189437652 ], [ 72.836290358224858, 18.928305641305869 ], [ 72.836287826404273, 18.928304122295618 ], [ 72.836252665272468, 18.928283034698424 ], [ 72.836217526856956, 18.928261952779827 ], [ 72.836157281680713, 18.92822570036645 ], [ 72.836099519013942, 18.928191628465065 ], [ 72.836055903169807, 18.928165786798871 ], [ 72.836052378297694, 18.928163695275988 ], [ 72.83604106612691, 18.928156982150544 ], [ 72.836009483615726, 18.928138239575979 ], [ 72.83600593874533, 18.928136153238611 ], [ 72.835973966195226, 18.928117332041435 ], [ 72.835945622571245, 18.928100556608157 ], [ 72.835924430546072, 18.928088015088932 ], [ 72.835863741481958, 18.928052116008086 ], [ 72.835797564293244, 18.928013345545232 ], [ 72.83578255836288, 18.928004538005002 ], [ 72.835765023977515, 18.927994245810318 ], [ 72.835754119754696, 18.927987844537757 ], [ 72.835747091109425, 18.927983719536655 ], [ 72.835698298887124, 18.927955128393894 ], [ 72.835675318980378, 18.927941604016354 ], [ 72.835651690012227, 18.927927698113123 ], [ 72.835635152062352, 18.927918011879388 ], [ 72.835622963629305, 18.927910873007256 ], [ 72.835591638314781, 18.927892582291523 ], [ 72.835583705008119, 18.927887949935801 ], [ 72.835570244715157, 18.927880145872738 ], [ 72.835556368324461, 18.927872443539304 ], [ 72.835546440381748, 18.927869612502441 ], [ 72.835531240934046, 18.927867944787305 ], [ 72.835522642033666, 18.927868266287746 ], [ 72.835513716445902, 18.927868601138282 ], [ 72.835495104779028, 18.927871717937517 ], [ 72.835491203743032, 18.927872376065302 ], [ 72.8354692814343, 18.927876076584127 ], [ 72.83543941880302, 18.927881141420119 ], [ 72.835416880794654, 18.927884964818738 ], [ 72.835402232960618, 18.927887411569166 ], [ 72.835375636194371, 18.927891831632756 ], [ 72.835295901845058, 18.927905463693772 ], [ 72.835231271280378, 18.927916253255649 ], [ 72.835190798732327, 18.927923237427454 ], [ 72.835121867479913, 18.92793476170122 ], [ 72.835043045418473, 18.927947939115001 ], [ 72.835041551996341, 18.927948189053062 ], [ 72.835038875416203, 18.927948845201271 ], [ 72.835035402059361, 18.927950417895655 ], [ 72.835034281529204, 18.927952077662152 ], [ 72.835033423024882, 18.927955353713802 ], [ 72.835034249236216, 18.927961875880403 ], [ 72.835036007722692, 18.927974055222261 ], [ 72.835037273487131, 18.927983001456141 ], [ 72.835039738120813, 18.928001223737429 ], [ 72.835042413701132, 18.928020164767794 ], [ 72.835043672962442, 18.928029100086611 ], [ 72.835045002636321, 18.928038537537972 ], [ 72.835045638881724, 18.928043081148648 ], [ 72.835048020551596, 18.92806008125039 ], [ 72.835050766077643, 18.928078455847896 ], [ 72.83505159849993, 18.928083906817218 ], [ 72.835053488182851, 18.928096290924159 ], [ 72.835056372277876, 18.928115181998489 ], [ 72.835062611827851, 18.928156676638324 ], [ 72.835065070255837, 18.928173023673406 ], [ 72.835073567720059, 18.928180796053383 ], [ 72.835076101080659, 18.928200830178433 ], [ 72.835076786706637, 18.928206255949821 ], [ 72.835066104043506, 18.928216766303386 ], [ 72.835050048163282, 18.928232501652555 ], [ 72.835045196544314, 18.928237245877021 ], [ 72.835043467182203, 18.928238937378723 ], [ 72.835039716151869, 18.928242538270283 ], [ 72.835039212473589, 18.92824752111289 ], [ 72.83503931550085, 18.928254183878344 ], [ 72.835039376240687, 18.92826162385958 ], [ 72.8350422676844, 18.928275967091523 ], [ 72.835045891258005, 18.928294410647748 ], [ 72.835049074114892, 18.928310520449369 ], [ 72.835053054042447, 18.928330552487065 ], [ 72.835060951451865, 18.928370895845081 ], [ 72.835063992152342, 18.928384410720149 ], [ 72.835069140666675, 18.928393235161042 ], [ 72.835075323733392, 18.92840383123071 ], [ 72.835076179032313, 18.928405297271446 ], [ 72.835099729389228, 18.928440846315404 ], [ 72.835105197062163, 18.928448989806814 ], [ 72.835110547380253, 18.92845695940542 ], [ 72.835122694354922, 18.928475050793644 ], [ 72.835144474708613, 18.928507712222086 ], [ 72.83516034108419, 18.928531508663038 ], [ 72.835177982101783, 18.928557908240194 ], [ 72.835183653937705, 18.928566413610902 ], [ 72.835210109852738, 18.928606081104522 ], [ 72.835221437163781, 18.928622962486841 ], [ 72.835242240372793, 18.928653966759409 ], [ 72.835282546938544, 18.928713947661947 ], [ 72.835322116844097, 18.928772833336861 ], [ 72.835329997673426, 18.92878456112739 ], [ 72.835332556945247, 18.928788369339049 ], [ 72.835416289225634, 18.928912972337173 ], [ 72.835449213326001, 18.928961966495745 ], [ 72.83554905485704, 18.929110543033911 ], [ 72.835551246261787, 18.929113804090157 ], [ 72.835583133869349, 18.929161256010108 ], [ 72.835587249392475, 18.929167380277519 ], [ 72.835629209284235, 18.929229821933298 ], [ 72.835683891956762, 18.92931341378625 ], [ 72.835708108937297, 18.929350432029384 ], [ 72.835714590444539, 18.929360339665802 ], [ 72.83577900896843, 18.929458813434159 ], [ 72.835795352836541, 18.92948379777642 ], [ 72.835796378642868, 18.929485365162865 ], [ 72.835821150419648, 18.929523234418458 ], [ 72.835826608944899, 18.929531577408344 ], [ 72.835831435417646, 18.929533797030199 ], [ 72.835846472687606, 18.929539076797521 ], [ 72.835862154256759, 18.92954223508908 ], [ 72.835878150673125, 18.929543204832836 ], [ 72.835894126173841, 18.929541966756219 ], [ 72.835909746324035, 18.929538545862137 ], [ 72.83592722742101, 18.929524471912508 ], [ 72.835933528913571, 18.92951939772729 ], [ 72.83596487422642, 18.929494161298628 ], [ 72.83605381042733, 18.929422557433778 ], [ 72.836123133339029, 18.929366745016104 ], [ 72.836123928456288, 18.92936610484454 ], [ 72.836142661952564, 18.929351626365712 ], [ 72.836191876192416, 18.929313590428833 ], [ 72.836347526009604, 18.929193296429489 ], [ 72.836423435796775, 18.929134628712532 ], [ 72.83643101161384, 18.929128774498032 ], [ 72.836536789373611, 18.929047022609392 ], [ 72.836545008499982, 18.929040670064346 ], [ 72.836577551236033, 18.929014938038769 ], [ 72.836636370002395, 18.928968427549318 ], [ 72.836701021018811, 18.928917306144299 ], [ 72.836802787868663, 18.928836836007552 ], [ 72.836846428369498, 18.928802328057774 ], [ 72.836847511910136, 18.928800886437855 ], [ 72.836851845200727, 18.928794229329974 ], [ 72.836856841359179, 18.92878356494445 ], [ 72.836859556700219, 18.92877429660394 ], [ 72.836860953185209, 18.928764768100688 ], [ 72.83686100683525, 18.928755146258915 ], [ 72.836859716378555, 18.928745603587174 ], [ 72.836806956855582, 18.928685629518636 ], [ 72.836802787392941, 18.928680890252608 ], [ 72.836803940106918, 18.928669432246146 ], [ 72.836809587508625, 18.928659938859067 ], [ 72.83681098538527, 18.928659295776583 ], [ 72.836812244681425, 18.928658431585099 ], [ 72.83681332709844, 18.928657372032703 ], [ 72.836814198989828, 18.928656150147802 ], [ 72.836814835203882, 18.928654802670948 ], [ 72.83681521623663, 18.928653370021568 ], [ 72.836815330118185, 18.928651897223272 ], [ 72.836815173454937, 18.928650426689881 ], [ 72.836814750387347, 18.928649005439386 ], [ 72.836839867284951, 18.928631848162524 ], [ 72.83688226883595, 18.928602885339483 ], [ 72.836899374440975, 18.928591200551502 ], [ 72.837031492680623, 18.928634082477139 ], [ 72.837063302432014, 18.928644407319716 ], [ 72.83715446874686, 18.928673997092773 ], [ 72.837165454666547, 18.928675313868506 ], [ 72.837176114294067, 18.928678161484683 ], [ 72.837186215883349, 18.928682477624129 ], [ 72.837195534749952, 18.928688167534627 ], [ 72.837196907378257, 18.928688600845184 ], [ 72.837218504999711, 18.928708211387793 ], [ 72.837222392125057, 18.928718293772373 ], [ 72.837222069698441, 18.928724169357466 ], [ 72.837222611726261, 18.928725935234446 ], [ 72.837221830401447, 18.928728527525251 ], [ 72.837194215478377, 18.928820136153941 ], [ 72.837193496650869, 18.928822518712678 ], [ 72.837193452998093, 18.928822665435746 ], [ 72.837191996474189, 18.928827495368246 ], [ 72.837182381485931, 18.928852105600686 ], [ 72.837131740835076, 18.928981720662652 ], [ 72.837111093512334, 18.929034567454295 ], [ 72.837084872094664, 18.929101681337734 ], [ 72.837062159772401, 18.929151765348845 ], [ 72.836998366123126, 18.929292437402367 ], [ 72.836959192657318, 18.929378820407265 ], [ 72.836927201478204, 18.929449364416708 ], [ 72.836943894613356, 18.929480999861916 ], [ 72.836951971547663, 18.929496306806023 ], [ 72.836957240039013, 18.929506291491389 ], [ 72.836975763165242, 18.929541395126485 ], [ 72.836977708961925, 18.929545083258315 ], [ 72.836997809117577, 18.929583176114118 ], [ 72.837000531396555, 18.929588334780075 ], [ 72.837017984339923, 18.929621410752816 ], [ 72.837021744382355, 18.92962853618122 ], [ 72.837037778747643, 18.929658923758439 ], [ 72.837039900620354, 18.92966294363406 ], [ 72.837056843954343, 18.929695054396351 ], [ 72.83706236540587, 18.929705518952282 ], [ 72.837074131977189, 18.929727818623071 ], [ 72.837080801479033, 18.929740457171086 ], [ 72.837093799470722, 18.92976509077991 ], [ 72.837097831006929, 18.929772730619948 ], [ 72.83711441950615, 18.929804167019761 ], [ 72.837116912901607, 18.929808893965625 ], [ 72.837134403891028, 18.929842040828916 ], [ 72.837136100448205, 18.929845256356515 ], [ 72.837155339881434, 18.929881717806726 ], [ 72.837156639876923, 18.929884180808255 ], [ 72.837175134345756, 18.929919230802817 ], [ 72.837178057705103, 18.92992477027887 ], [ 72.83717920062243, 18.929927048086356 ], [ 72.837190113347305, 18.929948801258277 ], [ 72.837197564027761, 18.929963652874608 ], [ 72.837204163309991, 18.929976807267664 ], [ 72.837212274761285, 18.929992975416624 ], [ 72.837224665419953, 18.93001767419927 ], [ 72.837226060071501, 18.930020452639823 ], [ 72.837243359245363, 18.930054935896418 ], [ 72.837245704287284, 18.930059611431961 ], [ 72.837246646391506, 18.930061488558621 ], [ 72.837261026750284, 18.930090153283281 ], [ 72.837267532560162, 18.930103122319242 ], [ 72.837273213829818, 18.93011444593137 ], [ 72.837276964635819, 18.930121921714811 ], [ 72.837294187937317, 18.930156254141821 ], [ 72.837294547941653, 18.93015697101406 ], [ 72.837304019796946, 18.930175851262952 ], [ 72.837308761742946, 18.930185303199845 ], [ 72.837339774080576, 18.930247121918349 ], [ 72.837406309477757, 18.930379745209994 ], [ 72.837408299163357, 18.930383712055598 ], [ 72.837426980090683, 18.930420949201629 ], [ 72.837483148802846, 18.930532909594337 ], [ 72.837499786030662, 18.930529013569416 ], [ 72.837760237745456, 18.930468028129273 ], [ 72.837773247683941, 18.930482969819977 ], [ 72.837819230974901, 18.930535782206885 ], [ 72.837994099803524, 18.930736621581151 ], [ 72.838065563487461, 18.930818698572786 ], [ 72.838130223399475, 18.930892960694365 ], [ 72.838061907938169, 18.930981188390451 ], [ 72.838219665794824, 18.93109909912711 ], [ 72.838229190450861, 18.931106217651436 ], [ 72.838267079734365, 18.93113473266158 ], [ 72.838287045310068, 18.931149758997229 ], [ 72.838299403709073, 18.931159059407669 ], [ 72.83832982683235, 18.931181955808341 ], [ 72.838598474256216, 18.931384136859194 ], [ 72.838604154285449, 18.931388411352366 ], [ 72.838680669931946, 18.931297292804263 ], [ 72.838683865621221, 18.931298639772894 ], [ 72.838950439567554, 18.93141096836835 ], [ 72.838970786576937, 18.931439884062275 ], [ 72.838962060016541, 18.931446276866076 ], [ 72.838958744552116, 18.931448705958065 ], [ 72.838939659882939, 18.931419207008751 ], [ 72.838923720411913, 18.931438140703076 ], [ 72.838855775462477, 18.931522591053795 ], [ 72.83882562332299, 18.931560069363041 ], [ 72.838802105858363, 18.93158929958156 ], [ 72.838784037539455, 18.9316117564791 ], [ 72.838660840736054, 18.931764882179479 ], [ 72.838660520289949, 18.931801367610241 ], [ 72.838659886336188, 18.931873503936082 ], [ 72.838659770441453, 18.931886715534525 ], [ 72.838659411457073, 18.931927523538281 ], [ 72.838658136686973, 18.93207254942995 ], [ 72.838728093305775, 18.932134828090167 ], [ 72.838779182454815, 18.932180310185291 ], [ 72.838769667798786, 18.93221548985672 ], [ 72.838727392001061, 18.932358629821714 ], [ 72.838709326876312, 18.932419484500166 ], [ 72.838697202118979, 18.932460326121969 ], [ 72.83872009808573, 18.932472990212215 ], [ 72.83874191599574, 18.932485193719273 ], [ 72.838757872629202, 18.93249422260299 ], [ 72.838792781680411, 18.932513747850098 ], [ 72.83881869723055, 18.932528243705516 ], [ 72.838829436090393, 18.9325342499844 ], [ 72.838889529102303, 18.932567811812998 ], [ 72.838939274686183, 18.932595635665244 ], [ 72.838985777032406, 18.932621749776896 ], [ 72.83898451666461, 18.932673674596337 ], [ 72.838984413905621, 18.9326778988695 ], [ 72.838982549711673, 18.932754696165098 ], [ 72.838981711046685, 18.932789263350834 ], [ 72.838981418366799, 18.932801314002738 ], [ 72.83898152379524, 18.932825875890249 ], [ 72.838981731663779, 18.932874567869952 ], [ 72.838981900769539, 18.932892557445051 ], [ 72.838982099966813, 18.932913741313207 ], [ 72.838982367762071, 18.932942209000405 ], [ 72.838982739302466, 18.932981647137577 ], [ 72.838983150998274, 18.933027776220911 ], [ 72.838983546139005, 18.933066929201285 ], [ 72.838983862417848, 18.933112137649559 ], [ 72.838984183685668, 18.933157991086482 ], [ 72.838985224422203, 18.933241028552661 ], [ 72.838985570470214, 18.933296095573123 ], [ 72.838986101935191, 18.933336825433802 ], [ 72.838986335685476, 18.933368676351169 ], [ 72.838986648854942, 18.933411396269104 ], [ 72.838986676780351, 18.933414611311893 ], [ 72.838987125332707, 18.933465399859902 ], [ 72.83898742568401, 18.933499377836931 ], [ 72.838987943250743, 18.93356752431405 ], [ 72.838988357365125, 18.933622169398372 ], [ 72.83898682282009, 18.933839033385233 ], [ 72.838986930015466, 18.933897317756681 ], [ 72.838986934367298, 18.93389934021592 ], [ 72.83900173588566, 18.933896423511449 ], [ 72.839279073412968, 18.933832260317377 ], [ 72.839685992121062, 18.933744392323408 ], [ 72.839917709121139, 18.933692720020911 ], [ 72.839914855784542, 18.933670580290791 ], [ 72.839915246810904, 18.933667558004959 ], [ 72.839916144379316, 18.933664635558024 ], [ 72.839917526634608, 18.933661888569667 ], [ 72.839919355622357, 18.933659389762269 ], [ 72.839921583990431, 18.933657204522685 ], [ 72.839924153102459, 18.933655389976924 ], [ 72.839926996857344, 18.933653993228177 ], [ 72.839970449365069, 18.933640068726824 ], [ 72.839972497777481, 18.933638959888793 ], [ 72.840015645906135, 18.933628110157454 ], [ 72.840175230764032, 18.933595314827745 ], [ 72.840349296899817, 18.933559401897238 ], [ 72.840576864346772, 18.933513059354084 ], [ 72.840780841176667, 18.933470325025919 ], [ 72.840787760256887, 18.933468898025406 ], [ 72.840947333127616, 18.933435982632421 ], [ 72.840989216888119, 18.933427342687867 ], [ 72.841235720973685, 18.93337315266972 ], [ 72.841300551353967, 18.933360557865758 ], [ 72.841380804966064, 18.933344967560938 ], [ 72.84147273245911, 18.933326527786143 ], [ 72.841532825975037, 18.933314473022975 ], [ 72.841546365468361, 18.933311739234828 ], [ 72.841612122471801, 18.933298461393072 ], [ 72.841648114845597, 18.933291194346864 ], [ 72.841734264339237, 18.933273799119306 ], [ 72.841743952127004, 18.933271790078603 ], [ 72.842010040313212, 18.933216603849811 ], [ 72.842169199273712, 18.933182702501469 ], [ 72.842176037056618, 18.93318220847793 ], [ 72.842179904818508, 18.933178238458716 ], [ 72.842214612120273, 18.933166597186815 ], [ 72.842216741001295, 18.933166168514109 ], [ 72.842218914119215, 18.933166064628434 ], [ 72.8422210773426, 18.93316628760984 ], [ 72.842223175672174, 18.933166833205426 ], [ 72.842225158044087, 18.933167686368876 ], [ 72.842226974413208, 18.933168826646146 ], [ 72.842228579595769, 18.933170224607075 ], [ 72.842247592700801, 18.933165899660427 ], [ 72.842265634191207, 18.933158737993114 ], [ 72.842282242271025, 18.933148924822195 ], [ 72.842296987514857, 18.933136711679925 ], [ 72.84230949189562, 18.933122413021902 ], [ 72.842319434606608, 18.933106396358848 ], [ 72.842333778399578, 18.93301622489372 ], [ 72.842359490528196, 18.932863858519248 ], [ 72.842361913220643, 18.932849498579642 ], [ 72.84236325609767, 18.932842350399262 ], [ 72.842376243023438, 18.93277319478365 ], [ 72.842382536734689, 18.932739683666551 ], [ 72.842390561616, 18.932694658884412 ], [ 72.842410143662249, 18.932584781265657 ], [ 72.842444245723783, 18.932393389296827 ], [ 72.842475422108762, 18.932224546736872 ], [ 72.842497837024453, 18.932092526865127 ], [ 72.842503220569185, 18.93206971698238 ], [ 72.842522138687244, 18.931989566224452 ], [ 72.842525864105667, 18.931969480272841 ], [ 72.842533151721796, 18.931930191671324 ], [ 72.842550730295685, 18.931835423127186 ], [ 72.842562613180377, 18.931771360800255 ], [ 72.842595396613277, 18.93159982979288 ], [ 72.842610671527893, 18.931519905813914 ], [ 72.842647905964711, 18.931319228474475 ], [ 72.842655998772841, 18.931272743871379 ], [ 72.842681663741033, 18.931125323115634 ], [ 72.842685123927311, 18.931115833899771 ], [ 72.842685985767616, 18.931113471042806 ], [ 72.842686740379918, 18.931111401403527 ], [ 72.842687991665429, 18.931107021566095 ], [ 72.84269002064606, 18.931102913623747 ], [ 72.842692766868282, 18.931099202427358 ], [ 72.842695955469765, 18.931096152147038 ], [ 72.84269962787657, 18.931093641323621 ], [ 72.842703683545068, 18.931091738339266 ], [ 72.842708011712489, 18.931090494295198 ], [ 72.842709992198522, 18.931090162344503 ], [ 72.842765230375406, 18.931099859996188 ], [ 72.842785353492957, 18.931103392747886 ], [ 72.842801202536123, 18.931106174857824 ], [ 72.84290173006795, 18.931123823100034 ], [ 72.842902230112571, 18.931123911112238 ], [ 72.842902434678905, 18.931123946911963 ], [ 72.84294328954536, 18.931131219987133 ], [ 72.843023084399874, 18.931145424991577 ], [ 72.84304961472958, 18.931149908388544 ], [ 72.84325087720228, 18.931183922526092 ], [ 72.843254897642012, 18.931184689175282 ], [ 72.8434164558753, 18.931215484722884 ], [ 72.843421111671105, 18.931216372566947 ], [ 72.843512799629323, 18.931232236738982 ], [ 72.843527439775798, 18.931234769885272 ], [ 72.843678250932697, 18.931260864322457 ], [ 72.84368986418005, 18.931262873601966 ], [ 72.843772335589094, 18.931278583539733 ], [ 72.84378606725555, 18.931281199142276 ], [ 72.843789418572115, 18.931282479187129 ], [ 72.843792632362295, 18.931284046678609 ], [ 72.843795523134702, 18.931285784745704 ], [ 72.8438003667641, 18.93128956521738 ], [ 72.843804515312357, 18.93129403222132 ], [ 72.843807862996968, 18.931299070716342 ], [ 72.843810325088512, 18.931304552356981 ], [ 72.843811838836515, 18.931310337310752 ], [ 72.843812364372084, 18.931316277881784 ], [ 72.843801227399325, 18.931374773141691 ], [ 72.843792870082396, 18.93141866869459 ], [ 72.843784315299416, 18.931463601611075 ], [ 72.843782876126653, 18.931471158772634 ], [ 72.843781219618378, 18.931480414258896 ], [ 72.843779931213888, 18.931487613672843 ], [ 72.843750410846241, 18.931652533082762 ], [ 72.843743518733419, 18.931693274293259 ], [ 72.843739341303774, 18.931717971624415 ], [ 72.843728804807171, 18.931780261250498 ], [ 72.843728748342571, 18.931780592996233 ], [ 72.843681560811802, 18.932056462083377 ], [ 72.843646765889048, 18.932249593278453 ], [ 72.843630452202746, 18.932340146681497 ], [ 72.843628067787478, 18.932353530662454 ], [ 72.84362488137026, 18.932371418942278 ], [ 72.843611115841014, 18.932448696849089 ], [ 72.843586607612608, 18.932586273870694 ], [ 72.843550655077806, 18.93277513627234 ], [ 72.84353438981519, 18.932868931136433 ], [ 72.84349785879489, 18.933065207120116 ], [ 72.843493288236743, 18.933089761665869 ], [ 72.843489085243036, 18.933116220957398 ], [ 72.843474650456287, 18.93320709424815 ], [ 72.843404457943976, 18.933392689702497 ], [ 72.843376725760066, 18.933544168376493 ], [ 72.843342669617542, 18.933730188475682 ], [ 72.843320873333795, 18.933849241145985 ], [ 72.843268672056581, 18.93413437246836 ], [ 72.843230250609651, 18.934344233143371 ], [ 72.8431529611223, 18.934767583077832 ], [ 72.843118137448911, 18.934958327259316 ], [ 72.843100765529968, 18.93505945722573 ], [ 72.843082891321771, 18.93515823195116 ], [ 72.843049961768571, 18.935340205736523 ], [ 72.843043454294516, 18.935376168558943 ], [ 72.84301114199809, 18.93554547578055 ], [ 72.843004092818532, 18.935546827277097 ], [ 72.843003929876303, 18.935548501843602 ], [ 72.843002934276825, 18.935558764011081 ], [ 72.843008446587945, 18.935559783778306 ], [ 72.843003093545065, 18.935585532343488 ], [ 72.842987523915681, 18.935585351257284 ], [ 72.842967342359103, 18.935631480266157 ], [ 72.84295886453971, 18.935665796093026 ], [ 72.842959484767817, 18.935714318622878 ], [ 72.842959867016233, 18.935744196782576 ], [ 72.843000376123868, 18.935725339855324 ], [ 72.843043440710915, 18.935712602459084 ], [ 72.843088045987642, 18.935706286223468 ], [ 72.843133141162127, 18.935706539708402 ], [ 72.843174656267337, 18.935724057220526 ], [ 72.843213430603939, 18.935746555976451 ], [ 72.843248807478972, 18.935773653485679 ], [ 72.84325600753921, 18.935781101546535 ], [ 72.84325634260567, 18.935780437026278 ], [ 72.843277086039407, 18.935801419957979 ], [ 72.843302957851151, 18.935742451217614 ], [ 72.843307352125493, 18.935634956749094 ], [ 72.843292788511889, 18.935634787387173 ], [ 72.843293640408064, 18.93560755298229 ], [ 72.843301179392128, 18.93560716192296 ], [ 72.84330255164825, 18.93557473888584 ], [ 72.843309471342423, 18.935542965676326 ], [ 72.843321753818373, 18.935512694635907 ], [ 72.843339068738175, 18.935484739377706 ], [ 72.843360949863168, 18.935459852318719 ], [ 72.84338853714155, 18.93543752101229 ], [ 72.843419776834523, 18.93542008180868 ], [ 72.84345372148448, 18.935408062938951 ], [ 72.843489342203654, 18.935401829099977 ], [ 72.843525559206498, 18.935401569163968 ], [ 72.843561275096462, 18.935407291145985 ], [ 72.843595406196471, 18.935418821664886 ], [ 72.843626918555529, 18.935435810878221 ], [ 72.843654856281276, 18.935457743650687 ], [ 72.843678372662325, 18.935483955271184 ], [ 72.843694126563804, 18.935508596182245 ], [ 72.843705950774009, 18.93553515329674 ], [ 72.843707998829487, 18.935551667138569 ], [ 72.843785530567303, 18.935850828013173 ], [ 72.843817022993633, 18.935975539607192 ], [ 72.843884395338534, 18.93624233121912 ], [ 72.843924626431374, 18.936401643755548 ], [ 72.843948341873414, 18.936495167269083 ], [ 72.844030573103666, 18.93681945559489 ], [ 72.844042237990834, 18.936865455459589 ], [ 72.844125317864155, 18.937201963081474 ], [ 72.844163201881457, 18.937361570772119 ], [ 72.844249846615227, 18.937713892646023 ], [ 72.844288805176959, 18.93787092586075 ], [ 72.844294978462926, 18.937895810351939 ], [ 72.844299139106184, 18.937923821136053 ], [ 72.844306176034578, 18.93796261874277 ], [ 72.844346908030374, 18.938135165392321 ], [ 72.844378174641534, 18.938260364787194 ], [ 72.844397502349722, 18.938337755511427 ], [ 72.844500264872266, 18.938749239854964 ], [ 72.844622342441156, 18.939217405546181 ], [ 72.844726332904088, 18.939627286349641 ], [ 72.844729529831596, 18.939639793102131 ], [ 72.844759491487096, 18.939757021325764 ], [ 72.84483036056848, 18.94003430058833 ], [ 72.8449593488684, 18.940551300297415 ], [ 72.844967219490442, 18.940581885147797 ], [ 72.845047622077388, 18.94089432100867 ], [ 72.84511591781019, 18.941164258365333 ], [ 72.845158054200525, 18.941330804590404 ], [ 72.845191731948944, 18.941465985935242 ], [ 72.845199365368998, 18.941516979136825 ], [ 72.845218151757948, 18.941638365250832 ], [ 72.845222611359105, 18.941668613278608 ], [ 72.845225775972551, 18.941690076441784 ], [ 72.845231046182946, 18.941712267720501 ], [ 72.845267951273868, 18.94186765741059 ], [ 72.845396703383045, 18.942344504930222 ], [ 72.845446790459093, 18.94253751528894 ], [ 72.845500090495833, 18.942742907018818 ], [ 72.84559626537964, 18.943128300426434 ], [ 72.845596611170876, 18.943129685539283 ], [ 72.845613317172877, 18.943196630167463 ], [ 72.845656893232174, 18.943365707759494 ], [ 72.845657809223709, 18.943369261918395 ], [ 72.845726002329727, 18.943633856954417 ], [ 72.845787067301771, 18.943866147823766 ], [ 72.845847939222182, 18.944113492086942 ], [ 72.845840901053478, 18.944133485404556 ], [ 72.845862669624765, 18.944433432263722 ], [ 72.845871214408277, 18.944549530851045 ], [ 72.845845018755284, 18.944817324998535 ], [ 72.84584408240498, 18.94482689506599 ], [ 72.845835078019888, 18.94491894800576 ], [ 72.845826530447241, 18.945046707859984 ], [ 72.84582127725389, 18.945113563507086 ], [ 72.845823719282762, 18.945167962204028 ], [ 72.845824377171809, 18.945176908574116 ], [ 72.845825973431175, 18.945198612745049 ], [ 72.845830669484144, 18.94526244425165 ], [ 72.845834011574638, 18.945327482143927 ], [ 72.845834906304603, 18.945344897582807 ], [ 72.845836944257741, 18.945384552984525 ], [ 72.845839560087597, 18.94543546889831 ], [ 72.84584624426752, 18.945565544681411 ], [ 72.845698048653759, 18.945566212551984 ], [ 72.845725984492347, 18.945689019222048 ], [ 72.845727835336646, 18.945690665707414 ], [ 72.845796757711412, 18.945751979185886 ], [ 72.845788473402678, 18.94576144218302 ], [ 72.845772662299353, 18.945748936081888 ], [ 72.845747796816099, 18.945729268440314 ], [ 72.845719475917278, 18.945706868002357 ], [ 72.845721909365182, 18.94571726126399 ], [ 72.845726760069823, 18.945737978047507 ], [ 72.845787933145772, 18.945999230722023 ], [ 72.845607243481055, 18.946036563818794 ], [ 72.845389235112563, 18.946080444314688 ], [ 72.845217943789521, 18.946114920832297 ], [ 72.845141385795444, 18.946130330326064 ], [ 72.845194623216813, 18.946336480158514 ], [ 72.845196526882603, 18.946343550472889 ], [ 72.845211201846254, 18.94639804167705 ], [ 72.845222521559549, 18.946440075775737 ], [ 72.84524343847437, 18.946517752310008 ], [ 72.845284524025885, 18.94667031823025 ], [ 72.845356111831578, 18.946963315404663 ], [ 72.845356474138384, 18.946964893105655 ], [ 72.845386759066756, 18.947096740807901 ], [ 72.845389885031835, 18.947110348716919 ], [ 72.845441150792055, 18.947333542808611 ], [ 72.845444860247952, 18.947348655114691 ], [ 72.84544655590912, 18.947364090867342 ], [ 72.845446210521303, 18.947379606771158 ], [ 72.845440107154033, 18.947387327401216 ], [ 72.845432905747458, 18.947394138324455 ], [ 72.845424754290505, 18.947399899448165 ], [ 72.84541582138678, 18.947404491694396 ], [ 72.8454062895525, 18.947407821438393 ], [ 72.84520860912103, 18.947447944505054 ], [ 72.845201653599759, 18.947449873414094 ], [ 72.845194461523249, 18.947450707524293 ], [ 72.845187222061739, 18.947450426453127 ], [ 72.845180125947465, 18.947449036030946 ], [ 72.845173358761087, 18.947446573642562 ], [ 72.845167098130545, 18.947443104581573 ], [ 72.845161508082583, 18.947438718371686 ], [ 72.845156736172086, 18.947433530539865 ], [ 72.84515316663871, 18.947428149837972 ], [ 72.845150479984667, 18.947422322347155 ], [ 72.845148737172082, 18.947416179749705 ], [ 72.845077841124549, 18.947133574509682 ], [ 72.845067669896679, 18.947093031498802 ], [ 72.845059692249563, 18.94706122960255 ], [ 72.845057941209802, 18.947054249581456 ], [ 72.845028580593308, 18.94706032323996 ], [ 72.845026091587854, 18.947060838972796 ], [ 72.844880973162788, 18.947090860954578 ], [ 72.844683336388641, 18.947131748153183 ], [ 72.844587914505269, 18.947150714582033 ], [ 72.844585703657117, 18.947151154959045 ], [ 72.844459996238072, 18.947176141691074 ], [ 72.84429429196048, 18.94720907800658 ], [ 72.843950669483775, 18.947279403018239 ], [ 72.843888219725244, 18.94729218404354 ], [ 72.843881818336328, 18.947301668840016 ], [ 72.843847204014708, 18.947307838360061 ], [ 72.843841599807391, 18.94730418811023 ], [ 72.843781103631102, 18.947316602515048 ], [ 72.843560557122061, 18.947361861134915 ], [ 72.843539179730826, 18.947426903152881 ], [ 72.843536290099607, 18.947435694436138 ], [ 72.843511916308927, 18.947509856181458 ], [ 72.84350792320258, 18.947522002901849 ], [ 72.843397500036261, 18.947857972996125 ], [ 72.843383978396034, 18.947899114759117 ], [ 72.843363439601191, 18.947961603935628 ], [ 72.843297717251573, 18.948161568210693 ], [ 72.843286080549476, 18.948196971772486 ], [ 72.843284385278196, 18.948202129561921 ], [ 72.843279852692376, 18.948215920261692 ], [ 72.843273008386916, 18.94823674307867 ], [ 72.843267194446838, 18.948254433618882 ], [ 72.843537309254131, 18.948193161894469 ], [ 72.843643193364926, 18.948169143884353 ], [ 72.844398837970104, 18.948000000879027 ], [ 72.845266724839604, 18.947817448893993 ], [ 72.8454616697516, 18.947775263464273 ], [ 72.845492324763555, 18.947774187208392 ], [ 72.845515803152537, 18.947784497203454 ], [ 72.845558816999244, 18.947955634980513 ], [ 72.845632650880688, 18.948224953796988 ], [ 72.845637034498907, 18.948240942879075 ], [ 72.845661475485485, 18.948372676568681 ], [ 72.845675544629515, 18.948438662904081 ], [ 72.845685995574513, 18.948487676364426 ], [ 72.845702921986145, 18.948577852858318 ], [ 72.845709701286552, 18.948607327546547 ], [ 72.845731677197818, 18.948685732652077 ], [ 72.845762954156513, 18.948802603959734 ], [ 72.845776642581924, 18.948851516846023 ], [ 72.845781502916239, 18.948883837099544 ], [ 72.845786431332286, 18.948910780097631 ], [ 72.845797570433064, 18.94895285272657 ], [ 72.845838435776486, 18.949108590103588 ], [ 72.845879716277054, 18.949271037245779 ], [ 72.845883639541753, 18.949281109097502 ], [ 72.84601997363211, 18.949363677699377 ], [ 72.846140270824179, 18.949464183885997 ], [ 72.846271567984772, 18.94959181284695 ], [ 72.846325491833241, 18.949653370187136 ], [ 72.846332232373172, 18.949665017547989 ], [ 72.846366556597204, 18.949801161068578 ], [ 72.846422009191159, 18.950027789111942 ], [ 72.846087918511472, 18.950101033950677 ], [ 72.846117202412756, 18.950219378777373 ], [ 72.846164897224369, 18.950418922603067 ], [ 72.846201964607744, 18.950563001605033 ], [ 72.846242869995891, 18.950723876276971 ], [ 72.846267224524169, 18.950822384083487 ], [ 72.846299871359903, 18.950950025551801 ], [ 72.846357222064995, 18.951178329554274 ], [ 72.846387347236018, 18.951296979503724 ], [ 72.846400548737293, 18.951354490318824 ], [ 72.846411513270851, 18.951410183058524 ], [ 72.846453365903272, 18.951583817414249 ], [ 72.846493426514058, 18.95175026081407 ], [ 72.846509935702088, 18.951814262995601 ], [ 72.846522555210427, 18.951829107584981 ], [ 72.846537471504149, 18.951841110992135 ], [ 72.846634840070706, 18.951857657539101 ], [ 72.84665889385667, 18.95186223838602 ], [ 72.846671995057662, 18.951868843548628 ], [ 72.846682451204032, 18.951876135170163 ], [ 72.846695478816528, 18.951888474314163 ], [ 72.846702048092098, 18.951905041577515 ], [ 72.846708948197957, 18.951925196845497 ], [ 72.846711083982868, 18.951934900160374 ], [ 72.846709673852146, 18.951956751853732 ], [ 72.846704991754933, 18.951970737823256 ], [ 72.846697981280613, 18.951983813344079 ], [ 72.846688830128144, 18.951995629226197 ], [ 72.846677781534339, 18.952005873055647 ], [ 72.846665129504785, 18.952014270945472 ], [ 72.846651210120598, 18.95202059917742 ], [ 72.846638374363366, 18.952022601611549 ], [ 72.846596225008014, 18.952018885380063 ], [ 72.846364244369695, 18.951981416617695 ], [ 72.846361563126123, 18.951985143949255 ], [ 72.846345831357041, 18.95200701346814 ], [ 72.846393752215107, 18.952206887782634 ], [ 72.846414443191208, 18.952209278908864 ], [ 72.846438083377393, 18.952216723755228 ], [ 72.846475179568287, 18.952232569076781 ], [ 72.846516602496223, 18.952263522117779 ], [ 72.846566817917605, 18.952313934316471 ], [ 72.84661029020117, 18.952361401182038 ], [ 72.846655042482325, 18.952426448731703 ], [ 72.846720401165641, 18.952706108799187 ], [ 72.846770815852253, 18.95291712492196 ], [ 72.846832164508626, 18.953156946786443 ], [ 72.846888753529925, 18.953385959049992 ], [ 72.846916385086104, 18.953493467097836 ], [ 72.846933248368032, 18.953559265454899 ], [ 72.846933018361568, 18.953577187199009 ], [ 72.846924900489682, 18.953622620209728 ], [ 72.846916901257615, 18.953658734696422 ], [ 72.846909531865492, 18.953675139100817 ], [ 72.846867711713159, 18.953763199475237 ], [ 72.846834908960545, 18.953823759894242 ], [ 72.846807583199649, 18.953868612014521 ], [ 72.846789165409163, 18.953894567433625 ], [ 72.846767030910328, 18.953916536002314 ], [ 72.846751410965979, 18.953929976656653 ], [ 72.846735841618411, 18.953939475140505 ], [ 72.846721071930702, 18.953945397851662 ], [ 72.846695019660885, 18.953949755068003 ], [ 72.846730794704854, 18.954095186552422 ], [ 72.846731543532584, 18.954098233841329 ], [ 72.846982423771763, 18.954043074347059 ], [ 72.847062237635143, 18.954027970501585 ], [ 72.847073445082415, 18.954025848870597 ], [ 72.847089044297789, 18.954028447247232 ], [ 72.847103988224546, 18.954033432568437 ], [ 72.847117877015322, 18.954040671021868 ], [ 72.847130339125357, 18.954049968605236 ], [ 72.847141038836526, 18.954061076633309 ], [ 72.847149691386292, 18.95407369642993 ], [ 72.84715767513913, 18.954097449343589 ], [ 72.847156925732492, 18.954126477940811 ], [ 72.847154072707966, 18.95414329342201 ], [ 72.847137997743332, 18.954162823161244 ], [ 72.847121941168382, 18.954180919628705 ], [ 72.847099587188026, 18.954190697011324 ], [ 72.847042156385825, 18.954203294222197 ], [ 72.846773672219427, 18.954263507132097 ], [ 72.846793894038427, 18.954348105363938 ], [ 72.846815540920872, 18.954434988255194 ], [ 72.846816467225281, 18.954438705119887 ], [ 72.846838824757555, 18.954434201988608 ], [ 72.846861519053505, 18.954431641176829 ], [ 72.846893421132847, 18.954431354287888 ], [ 72.846910346018149, 18.95443370162263 ], [ 72.846945567786634, 18.954448808823518 ], [ 72.84700954372569, 18.954483966607896 ], [ 72.847065199174367, 18.954521537876996 ], [ 72.847101771897982, 18.954548848519277 ], [ 72.847128237517182, 18.954571024083801 ], [ 72.847149751088125, 18.954597443465513 ], [ 72.847178734929514, 18.954628968183151 ], [ 72.847207097220888, 18.954679484980169 ], [ 72.847219896018331, 18.954709746768636 ], [ 72.847244187064462, 18.954813272321225 ], [ 72.847274248858113, 18.954936940009723 ], [ 72.847289330363111, 18.954994831231748 ], [ 72.847331983112227, 18.955164890623291 ], [ 72.847386772807511, 18.955387428971932 ], [ 72.847427694311151, 18.955545637257064 ], [ 72.847460277240344, 18.955678296427863 ], [ 72.84749113432882, 18.955798747773478 ], [ 72.847534504281398, 18.955971682440715 ], [ 72.847589014149435, 18.956186689686469 ], [ 72.847630922930733, 18.956356022304075 ], [ 72.847656294263913, 18.956463504040073 ], [ 72.847692425037863, 18.956613411628613 ], [ 72.847744762561277, 18.956821582987939 ], [ 72.847803889257136, 18.957058511008107 ], [ 72.84785285025788, 18.957265566436995 ], [ 72.847890432500137, 18.957419793124242 ], [ 72.847944272559687, 18.95763223448651 ], [ 72.847961122240648, 18.957700031566898 ], [ 72.84797723438075, 18.95776486188209 ], [ 72.848012394045242, 18.957902368053855 ], [ 72.848022822554455, 18.957950765162124 ], [ 72.848024010692669, 18.957956275338962 ], [ 72.848023501614691, 18.957976344522724 ], [ 72.848020996245452, 18.957981822637777 ], [ 72.848017579781285, 18.957986834923876 ], [ 72.848013344146679, 18.957991246055485 ], [ 72.848008405760169, 18.957994935443775 ], [ 72.848002897847977, 18.957997804373615 ], [ 72.847996969529532, 18.957999773283063 ], [ 72.847873154373417, 18.958026854812839 ], [ 72.847735508200742, 18.958056962307626 ], [ 72.847764400846529, 18.958193521345631 ], [ 72.84719456666879, 18.958322647282543 ], [ 72.847046350301, 18.958355771159034 ], [ 72.846964829189531, 18.95837398930405 ], [ 72.846965264795159, 18.958379251373927 ], [ 72.846927488264839, 18.95838693814293 ], [ 72.846923589635594, 18.958383138862423 ], [ 72.846923518376812, 18.95838306938608 ], [ 72.846905493216354, 18.958387123322812 ], [ 72.846383926815861, 18.958504418392462 ], [ 72.846403244455516, 18.958604061782378 ], [ 72.846478758447589, 18.958904632270759 ], [ 72.846508148932742, 18.959024524727365 ], [ 72.846509308970411, 18.959029262290937 ], [ 72.846823195120393, 18.958958346034404 ], [ 72.847264535854094, 18.958859752836098 ], [ 72.847653469730602, 18.958773455568938 ], [ 72.847873633609737, 18.958724391554838 ], [ 72.848050490259354, 18.95868342875486 ], [ 72.848142222674383, 18.958662844755839 ], [ 72.848151758857625, 18.958660704577877 ], [ 72.848169350522852, 18.958659953246524 ], [ 72.848175458211543, 18.958661246305535 ], [ 72.848184079729791, 18.958664097791939 ], [ 72.848192127016929, 18.958668197245586 ], [ 72.848199401063923, 18.958673442995813 ], [ 72.848205724091954, 18.958679706520584 ], [ 72.848209008909379, 18.958687989688837 ], [ 72.848243848981951, 18.95885042950734 ], [ 72.848302406571975, 18.959131803291172 ], [ 72.848356045508226, 18.95938551611642 ], [ 72.848411856328852, 18.959646065691192 ], [ 72.84844539721675, 18.959792358966698 ], [ 72.848492535032321, 18.959994733186321 ], [ 72.848550451094624, 18.960238099963878 ], [ 72.848605951066745, 18.960464231446419 ], [ 72.848663803012982, 18.960712616010589 ], [ 72.848730962950441, 18.960969712273208 ], [ 72.848773924980549, 18.961145152235847 ], [ 72.848810498555139, 18.96129004540628 ], [ 72.848831185505148, 18.961380982630505 ], [ 72.848877001528862, 18.961569002095871 ], [ 72.848889937835722, 18.961617906130318 ], [ 72.848957167119963, 18.9618990219175 ], [ 72.849013011672042, 18.96212766661484 ], [ 72.849075385740221, 18.962376103626291 ], [ 72.849126526550776, 18.962589637136858 ], [ 72.84916193328398, 18.962737385498087 ], [ 72.849169448803821, 18.962768303059974 ], [ 72.849169274094209, 18.962781923194694 ], [ 72.849164978953524, 18.962793703403861 ], [ 72.849156051610379, 18.962802981973127 ], [ 72.849148949175898, 18.9628083958793 ], [ 72.84913844992964, 18.962814249073624 ], [ 72.849074815737183, 18.962830478021928 ], [ 72.848975820467288, 18.962852152192543 ], [ 72.848898615312677, 18.962868940676 ], [ 72.848825194523386, 18.962884458822799 ], [ 72.848775295622673, 18.962895750044463 ], [ 72.848734825192437, 18.962904287399699 ], [ 72.848298055624653, 18.962998156233013 ], [ 72.847826518633056, 18.963100222737523 ], [ 72.847468336708147, 18.963177316670034 ], [ 72.847527032312613, 18.963416092389316 ], [ 72.847627874209024, 18.963453612539016 ], [ 72.847692888552302, 18.963737551779712 ], [ 72.848006248354295, 18.963680069656025 ], [ 72.848315468522486, 18.963621046698034 ], [ 72.848717455620942, 18.963536333263953 ], [ 72.848996561551544, 18.9634750480494 ], [ 72.84937136936442, 18.963394319761072 ], [ 72.849444495754668, 18.963685780392595 ], [ 72.84949221971047, 18.963881827584856 ], [ 72.849550582231146, 18.964188412698785 ], [ 72.849605068692398, 18.964483958241264 ], [ 72.849659627884677, 18.964773769780813 ], [ 72.849687284508093, 18.964928478110004 ], [ 72.849707313325538, 18.964927181410133 ], [ 72.849713527037906, 18.964931478127834 ], [ 72.849718876035695, 18.964936723172212 ], [ 72.849723202802735, 18.96494276206257 ], [ 72.849726379573781, 18.964949415372121 ], [ 72.849728313914241, 18.964956487825471 ], [ 72.849728946775343, 18.964963771889011 ], [ 72.849728261002667, 18.964971050579617 ], [ 72.849726276416149, 18.964978110956409 ], [ 72.849723051720233, 18.964984743239757 ], [ 72.849718680544626, 18.964990753410984 ], [ 72.849713294292201, 18.964995963245496 ], [ 72.849707049682863, 18.965000219200824 ], [ 72.849700132504168, 18.965003396073278 ], [ 72.849692745224829, 18.965005400467124 ], [ 72.849423358343174, 18.965052938751082 ], [ 72.84942911116454, 18.965074514131278 ], [ 72.849414433641996, 18.965082947318681 ], [ 72.849180710840415, 18.965130899338543 ], [ 72.849173451592435, 18.965109306459652 ], [ 72.84911397720613, 18.965124388627558 ], [ 72.849091690950161, 18.965138469168025 ], [ 72.849083764021074, 18.965129773499008 ], [ 72.849030813366497, 18.965145410131424 ], [ 72.848931024668687, 18.965170062040691 ], [ 72.84874060436556, 18.965210390612551 ], [ 72.848438855081639, 18.965274280901934 ], [ 72.848199899887589, 18.965338421506392 ], [ 72.848017976756807, 18.965382193718746 ], [ 72.848001273360182, 18.965384619110225 ], [ 72.847985074982617, 18.965389193817877 ], [ 72.847969685581944, 18.965395831950271 ], [ 72.847955395364224, 18.965404409519135 ], [ 72.847940325986798, 18.965415331040642 ], [ 72.847927433681761, 18.965428536021982 ], [ 72.847917096501007, 18.965443639548869 ], [ 72.847909617287186, 18.965460198927421 ], [ 72.847905214933391, 18.965477728938041 ], [ 72.847904018501936, 18.965495716219166 ], [ 72.847906062292637, 18.96551363366234 ], [ 72.847911287520787, 18.965530957593582 ], [ 72.847919540244618, 18.965547181298376 ], [ 72.847930579746162, 18.965561827764812 ], [ 72.847944082073099, 18.965574469596572 ], [ 72.847959651336836, 18.965584736370435 ], [ 72.847976832851472, 18.965592326531503 ], [ 72.847995123424738, 18.965597019255249 ], [ 72.848036833892849, 18.965596069512884 ], [ 72.848046941165947, 18.96559140686751 ], [ 72.848284217609248, 18.965540630687002 ], [ 72.848798662108337, 18.965423287344315 ], [ 72.849040513705773, 18.965368261033884 ], [ 72.849060453825359, 18.96534124829029 ], [ 72.8490977042878, 18.965335466420797 ], [ 72.849109489980776, 18.965356634944175 ], [ 72.849148296901689, 18.965347047613591 ], [ 72.849147396827419, 18.965338911376872 ], [ 72.849222523442933, 18.965317797398647 ], [ 72.849221683729581, 18.965304881777122 ], [ 72.849228525958964, 18.965303996544318 ], [ 72.849235430075211, 18.965304133624233 ], [ 72.849242228095946, 18.965305288356372 ], [ 72.849248754215338, 18.965307434427146 ], [ 72.8492548515067, 18.965310519431387 ], [ 72.849260370938609, 18.965314467570686 ], [ 72.849265178922508, 18.96531918335414 ], [ 72.849269158250308, 18.965324552512403 ], [ 72.849515977880827, 18.965273884598876 ], [ 72.849535066353994, 18.965274106233405 ], [ 72.849542496340106, 18.965282318287656 ], [ 72.849714195450801, 18.965252287360652 ], [ 72.849716383801081, 18.965251769000602 ], [ 72.849718633953913, 18.965251613567979 ], [ 72.84972087749378, 18.965251825688064 ], [ 72.849723051851299, 18.965252398311577 ], [ 72.849725089815038, 18.965253316205946 ], [ 72.849726934777479, 18.965254551615985 ], [ 72.849728530246935, 18.96525606775517 ], [ 72.849729831215413, 18.965257820744156 ], [ 72.849730798463071, 18.965259759544725 ], [ 72.84973140330446, 18.965261826014753 ], [ 72.84973162940598, 18.965263961252273 ], [ 72.84973589844013, 18.965361996276584 ], [ 72.849714641973534, 18.965374176633873 ], [ 72.849692534424975, 18.965374398696579 ], [ 72.849693875390727, 18.965387319235372 ], [ 72.849243262595309, 18.965502537620566 ], [ 72.849319709695862, 18.965770138245237 ], [ 72.84953535625128, 18.965721498414702 ], [ 72.849548127421741, 18.965783306383521 ], [ 72.848896863374804, 18.965953073501737 ], [ 72.8489670735066, 18.966197657924713 ], [ 72.849373716786559, 18.966102961479439 ], [ 72.84964682986039, 18.966039215112922 ], [ 72.849670156790253, 18.966061473266564 ], [ 72.849666566185249, 18.96614555550039 ], [ 72.849690248672573, 18.966140094724167 ], [ 72.849682675050701, 18.966417235548633 ], [ 72.850112816897933, 18.966370606680453 ], [ 72.850409716580018, 18.966332469247547 ], [ 72.850398823502999, 18.966628977455851 ], [ 72.850394528337546, 18.966745892527832 ], [ 72.850392177261867, 18.966809890598039 ], [ 72.85037950175807, 18.967154912428853 ], [ 72.85053524235795, 18.967163826990252 ], [ 72.8505365925718, 18.967176031344426 ], [ 72.85092149113548, 18.967190535346866 ], [ 72.850921199544999, 18.967265341442321 ], [ 72.851436925762641, 18.967287071172581 ], [ 72.851403001458507, 18.967876026944101 ], [ 72.851380001495855, 18.968376921628401 ], [ 72.851350808893685, 18.968890650302381 ], [ 72.851153457368881, 18.968890493859817 ], [ 72.851132666881142, 18.969258202023742 ], [ 72.850645543151828, 18.969288026265435 ], [ 72.850594532472414, 18.969291990257847 ], [ 72.850610272886939, 18.969299018818042 ], [ 72.850618328437704, 18.969307477472821 ], [ 72.850619997564081, 18.969373218532908 ], [ 72.850672151962513, 18.969370836784883 ], [ 72.850677096831447, 18.969432561102685 ], [ 72.851173814541013, 18.96940342623536 ], [ 72.851658031382726, 18.969371762170358 ], [ 72.852068324265289, 18.969345691409963 ], [ 72.852546514077844, 18.969313955078245 ], [ 72.852973392310062, 18.969287358326525 ], [ 72.852995771222325, 18.969717082801839 ], [ 72.852382053761332, 18.969798153877434 ], [ 72.851704123724033, 18.969891382888139 ], [ 72.851026965311846, 18.969983183912397 ], [ 72.85030453174258, 18.970079476239412 ], [ 72.849739045128032, 18.97016038102884 ], [ 72.849370474025434, 18.970220154916234 ], [ 72.849293492491384, 18.970232639085467 ], [ 72.84907963287813, 18.970267410241437 ], [ 72.849098481382114, 18.97044476866219 ], [ 72.849102942375509, 18.970486741954772 ], [ 72.849344902446859, 18.970472822990647 ], [ 72.849367886216783, 18.970737173307167 ], [ 72.849367809396284, 18.970792140667985 ], [ 72.849450157569265, 18.970785926967075 ], [ 72.849471825491108, 18.970957055782492 ], [ 72.849246734563422, 18.970977742957292 ], [ 72.849274970401055, 18.971322216149311 ], [ 72.849298611967754, 18.97163317719605 ], [ 72.849331218926451, 18.972028486372089 ], [ 72.849345846863017, 18.972218469478417 ], [ 72.84932424323631, 18.972228256534123 ], [ 72.849332264060166, 18.97230793284325 ], [ 72.849770881052805, 18.972189350128279 ], [ 72.849837581398134, 18.97242385656525 ], [ 72.849659165845821, 18.97246767046439 ], [ 72.84932341140518, 18.972557335526716 ], [ 72.848883690215047, 18.972673753559587 ], [ 72.848747640852181, 18.972709723413846 ], [ 72.848800923586978, 18.97293260273333 ], [ 72.848817490652948, 18.973006386977605 ], [ 72.848852249415415, 18.973161195044973 ], [ 72.848945018346015, 18.97315546224818 ], [ 72.848965260251447, 18.973251771461189 ], [ 72.848880964133997, 18.97327265923921 ], [ 72.848899133430365, 18.973354246438223 ], [ 72.848908772774152, 18.973366547098284 ], [ 72.848909018155339, 18.973376794787413 ], [ 72.848910834809203, 18.973386898144469 ], [ 72.848914184698643, 18.973396639943761 ], [ 72.848918995495936, 18.97340581159385 ], [ 72.848925164345161, 18.973414215890944 ], [ 72.848932557804147, 18.973421671534712 ], [ 72.848940584841571, 18.973425701226866 ], [ 72.848949169821395, 18.973428499023886 ], [ 72.848958107569302, 18.973429998410083 ], [ 72.848967182074531, 18.973430163454903 ], [ 72.848976173134957, 18.973428988890184 ], [ 72.849177548353325, 18.973387234562317 ], [ 72.849193263651202, 18.973375160713882 ], [ 72.849210529958143, 18.973365186909188 ], [ 72.84922903927152, 18.973357491126244 ], [ 72.849248461327377, 18.973352210437653 ], [ 72.849478281744197, 18.973296088259591 ], [ 72.849483018163895, 18.973308690540559 ], [ 72.849727104202472, 18.97325667739862 ], [ 72.849936983317946, 18.973227568240596 ], [ 72.85017895949251, 18.973193095794919 ], [ 72.850319010598895, 18.973173212464335 ], [ 72.850600568805319, 18.973108011041667 ], [ 72.850608384642015, 18.973115629598979 ], [ 72.850832414437107, 18.97307019363766 ], [ 72.850854666113136, 18.973068659850593 ], [ 72.850866827897704, 18.973060555101306 ], [ 72.851068968988542, 18.973017732633611 ], [ 72.851397313340087, 18.972947695820501 ], [ 72.851639878212254, 18.972896737287183 ], [ 72.851941013399795, 18.972832836684585 ], [ 72.852369113496678, 18.97274101150192 ], [ 72.852732590950069, 18.97266385100437 ], [ 72.853011074987691, 18.972603270054101 ], [ 72.853308823070691, 18.972538969255442 ], [ 72.853322106124395, 18.972531595428553 ], [ 72.85335342693665, 18.97249861895207 ], [ 72.853354721876485, 18.97248572897939 ], [ 72.853321107351931, 18.972344812471068 ], [ 72.853269564204666, 18.972132709313549 ], [ 72.853269734092692, 18.972119446796682 ], [ 72.853273964978001, 18.972112685211762 ], [ 72.85328455577573, 18.972109581530894 ], [ 72.853672593910758, 18.972026968029805 ], [ 72.853688803695917, 18.97202643873813 ], [ 72.853740880756362, 18.972255756170593 ], [ 72.85378749452957, 18.972440916339796 ], [ 72.853832568774436, 18.972628567936038 ], [ 72.853854921863601, 18.972648543572262 ], [ 72.853862015422919, 18.972655487019367 ], [ 72.85386785736118, 18.972663414972754 ], [ 72.853872298324063, 18.972672127885616 ], [ 72.853875225354201, 18.972681401341557 ], [ 72.853930105178293, 18.972897845341709 ], [ 72.853962447332378, 18.973033553247369 ], [ 72.853963003278551, 18.973035884703069 ], [ 72.853976117479377, 18.973100564366653 ], [ 72.854044111441794, 18.973087371683889 ], [ 72.854084472242988, 18.973260629235956 ], [ 72.854017456401408, 18.973285663365466 ], [ 72.854036120830088, 18.973358293791165 ], [ 72.854045169264964, 18.973370060761827 ], [ 72.854052371166645, 18.973382929995022 ], [ 72.854057580802618, 18.973396641467144 ], [ 72.854060693491263, 18.973410917565023 ], [ 72.854101518470145, 18.973636160859844 ], [ 72.854112479029183, 18.973710064117945 ], [ 72.854127582294808, 18.973766521800378 ], [ 72.854128913974961, 18.973774336954246 ], [ 72.854128860058879, 18.97378225437657 ], [ 72.854127422430551, 18.973790052788484 ], [ 72.854124640911351, 18.973797514060635 ], [ 72.854120593144387, 18.973804432244528 ], [ 72.85411539082051, 18.973810611722186 ], [ 72.854109181380181, 18.973815882581498 ], [ 72.854102135719003, 18.973820096860695 ], [ 72.854094451880641, 18.973823136720476 ], [ 72.853816365813856, 18.973881930781186 ], [ 72.853373202179242, 18.973972867272888 ], [ 72.853024134849406, 18.974042667173947 ], [ 72.852695407187554, 18.974113061798025 ], [ 72.852387883224324, 18.974175455852357 ], [ 72.852087154690423, 18.97423685242229 ], [ 72.85182764809683, 18.97428653901213 ], [ 72.851494808146782, 18.974354373519226 ], [ 72.851164227330571, 18.974422233624122 ], [ 72.850881982180923, 18.97448205150862 ], [ 72.850496965321796, 18.974563617803746 ], [ 72.850243476871697, 18.974614088245431 ], [ 72.849977054221611, 18.974674087515034 ], [ 72.849732250109312, 18.974723224597884 ], [ 72.849509324564224, 18.974770464809048 ], [ 72.849336264487761, 18.974807887440598 ], [ 72.849329068981589, 18.974810671719556 ], [ 72.849325972129051, 18.974817088673458 ], [ 72.849326546458258, 18.974831076091146 ], [ 72.849355421369467, 18.974959390722077 ], [ 72.849409523473852, 18.975177260927019 ], [ 72.849432770626578, 18.975274321316117 ], [ 72.849437204763163, 18.975281184352053 ], [ 72.849443554537714, 18.975285559465721 ], [ 72.84945561532524, 18.975285341876862 ], [ 72.849672540129006, 18.975235881417731 ], [ 72.849983917189135, 18.975167083963282 ], [ 72.850234856751001, 18.975109771929315 ], [ 72.850389805166543, 18.97507428884396 ], [ 72.850397511237588, 18.975072485075675 ], [ 72.850405418121341, 18.975071828076924 ], [ 72.850413335759754, 18.975072330996436 ], [ 72.850421080091806, 18.975073983567668 ], [ 72.850428465540247, 18.975076745698697 ], [ 72.850435319181585, 18.975080553056397 ], [ 72.85045921543923, 18.975097680043209 ], [ 72.850899047190168, 18.975002410011346 ], [ 72.85091032203789, 18.975004692475959 ], [ 72.85091703952412, 18.975009789003629 ], [ 72.85092071538341, 18.975017000899864 ], [ 72.850965667190763, 18.975213972316126 ], [ 72.851036684601453, 18.975494056858921 ], [ 72.851215511362227, 18.975447736486558 ], [ 72.851213848571703, 18.975430509959899 ], [ 72.851451825694582, 18.975384876802202 ], [ 72.851733990508492, 18.975331511075513 ], [ 72.851954976970802, 18.975288547050422 ], [ 72.85213781936227, 18.97525231124505 ], [ 72.85237241071998, 18.975206278978316 ], [ 72.852609648347752, 18.97515955990324 ], [ 72.852814428982157, 18.975116765429561 ], [ 72.852995755360013, 18.975081227449973 ], [ 72.853281392054924, 18.975021446592272 ], [ 72.853615455433669, 18.974946453871979 ], [ 72.853952859011315, 18.974875442004596 ], [ 72.854243416548641, 18.974813923653258 ], [ 72.854619000224929, 18.974733315922091 ], [ 72.854883505543441, 18.974675796885862 ], [ 72.855259043816233, 18.974598771441975 ], [ 72.855257982007075, 18.974593381984068 ], [ 72.85539790037457, 18.97455449396773 ], [ 72.855403140993559, 18.974553184416507 ], [ 72.855408531097495, 18.974552657924043 ], [ 72.855413942345194, 18.974552927455907 ], [ 72.855419245700404, 18.974553986097771 ], [ 72.855424314256624, 18.974555808894596 ], [ 72.855429027995271, 18.974558352002546 ], [ 72.855433272801605, 18.974561555387261 ], [ 72.855436949969416, 18.974565342030864 ], [ 72.855557471137303, 18.974776093158265 ], [ 72.855901872717908, 18.975379215742681 ], [ 72.855898876776834, 18.975662383776015 ], [ 72.855866132465366, 18.975669174680199 ], [ 72.855861193740012, 18.975662545297027 ], [ 72.855252929043786, 18.975786943862737 ], [ 72.854513028013656, 18.97594088360399 ], [ 72.853620017540109, 18.976133673186212 ], [ 72.852814724684976, 18.97629341983302 ], [ 72.852248673705219, 18.976406946377093 ], [ 72.851465619321672, 18.976565989265264 ], [ 72.851464768168569, 18.976554029170622 ], [ 72.851339364834615, 18.976577428844948 ], [ 72.851317745720195, 18.976578612298397 ], [ 72.851308421946314, 18.976561296850701 ], [ 72.851304114873685, 18.976544517460262 ], [ 72.851298957598189, 18.976515778889642 ], [ 72.851287557102509, 18.976464502713263 ], [ 72.851216482447541, 18.976130048142505 ], [ 72.851214995945199, 18.976127208180479 ], [ 72.851213061840383, 18.9761246222604 ], [ 72.851210729635881, 18.976122354185513 ], [ 72.851208054657789, 18.976120457890694 ], [ 72.851205102744117, 18.976118982013293 ], [ 72.851201944676319, 18.976117959892452 ], [ 72.851198657973697, 18.976117417719443 ], [ 72.851195323165669, 18.976117369074725 ], [ 72.851192020955352, 18.976117813991795 ], [ 72.850772954243567, 18.976199941855327 ], [ 72.850170449902961, 18.976325345714631 ], [ 72.849510455596942, 18.976457608407589 ], [ 72.849486552557678, 18.97646541495633 ], [ 72.849464378107967, 18.976476948584825 ], [ 72.849444569751128, 18.976491880684804 ], [ 72.849427697001104, 18.976509779789357 ], [ 72.8494142440167, 18.97653013304949 ], [ 72.849404597133073, 18.976552356025088 ], [ 72.849399034210364, 18.97657580881981 ], [ 72.849405469139256, 18.976857294146562 ], [ 72.849407444261658, 18.976899140092662 ], [ 72.849413270619536, 18.976934458620828 ], [ 72.849434611451457, 18.977033289850461 ], [ 72.849504322753489, 18.977326861618486 ], [ 72.849555518308449, 18.97754613153224 ], [ 72.849692139965214, 18.977568630133476 ], [ 72.849724892449998, 18.977561243415266 ], [ 72.849837717940048, 18.977823053089505 ], [ 72.850231911184835, 18.97774159544414 ], [ 72.850700399814997, 18.97764546430826 ], [ 72.851162623587214, 18.977548065093458 ], [ 72.851697275291542, 18.977434775850359 ], [ 72.852007039796703, 18.977374440953099 ], [ 72.852415068883786, 18.977291346927284 ], [ 72.852940851095696, 18.977183925246859 ], [ 72.853534059072842, 18.977058763253062 ], [ 72.85398560521584, 18.97696123287454 ], [ 72.854592618813058, 18.976836824447862 ], [ 72.855134220081993, 18.97672002032084 ], [ 72.855331329084834, 18.976678090846832 ], [ 72.855341727800393, 18.976676143739017 ], [ 72.855352322487946, 18.976675872657196 ], [ 72.855362816798575, 18.976677286813853 ], [ 72.855372915980141, 18.976680344856973 ], [ 72.855382337227084, 18.976684962216158 ], [ 72.85539081823589, 18.976691010298403 ], [ 72.855398120030003, 18.976698318327379 ], [ 72.855404039185174, 18.976706682517698 ], [ 72.855408409705092, 18.976715867903163 ], [ 72.855411108590175, 18.976725618337248 ], [ 72.855511969376963, 18.977137849771065 ], [ 72.855622066737695, 18.977613520838862 ], [ 72.855664839152183, 18.977804611373017 ], [ 72.855665238227459, 18.977822539550363 ], [ 72.855652464558574, 18.977839121010319 ], [ 72.855635946898985, 18.977853867012875 ], [ 72.855626451236532, 18.977859731227987 ], [ 72.855595621478457, 18.977864154175602 ], [ 72.85529327676818, 18.977933543316361 ], [ 72.854873852351275, 18.978023681768445 ], [ 72.854142272622383, 18.978164571185985 ], [ 72.853461692751821, 18.978295294718112 ], [ 72.852706249902155, 18.978435901509357 ], [ 72.852111351328958, 18.97854550635363 ], [ 72.851587517832996, 18.978647570714688 ], [ 72.850821825686666, 18.978803584023812 ], [ 72.850051100913888, 18.978960134442904 ], [ 72.850096516723994, 18.979189494368114 ], [ 72.850060654209457, 18.979194454960215 ], [ 72.850098328435649, 18.979390864161573 ], [ 72.850105671609356, 18.979405885853943 ], [ 72.850111882432529, 18.979411335133559 ], [ 72.85014009420658, 18.979415247874702 ], [ 72.850207531887833, 18.979739264765193 ], [ 72.850251209249663, 18.979957252238261 ], [ 72.85023853551354, 18.979966067239147 ], [ 72.850166183587334, 18.979975981160948 ], [ 72.850114515373136, 18.979989123306165 ], [ 72.850034974330953, 18.98001632256393 ], [ 72.850167962270319, 18.980087668934875 ], [ 72.85016893637254, 18.980088191497508 ], [ 72.850348292222691, 18.980046846539103 ], [ 72.850514031872109, 18.980008215656515 ], [ 72.850683552388858, 18.979968909523294 ], [ 72.850893926705893, 18.979921105449414 ], [ 72.851078578174082, 18.97987874454477 ], [ 72.851312790637266, 18.979825473768443 ], [ 72.851522409947592, 18.97977766018208 ], [ 72.851778570501878, 18.979719260086007 ], [ 72.8520933815457, 18.97964718462196 ], [ 72.85230261996783, 18.979599724287443 ], [ 72.852604572980752, 18.979530009797976 ], [ 72.852813447123509, 18.979481468841829 ], [ 72.853021544422901, 18.979434711612871 ], [ 72.853250833245326, 18.979382817352832 ], [ 72.853445331751246, 18.979337338099405 ], [ 72.853692783096335, 18.979281347118331 ], [ 72.853926239512361, 18.979228064113386 ], [ 72.854008729034746, 18.979208921903076 ], [ 72.854168404875338, 18.9791723697763 ], [ 72.854338291719102, 18.979133782482272 ], [ 72.854411305498616, 18.979118118922685 ], [ 72.854587641758187, 18.979076734660556 ], [ 72.854711744026488, 18.9790487427789 ], [ 72.854793088017857, 18.979030663621117 ], [ 72.854955803539625, 18.978992351218533 ], [ 72.855096931244745, 18.978960608183655 ], [ 72.855309598909059, 18.978910313442832 ], [ 72.855480253830436, 18.97887065725542 ], [ 72.85563840594105, 18.978835162843062 ], [ 72.855814733478326, 18.978794495353522 ], [ 72.856008471561822, 18.978749363971048 ], [ 72.856170791392131, 18.978712481159768 ], [ 72.85645004550932, 18.978647522988243 ], [ 72.856751992121218, 18.978578160840506 ], [ 72.85708648366267, 18.978500919973893 ], [ 72.857367154852213, 18.978443155038107 ], [ 72.857505496594797, 18.978412854678265 ], [ 72.85765126662119, 18.978383174015956 ], [ 72.857670488097185, 18.97837801931804 ], [ 72.857675067240336, 18.97837676889792 ], [ 72.857679798576314, 18.978376239241427 ], [ 72.857684558484479, 18.978376445176682 ], [ 72.857689219812471, 18.978377380715738 ], [ 72.857693661346445, 18.978379020970721 ], [ 72.857697764951496, 18.978381323024056 ], [ 72.857796110537265, 18.978475069793131 ], [ 72.857881447635563, 18.978554625557926 ], [ 72.857990655904146, 18.97865835623174 ], [ 72.858165137589097, 18.978814524523351 ], [ 72.858258827511008, 18.978904035077324 ], [ 72.858423962966754, 18.979054418874906 ], [ 72.858559580860629, 18.979180262460723 ], [ 72.858633470615487, 18.979246541117377 ], [ 72.858726229791856, 18.97933514466208 ], [ 72.858806012779809, 18.979407166679721 ], [ 72.858847580549963, 18.979447081580066 ], [ 72.858911542060071, 18.97950398407005 ], [ 72.858971160678095, 18.979556654167059 ], [ 72.859009623429472, 18.979593844086228 ], [ 72.859081327291804, 18.979659200361109 ], [ 72.859142795144805, 18.979714580835299 ], [ 72.859190904685732, 18.979758753475011 ], [ 72.859220384584873, 18.979786279252039 ], [ 72.859260448189687, 18.979821097590946 ], [ 72.85931660570769, 18.979874324625058 ], [ 72.85938055132425, 18.979932421820667 ], [ 72.859452224929584, 18.980000168580304 ], [ 72.859484845331139, 18.98002773064141 ], [ 72.85953978516487, 18.980077957326035 ], [ 72.85959287590596, 18.980125472675564 ], [ 72.859641279891989, 18.980171141727222 ], [ 72.859659575388136, 18.980189277785065 ], [ 72.859715127587222, 18.980240705630237 ], [ 72.859762942285229, 18.980283380726835 ], [ 72.8597871233315, 18.980307858041435 ], [ 72.859802979410702, 18.98032028973066 ], [ 72.859843300254468, 18.980359592060548 ], [ 72.859865975981833, 18.980378973776045 ], [ 72.859883934400116, 18.980398898005767 ], [ 72.859924853215929, 18.98044059728787 ], [ 72.859995626549136, 18.980505046461754 ], [ 72.860044348795142, 18.980550421025818 ], [ 72.860110132641438, 18.98061212343929 ], [ 72.860155450846776, 18.980653574560595 ], [ 72.860189905382327, 18.980685041783868 ], [ 72.860272783330828, 18.980760685033928 ], [ 72.860357483816514, 18.980841128525309 ], [ 72.860447162534854, 18.980925214612579 ], [ 72.860525675781119, 18.980998416355106 ], [ 72.860596150599008, 18.981061667761807 ], [ 72.860682406352325, 18.981143324133143 ], [ 72.860741650842954, 18.981200769532371 ], [ 72.860781666470018, 18.981239470198755 ], [ 72.860838801027384, 18.981290020006107 ], [ 72.860893427461534, 18.981340241827709 ], [ 72.860954238510971, 18.981398003355253 ], [ 72.861000801675601, 18.981440365638928 ], [ 72.861078093739337, 18.981510864938183 ], [ 72.861172149607, 18.981596494423243 ], [ 72.861193876279827, 18.981616462095552 ], [ 72.861195928174766, 18.981618614816739 ], [ 72.861197571806372, 18.98162106360904 ], [ 72.861198759622681, 18.981623740177604 ], [ 72.861199458404258, 18.981626569167133 ], [ 72.86119964925264, 18.98162946906486 ], [ 72.861199325610883, 18.98163235850064 ], [ 72.861164976284954, 18.981715608020423 ], [ 72.8611144468925, 18.98183631253622 ], [ 72.861036753895974, 18.982018540995327 ], [ 72.860959055945173, 18.982201068329289 ], [ 72.860882090220386, 18.982375538774427 ], [ 72.860812133896388, 18.982542023083585 ], [ 72.860741243270425, 18.982707900393333 ], [ 72.860652564817798, 18.982914199327936 ], [ 72.86058489827046, 18.983073540717321 ], [ 72.860519818940389, 18.983226937749567 ], [ 72.860446638332107, 18.983399957666471 ], [ 72.860416193567602, 18.983472497777147 ], [ 72.86033397646959, 18.983664531765235 ], [ 72.860274402804365, 18.983804847934135 ], [ 72.86020961038183, 18.983960338281502 ], [ 72.860163964828871, 18.984067356515848 ], [ 72.860128909563457, 18.98415657270397 ], [ 72.860048070818351, 18.984339063128324 ], [ 72.860024133783341, 18.984393753905952 ], [ 72.859960316955579, 18.984546568171666 ], [ 72.859919863055538, 18.984640501065833 ], [ 72.859875204672534, 18.98474394552866 ], [ 72.859849961869173, 18.984802505230363 ], [ 72.859801693081067, 18.984918156248447 ], [ 72.859774471242829, 18.984984161279598 ], [ 72.85972555190547, 18.985101596829679 ], [ 72.859675372655317, 18.985219316769221 ], [ 72.859644581419857, 18.985294242726813 ], [ 72.859569629792134, 18.985458279380964 ], [ 72.859507906555052, 18.985594686245118 ], [ 72.85946973769677, 18.985681775152042 ], [ 72.859423692860517, 18.985795360674498 ], [ 72.859381848629567, 18.985899733551243 ], [ 72.859338752140346, 18.986003792943965 ], [ 72.859302481914483, 18.986089708736483 ], [ 72.859244426017526, 18.986233925105676 ], [ 72.85919323931202, 18.986356712270908 ], [ 72.859117693656117, 18.986542549402973 ], [ 72.859080707809824, 18.986635327113689 ], [ 72.859019849050185, 18.986777718855702 ], [ 72.85898748402586, 18.986852925414809 ], [ 72.858934986467247, 18.986979878533635 ], [ 72.858900630851707, 18.987063426307639 ], [ 72.858822219970293, 18.987252218109624 ], [ 72.858748082224253, 18.987426121951035 ], [ 72.858678488929144, 18.987588427073046 ], [ 72.858605109056839, 18.98775910047436 ], [ 72.858570571028608, 18.987837208362869 ], [ 72.858473904146067, 18.988058709183644 ], [ 72.858388746675573, 18.988264211670707 ], [ 72.858302513276826, 18.988465399373187 ], [ 72.858235739248684, 18.988618416042879 ], [ 72.858157542396881, 18.988810018146957 ], [ 72.858062721194884, 18.989034407880634 ], [ 72.85797562858474, 18.989243830435338 ], [ 72.857882728072084, 18.989465374385059 ], [ 72.857803454655524, 18.989652660619363 ], [ 72.857727296257323, 18.989832097338166 ], [ 72.857633323922229, 18.990048967818172 ], [ 72.857559109311879, 18.990223766074585 ], [ 72.857513184852365, 18.99033759161215 ], [ 72.857460404441994, 18.990457072582242 ], [ 72.857383569395694, 18.990630406895985 ], [ 72.85734393486652, 18.990723870580826 ], [ 72.857305393361614, 18.990820215691347 ], [ 72.857255631555148, 18.990939372935944 ], [ 72.857215996853924, 18.991032837479384 ], [ 72.857149996406221, 18.9911840704216 ], [ 72.857098694578866, 18.991305719944105 ], [ 72.857026068029754, 18.991474083318831 ], [ 72.8569681318954, 18.991613580381248 ], [ 72.856930394240109, 18.991705990110578 ], [ 72.856886931298305, 18.991804070154966 ], [ 72.85682971566635, 18.991946084774423 ], [ 72.856798833643381, 18.992015200929789 ], [ 72.856695439180768, 18.992261358362729 ], [ 72.856626160215143, 18.992403662169028 ], [ 72.856568237127945, 18.992542083396572 ], [ 72.856484833686253, 18.992727888320189 ], [ 72.856510084382947, 18.992740772460177 ], [ 72.856532778285526, 18.992757411661785 ], [ 72.856552305808577, 18.992777358971331 ], [ 72.856568139245255, 18.992800076250635 ], [ 72.856579851535912, 18.992824951556443 ], [ 72.856587129363305, 18.992851314647524 ], [ 72.856589774820392, 18.992878455069313 ], [ 72.856581027900546, 18.992924774443839 ], [ 72.856566049815314, 18.992969626067421 ], [ 72.856546415455981, 18.993018974396975 ], [ 72.85651821448586, 18.993087655451454 ], [ 72.856503292003154, 18.993124825420892 ], [ 72.856473490062868, 18.993195877959025 ], [ 72.856441421341614, 18.993272282276539 ], [ 72.85642135596585, 18.993318652034137 ], [ 72.856387304099414, 18.993402800552648 ], [ 72.85638105491627, 18.993424834701063 ], [ 72.856335487933876, 18.993525280196177 ], [ 72.856302484910117, 18.993601075685895 ], [ 72.856268458752581, 18.993683132500934 ], [ 72.856223045196373, 18.993796127018044 ], [ 72.856198741291365, 18.993854695920351 ], [ 72.856153775794184, 18.993957239381668 ], [ 72.856089345427506, 18.994108251455078 ], [ 72.85609933667547, 18.994112848365557 ], [ 72.856557902079132, 18.994281188026566 ], [ 72.857294363618919, 18.994543254317673 ], [ 72.857925300819701, 18.994772822894959 ], [ 72.858553979372942, 18.995002363311336 ], [ 72.8588675838689, 18.995115690326429 ], [ 72.859460275506592, 18.995330471895244 ], [ 72.860053695194139, 18.995547410795051 ], [ 72.860469252148235, 18.995704216691191 ], [ 72.860793033224766, 18.995901342655468 ], [ 72.860799317539346, 18.995886851928375 ], [ 72.860816273422273, 18.995887048035712 ], [ 72.860947128557711, 18.99593946606625 ], [ 72.860948629196855, 18.995944939167888 ], [ 72.860949234320529, 18.995950566307886 ], [ 72.860948930423021, 18.995956215452754 ], [ 72.86094772489767, 18.995961753907366 ], [ 72.860945645029688, 18.995967052819765 ], [ 72.860920732348276, 18.996029140867435 ], [ 72.860826649657568, 18.996254616171765 ], [ 72.860742326031286, 18.996453675262998 ], [ 72.8607115504321, 18.996532186438952 ], [ 72.860643533736237, 18.996693793945067 ], [ 72.860597708904379, 18.996799734016264 ], [ 72.860546040505952, 18.996920663065488 ], [ 72.860485834092884, 18.997060851282527 ], [ 72.860456661232476, 18.99713185218507 ], [ 72.860419751015527, 18.997218537356872 ], [ 72.860401491230803, 18.99726134430146 ], [ 72.860388915520375, 18.997301707719782 ], [ 72.86037779156365, 18.997346390201635 ], [ 72.860354073356817, 18.997403473385404 ], [ 72.860248368695665, 18.997653548891581 ], [ 72.860159742426347, 18.997864746498685 ], [ 72.860067936413756, 18.998088813151064 ], [ 72.859991431637539, 18.998265736349602 ], [ 72.859945505965911, 18.998379562345416 ], [ 72.860149864146038, 18.998460435509099 ], [ 72.860218141008247, 18.998484884821732 ], [ 72.86019945364896, 18.998531630449126 ], [ 72.860128053204178, 18.998692481275146 ], [ 72.860090774631786, 18.998778444866517 ], [ 72.860091841242152, 18.998783476672489 ], [ 72.860095429293111, 18.998787446505705 ], [ 72.860098441367782, 18.998791828790889 ], [ 72.860100825244189, 18.998796548855754 ], [ 72.860102539248203, 18.998801524020639 ], [ 72.860104094219736, 18.998815816368449 ], [ 72.860103150214769, 18.998830156578251 ], [ 72.860099733144523, 18.998844152027914 ], [ 72.860077613032885, 18.998894083486668 ], [ 72.860075714411437, 18.998913420371391 ], [ 72.860077117979316, 18.998932794563288 ], [ 72.860079136735308, 18.998981213251511 ], [ 72.860076320402669, 18.998995161455287 ], [ 72.860049600099188, 18.999051134934096 ], [ 72.860042929265006, 18.999071849180165 ], [ 72.860042675690877, 18.999101701080995 ], [ 72.860045935741212, 18.999131393114176 ], [ 72.860048056188589, 18.999136663835259 ], [ 72.860051000872858, 18.999141563817886 ], [ 72.860054700063799, 18.999145976636797 ], [ 72.860059065829944, 18.999149798301765 ], [ 72.86006399486385, 18.999152939097065 ], [ 72.860069372268285, 18.999155324528317 ], [ 72.860106029693711, 18.999176898739023 ], [ 72.860129917931374, 18.99919186952868 ], [ 72.860151207010475, 18.999210043942615 ], [ 72.860164668384328, 18.999247840716439 ], [ 72.860180481132218, 18.999278494550317 ], [ 72.860198881982114, 18.999313122000832 ], [ 72.860239046551229, 18.99935517141774 ], [ 72.860279950311252, 18.999398304270002 ], [ 72.86033570660689, 18.999458817134119 ], [ 72.860380659474828, 18.999509524658652 ], [ 72.860391460431671, 18.999549082725778 ], [ 72.860397940965456, 18.99960221390538 ], [ 72.86040585131407, 18.999661455981961 ], [ 72.860416725614996, 18.999695279140351 ], [ 72.860430305295608, 18.999723756440034 ], [ 72.860463196734699, 18.999804078980063 ], [ 72.860500450197705, 18.999926395268712 ], [ 72.860522438628124, 19.00006359153338 ], [ 72.860549593221307, 19.000209450297969 ], [ 72.860578199632329, 19.00035962812639 ], [ 72.860610978031644, 19.000543122511921 ], [ 72.860620508798746, 19.000599443191586 ], [ 72.860641046082378, 19.000596669291948 ], [ 72.860641306735673, 19.000599826522095 ], [ 72.860817094223492, 19.000569238581502 ], [ 72.860822011966988, 19.000597257061806 ], [ 72.860855846922391, 19.000839626068881 ], [ 72.860886652490819, 19.001053639840059 ], [ 72.860920096873642, 19.001297080116185 ], [ 72.860951224497825, 19.001515398973755 ], [ 72.860982536627759, 19.001748777454821 ], [ 72.861016091174605, 19.00198361445722 ], [ 72.861041712561246, 19.002176947521214 ], [ 72.861281744005225, 19.002139193400446 ], [ 72.861770403320506, 19.002062357338527 ], [ 72.861773170453162, 19.002034570452043 ], [ 72.862045805385861, 19.001982698458349 ], [ 72.862048224094977, 19.001999933704681 ], [ 72.862354324181211, 19.00196439810146 ], [ 72.862389886677434, 19.002160183698468 ], [ 72.862415075929775, 19.002312473470464 ], [ 72.861985451477906, 19.002340845125694 ], [ 72.861987833915904, 19.002390343827891 ], [ 72.86178896481303, 19.002410270096888 ], [ 72.861415119455287, 19.002467965097335 ], [ 72.860934413452711, 19.002541629500168 ], [ 72.860964309486505, 19.002885763055026 ], [ 72.86097821297524, 19.003046167386596 ], [ 72.861540201817107, 19.003041196391042 ], [ 72.861930262972479, 19.003041763545923 ], [ 72.862373911487154, 19.003036855046705 ], [ 72.862374019590149, 19.003087403251801 ], [ 72.861476341384574, 19.003083834587006 ], [ 72.860980714260023, 19.003086346618389 ], [ 72.860929831983384, 19.003145624822739 ], [ 72.860930734940951, 19.003752910034247 ], [ 72.860934310282943, 19.003761447542878 ], [ 72.860939377099015, 19.003769271562124 ], [ 72.8609457845306, 19.003776149109814 ], [ 72.86095334149465, 19.003781873836438 ], [ 72.860961822253444, 19.003786276025593 ], [ 72.860970973049248, 19.003789223574024 ], [ 72.861365925945861, 19.003790565860157 ], [ 72.861686602915185, 19.003794274787612 ], [ 72.861688392118154, 19.003949161854319 ], [ 72.861285066412151, 19.003954175424219 ], [ 72.860978276330684, 19.003954928699521 ], [ 72.860949891421271, 19.00396427883652 ], [ 72.860932718346007, 19.003980929731334 ], [ 72.860929028767274, 19.004122130259187 ], [ 72.860377444881337, 19.004108936431784 ], [ 72.860375823509301, 19.004147275863453 ], [ 72.860383178165534, 19.004220491387759 ], [ 72.860354779483856, 19.00426031302467 ], [ 72.860352283394946, 19.004367112782599 ], [ 72.860373073799138, 19.004391730786335 ], [ 72.860395903851938, 19.004404183688532 ], [ 72.860426722191903, 19.00444038833891 ], [ 72.860460585046766, 19.004470874396873 ], [ 72.860509363322748, 19.004471014318927 ], [ 72.860552348180548, 19.004471137772352 ], [ 72.860615471836553, 19.004471319013067 ], [ 72.860693533476152, 19.004482379518507 ], [ 72.860780333940127, 19.004522219878886 ], [ 72.860703178045355, 19.004563150280113 ], [ 72.86076397650271, 19.004670007678047 ], [ 72.860764597833935, 19.004671099692633 ], [ 72.860770362450722, 19.004687106371492 ], [ 72.860912528916359, 19.004662331549049 ], [ 72.861005946595256, 19.00464869357792 ], [ 72.861025285807045, 19.004765349545185 ], [ 72.861041259236885, 19.00485188050116 ], [ 72.861150432475199, 19.004979331041476 ], [ 72.861262840718439, 19.00513875943734 ], [ 72.86127673025446, 19.005156186996302 ], [ 72.861353982684122, 19.00523056967646 ], [ 72.861466015521842, 19.00533582641156 ], [ 72.861544566280386, 19.005406938854339 ], [ 72.861545039140282, 19.005407388732014 ], [ 72.861637343985564, 19.005495243342274 ], [ 72.861723331699082, 19.005574208043992 ], [ 72.861768031690531, 19.005615354064052 ], [ 72.86198106579657, 19.005607959522539 ], [ 72.86205990844104, 19.005607078284914 ], [ 72.862165068630944, 19.00561128233916 ], [ 72.862216193439167, 19.005616652706035 ], [ 72.862236505303159, 19.005624654784899 ], [ 72.862314136306594, 19.005669466654453 ], [ 72.862387711265342, 19.005712141432902 ], [ 72.862464274501036, 19.005766799180286 ], [ 72.862553563032733, 19.005833255292789 ], [ 72.862608538252275, 19.00588139019408 ], [ 72.862651093935725, 19.005918328194145 ], [ 72.862662483823684, 19.00593638434734 ], [ 72.862663633134147, 19.005944761907976 ], [ 72.862721263301111, 19.006006370831798 ], [ 72.862782125075, 19.006060846947353 ], [ 72.862804559096915, 19.006084706911423 ], [ 72.862845242422878, 19.006125566903378 ], [ 72.862869116178231, 19.00614496148172 ], [ 72.862915892910124, 19.006180873334809 ], [ 72.862978850363135, 19.006228682201101 ], [ 72.863030848517738, 19.006268955753992 ], [ 72.86312570813449, 19.006336969130189 ], [ 72.863194676659788, 19.006386281803877 ], [ 72.863298454816672, 19.006444599516701 ], [ 72.863373486301768, 19.006491352787506 ], [ 72.863400863927112, 19.006511744364008 ], [ 72.863438842475702, 19.006548032249036 ], [ 72.8634848892018, 19.006601859119144 ], [ 72.863523199139962, 19.006651534565766 ], [ 72.863580780844899, 19.006707167576636 ], [ 72.863599405900629, 19.006724350733165 ], [ 72.863646404051025, 19.00676265503699 ], [ 72.863679753055308, 19.006787656320153 ], [ 72.863735054444817, 19.006825099992341 ], [ 72.863791445887031, 19.006855863920325 ], [ 72.863896966387614, 19.006895800058317 ], [ 72.864027490638364, 19.006945344973616 ], [ 72.86416701314829, 19.006998578840914 ], [ 72.864287515567469, 19.007045857114232 ], [ 72.864363662032972, 19.007084019261296 ], [ 72.864405290009671, 19.007110072631093 ], [ 72.864419253215857, 19.007121248408748 ], [ 72.86443147857733, 19.007134135678672 ], [ 72.864441734612612, 19.007148493303866 ], [ 72.864462002823615, 19.00719437418925 ], [ 72.864468660241243, 19.007202891249324 ], [ 72.864476114717547, 19.007210788840673 ], [ 72.864499180002113, 19.00723447617175 ], [ 72.864576308207504, 19.007294159152764 ], [ 72.864598244524075, 19.00730779539218 ], [ 72.864640971737501, 19.007326452792331 ], [ 72.864661940092816, 19.007337210864812 ], [ 72.864752796537331, 19.007384384891921 ], [ 72.864833232417993, 19.007421162920796 ], [ 72.864913891553741, 19.007460094182385 ], [ 72.864998445857253, 19.007508868169637 ], [ 72.865036145380174, 19.007527705884421 ], [ 72.865053215726007, 19.007534132881581 ], [ 72.865071194719846, 19.007537670873354 ], [ 72.865151470647149, 19.007567276768366 ], [ 72.865218469319046, 19.007593861423548 ], [ 72.865258261332968, 19.007606270297014 ], [ 72.865293285365311, 19.007618146274119 ], [ 72.865346319036448, 19.007636443804305 ], [ 72.86540128046633, 19.007661216543813 ], [ 72.865443299720638, 19.007676280517909 ], [ 72.865529269071772, 19.007712643427659 ], [ 72.865605755267794, 19.007743878238369 ], [ 72.865718572475089, 19.007783180466987 ], [ 72.865780833840034, 19.007806842354842 ], [ 72.865820797337634, 19.007825467596209 ], [ 72.865868337644088, 19.007841072146146 ], [ 72.865929441376664, 19.007857073533753 ], [ 72.865958466676133, 19.007866490088151 ], [ 72.865999013862989, 19.007879637372309 ], [ 72.866040748210082, 19.007888832090565 ], [ 72.86608324356817, 19.007893980802141 ], [ 72.86614559303348, 19.007898464443869 ], [ 72.866232174039141, 19.007906633091512 ], [ 72.866303753150731, 19.007908953294617 ], [ 72.866356422703404, 19.007916432390157 ], [ 72.866429113229842, 19.007930116778073 ], [ 72.866474862788877, 19.007938412018184 ], [ 72.866587568651425, 19.007942102807984 ], [ 72.866660055421008, 19.007947121483998 ], [ 72.866734691712011, 19.007956049002477 ], [ 72.866809875634402, 19.007971256028267 ], [ 72.866891590063403, 19.007991616570525 ], [ 72.866939529199399, 19.008000534929899 ], [ 72.866969234694253, 19.008002716752983 ], [ 72.866998341987184, 19.008008764895624 ], [ 72.867026297963747, 19.008018563680473 ], [ 72.86704034561734, 19.008025297967311 ], [ 72.867080847607468, 19.008026363250742 ], [ 72.867126987716631, 19.008028687701366 ], [ 72.867158363983521, 19.008031140784304 ], [ 72.867269208053202, 19.00803301759348 ], [ 72.867342546350997, 19.008045215998063 ], [ 72.867378886469581, 19.008052505518584 ], [ 72.867414912294777, 19.008059792309734 ], [ 72.867448122874421, 19.008066150572084 ], [ 72.867492286832999, 19.008075622303746 ], [ 72.867582812882034, 19.0080945901896 ], [ 72.867671461789811, 19.008112940221004 ], [ 72.867716889595783, 19.008121828513652 ], [ 72.867819953847444, 19.008142733904748 ], [ 72.867924580989836, 19.008164255231872 ], [ 72.868026695775171, 19.008185747526944 ], [ 72.868075869373357, 19.008196471025542 ], [ 72.868132594420715, 19.008206087473219 ], [ 72.868235979746231, 19.008226399280861 ], [ 72.868321198326427, 19.008242916459427 ], [ 72.868410517890993, 19.008257986876881 ], [ 72.868509485199851, 19.008280039684021 ], [ 72.86858058281905, 19.008295497880244 ], [ 72.868632280299195, 19.008305355194345 ], [ 72.868692436901966, 19.008316803132232 ], [ 72.868722825684216, 19.008322829656702 ], [ 72.868754504440375, 19.008333448830751 ], [ 72.86878469864628, 19.008347441767231 ], [ 72.868823712394402, 19.008366712126183 ], [ 72.868835914400876, 19.008370437886384 ], [ 72.869062226929245, 19.008448881949001 ], [ 72.869208507580211, 19.008504341741325 ], [ 72.869281020807705, 19.008532063465584 ], [ 72.869405848265458, 19.008566342500487 ], [ 72.870231540317789, 19.008641580374295 ], [ 72.870406050445695, 19.008650760149628 ], [ 72.870861757939565, 19.008775505274542 ], [ 72.871497396960379, 19.008878422452128 ], [ 72.871775297911313, 19.008896179303111 ], [ 72.872052688577313, 19.008920089287699 ], [ 72.87232941911472, 19.008950138943483 ], [ 72.872653996233126, 19.009013621609196 ], [ 72.872926752925977, 19.009101603094216 ], [ 72.873307148444454, 19.009419059161687 ], [ 72.873718644042313, 19.009760771132008 ], [ 72.874012084484235, 19.010000748187768 ], [ 72.874106806776183, 19.010060390561829 ], [ 72.874269208108785, 19.010132760643124 ], [ 72.874588730108783, 19.010297754334513 ], [ 72.875094399697261, 19.010544950206608 ], [ 72.875484008931977, 19.010731062841181 ], [ 72.876516409903701, 19.01115040733815 ], [ 72.876519861194041, 19.011151886809259 ], [ 72.877026218091942, 19.011368966910418 ], [ 72.877691411466486, 19.011619182582482 ], [ 72.878287867762353, 19.011841123901071 ], [ 72.878459610318103, 19.011969760815386 ], [ 72.878650890116148, 19.012142836296821 ], [ 72.87908091321313, 19.012511039337806 ], [ 72.879484877284398, 19.012853849521431 ], [ 72.879688056259184, 19.012980456058237 ], [ 72.87978149592044, 19.013042471175392 ], [ 72.880003365601667, 19.013181242169743 ], [ 72.880214749365066, 19.013255364367826 ], [ 72.880287500692177, 19.013264563125617 ], [ 72.880937633444603, 19.013514596278309 ], [ 72.880996642905373, 19.01351766293179 ], [ 72.881055441329067, 19.013537456743904 ], [ 72.881443340265008, 19.013562217475894 ], [ 72.881530030700219, 19.013562017063933 ], [ 72.88186314316134, 19.013547910468748 ], [ 72.882018968801844, 19.013544916147257 ], [ 72.882206772115964, 19.013532026892165 ], [ 72.882394216898604, 19.013515052326188 ], [ 72.882581203319404, 19.01349400033823 ], [ 72.882771065814538, 19.013481835938734 ], [ 72.883452167201199, 19.01337014079737 ], [ 72.884243825141453, 19.013258513684246 ], [ 72.884434929506526, 19.013247556793019 ], [ 72.884480015478218, 19.013258827312178 ], [ 72.884452808191142, 19.013621785698714 ], [ 72.884388133215822, 19.014364313657222 ], [ 72.884357880986386, 19.014467049499476 ], [ 72.884188590218585, 19.015041964062355 ], [ 72.884156085215295, 19.01516547113588 ], [ 72.884116633704423, 19.015287133658099 ], [ 72.884070349352825, 19.015406598839768 ], [ 72.884017366661865, 19.015523518646042 ], [ 72.883957839949417, 19.015637555204609 ], [ 72.883891941508068, 19.015748376268256 ], [ 72.883770576299966, 19.01590711152047 ], [ 72.883643067546615, 19.016055021882188 ], [ 72.883477674833969, 19.016218031910284 ], [ 72.883355719183385, 19.016324182050209 ], [ 72.883142545117252, 19.016490230435252 ], [ 72.883000429166671, 19.016600928599058 ], [ 72.88289005080803, 19.016685701256041 ], [ 72.882856996228867, 19.016716391693212 ], [ 72.882731181160466, 19.016829667350919 ], [ 72.882645956339815, 19.01691233796614 ], [ 72.882626251801085, 19.016927194211291 ], [ 72.88260346616714, 19.016944620201848 ], [ 72.88257868152796, 19.016966535154832 ], [ 72.882398666591826, 19.017093529010896 ], [ 72.882194542837695, 19.017239365128788 ], [ 72.882156836478927, 19.017260077796202 ], [ 72.882113570788192, 19.017283844851068 ], [ 72.881934599505314, 19.017427579751033 ], [ 72.881671720042263, 19.017649219485477 ], [ 72.881449507399921, 19.017834280747881 ], [ 72.881139450475771, 19.018110346702141 ], [ 72.880982922056816, 19.018267481454334 ], [ 72.880829091975059, 19.018424800550232 ], [ 72.880581961226298, 19.018677534615577 ], [ 72.880396360738487, 19.018848476091719 ], [ 72.880268508723532, 19.018966945530725 ], [ 72.88014516321185, 19.019089659575844 ], [ 72.880026478104242, 19.019216464638301 ], [ 72.87991260549569, 19.019347199882549 ], [ 72.879358495818252, 19.020043477640804 ], [ 72.879109503279906, 19.020363897478031 ], [ 72.878732638251009, 19.020848867199387 ], [ 72.878393356095728, 19.021248867367497 ], [ 72.878280684593307, 19.021414868170567 ], [ 72.87810111209879, 19.021704376724298 ], [ 72.878016560670488, 19.021852632969061 ], [ 72.878006337156137, 19.021870560268805 ], [ 72.877998266185386, 19.02188471131041 ], [ 72.877849742928092, 19.022145138423781 ], [ 72.877849247523713, 19.022146008006548 ], [ 72.877839218754318, 19.022167892068332 ], [ 72.877754265505374, 19.022353283485714 ], [ 72.877385824939722, 19.023058851132053 ], [ 72.877090445899128, 19.023624500996593 ], [ 72.877108052215547, 19.02386109748895 ], [ 72.877135302930526, 19.024153554008695 ], [ 72.877168580324579, 19.024445445683561 ], [ 72.877207872557918, 19.024736660370895 ], [ 72.877253163992222, 19.025027085883817 ], [ 72.877272961771723, 19.025186141561438 ], [ 72.877297957422272, 19.025344533446795 ], [ 72.877328127258465, 19.02550210861347 ], [ 72.877363440958788, 19.025658713155067 ], [ 72.877403865306789, 19.025814196744641 ], [ 72.877573746067768, 19.026496488852814 ], [ 72.877750183311704, 19.027177273677491 ], [ 72.87793316357353, 19.027856495952072 ], [ 72.878122669634919, 19.028534096753102 ], [ 72.878211347700073, 19.028694314067614 ], [ 72.878294322911245, 19.028857271408476 ], [ 72.878371501658506, 19.029022785245324 ], [ 72.878442797973875, 19.029190668522023 ], [ 72.878508129698147, 19.029360733322406 ], [ 72.878567424236351, 19.029532786419956 ], [ 72.8785899907556, 19.029603912053361 ], [ 72.878638975306302, 19.029772253482307 ], [ 72.878682205264425, 19.029942015594585 ], [ 72.878719632552773, 19.030113018992164 ], [ 72.878751220477952, 19.030285085310446 ], [ 72.878766509429298, 19.030382952792916 ], [ 72.878779908009207, 19.030481070447326 ], [ 72.87882800296056, 19.030652704004869 ], [ 72.878882558840402, 19.03082258172995 ], [ 72.878943506293552, 19.030990482422887 ], [ 72.879010765472003, 19.031156188375849 ], [ 72.879084249821929, 19.031319486319763 ], [ 72.879163864218611, 19.03148016469309 ], [ 72.879249504954942, 19.031638014544988 ], [ 72.879341062555824, 19.031792832277507 ], [ 72.879438417064264, 19.031944416881682 ], [ 72.879541442755112, 19.032092572701533 ], [ 72.880123233790925, 19.033175700772091 ], [ 72.880162727063592, 19.03324933660851 ], [ 72.880318485362295, 19.033558936455211 ], [ 72.880448710452001, 19.033872081136611 ], [ 72.880571879575044, 19.034187797687174 ], [ 72.880687934687714, 19.034505941830886 ], [ 72.880796825342202, 19.034826369378155 ], [ 72.880898499213231, 19.035148934310474 ], [ 72.880992911583107, 19.035473489792501 ], [ 72.881080018705731, 19.03579988719272 ], [ 72.881159781582454, 19.036127977933191 ], [ 72.881183636607176, 19.036211995256242 ], [ 72.881205351741968, 19.036296535405111 ], [ 72.881231057363081, 19.036410468763137 ], [ 72.881252877547439, 19.036525133444218 ], [ 72.881270791030374, 19.036640408166111 ], [ 72.881285997970053, 19.036768151351605 ], [ 72.881296407594903, 19.036896329058521 ], [ 72.881302004862306, 19.037024778524525 ], [ 72.881302784249371, 19.037153335289627 ], [ 72.881298110946773, 19.037294001113011 ], [ 72.881289798149595, 19.037411145428663 ], [ 72.881277478306586, 19.03752797006349 ], [ 72.881261166275195, 19.03764435143778 ], [ 72.88118066846998, 19.037977847175657 ], [ 72.881104918984235, 19.038312347585187 ], [ 72.881033933806791, 19.038647792338558 ], [ 72.880967725162662, 19.038984118354595 ], [ 72.880608787937291, 19.04145001711133 ], [ 72.880026199787295, 19.043532947253905 ], [ 72.879840978287859, 19.044029499245998 ], [ 72.87964990323772, 19.04476883791191 ], [ 72.879551295084909, 19.045150387805677 ], [ 72.87952494046182, 19.04524008359267 ], [ 72.879504490621486, 19.04533116238445 ], [ 72.879490023188069, 19.045423271895562 ], [ 72.879481593965735, 19.045516057782834 ], [ 72.879479236949976, 19.045609162742132 ], [ 72.879483640743686, 19.045711188433188 ], [ 72.879495332811274, 19.045812693576867 ], [ 72.879514260273268, 19.045913206056444 ], [ 72.879741438724295, 19.046570668966091 ], [ 72.879743091509795, 19.046575452724539 ], [ 72.879760079997297, 19.046615594288394 ], [ 72.879770507301785, 19.046657714514097 ], [ 72.87977413492105, 19.046700847772271 ], [ 72.879770878495833, 19.046744007621985 ], [ 72.879760814205937, 19.046786206756092 ], [ 72.879744171835995, 19.046826479503654 ], [ 72.8797213316398, 19.046863904375826 ], [ 72.879032196298766, 19.047774668562887 ], [ 72.878955862207405, 19.047783353241577 ], [ 72.878879027685272, 19.047785823035102 ], [ 72.878802251484601, 19.047782060881232 ], [ 72.878726090845248, 19.047772093961722 ], [ 72.878651099583294, 19.047755994583479 ], [ 72.878577822403884, 19.047733879209879 ], [ 72.878506792978541, 19.047705910245135 ], [ 72.878438527377057, 19.047672289635784 ], [ 72.878373520234021, 19.047633261536269 ], [ 72.878385432582562, 19.047779771186459 ], [ 72.878316302143674, 19.047803860638943 ], [ 72.878313477044244, 19.047804845242666 ], [ 72.878294348242861, 19.047811510957413 ], [ 72.878272854278123, 19.047818099795894 ], [ 72.878268630819647, 19.047819394402403 ], [ 72.878217054831794, 19.047835204821737 ], [ 72.878212691187116, 19.047836542978651 ], [ 72.878189124106427, 19.047843767359115 ], [ 72.878149344040622, 19.047855962097806 ], [ 72.878132797816534, 19.047867343670447 ], [ 72.878107635907881, 19.047884651002757 ], [ 72.878061020529188, 19.047916715002472 ], [ 72.877768683101806, 19.048138005253147 ], [ 72.877681414151937, 19.048202006503871 ], [ 72.877512364052336, 19.048293746876112 ], [ 72.877429127317413, 19.048356839611124 ], [ 72.877320010533595, 19.04844543838577 ], [ 72.877258476308285, 19.048495403213867 ], [ 72.87720038071933, 19.048557828475619 ], [ 72.877117193337426, 19.048617097159092 ], [ 72.876998249490725, 19.048800230242879 ], [ 72.876930790252928, 19.048887403013271 ], [ 72.876846909373427, 19.049001153470513 ], [ 72.876832472354579, 19.049020918057966 ], [ 72.876815093964282, 19.049038410491011 ], [ 72.876795162932041, 19.049053239608476 ], [ 72.87677312614791, 19.049065071824632 ], [ 72.876749479027168, 19.049073641857742 ], [ 72.876698947457641, 19.04908086376798 ], [ 72.876647849666938, 19.049081076079265 ], [ 72.876594953990931, 19.049071864624249 ], [ 72.876543514815978, 19.049056954912999 ], [ 72.876494208810271, 19.049036543518163 ], [ 72.876447684178856, 19.049010898947103 ], [ 72.876373359561057, 19.048976956727561 ], [ 72.876296560024969, 19.048948428210309 ], [ 72.876217721407158, 19.048925474674093 ], [ 72.876137290381138, 19.048908226811697 ], [ 72.876110264097846, 19.048903771527531 ], [ 72.876076583195072, 19.048899073441266 ], [ 72.876042542934982, 19.048898876732842 ], [ 72.876014798827697, 19.048902085563899 ], [ 72.875991595781301, 19.048907184819871 ], [ 72.875961123076266, 19.048913644724404 ], [ 72.875961095453292, 19.048913650729343 ], [ 72.875863712643934, 19.048937313713001 ], [ 72.875767607410012, 19.048965303569549 ], [ 72.875672992329967, 19.048997560421903 ], [ 72.875580077282976, 19.049034012619842 ], [ 72.875224425824143, 19.04924816521158 ], [ 72.875084690531352, 19.049332305461345 ], [ 72.874972782475965, 19.049475845433026 ], [ 72.874920278232338, 19.04954128524782 ], [ 72.874845376193278, 19.049626821398068 ], [ 72.874766157013283, 19.049708765157011 ], [ 72.874682811272748, 19.049786919994524 ], [ 72.874673273907518, 19.049795387603506 ], [ 72.874672292097216, 19.049796253371024 ], [ 72.874663492768661, 19.049803977055465 ], [ 72.874663166162378, 19.049804263243534 ], [ 72.874653544779108, 19.049812615168111 ], [ 72.874653267196507, 19.049812855854018 ], [ 72.874643957204782, 19.049820848249755 ], [ 72.874643317610619, 19.04982139549109 ], [ 72.874633366359404, 19.049829842071407 ], [ 72.87463322616648, 19.049829960591651 ], [ 72.87462355171337, 19.049838078859157 ], [ 72.874622435148595, 19.049839009012953 ], [ 72.874613502082894, 19.049846418622305 ], [ 72.874613168954767, 19.049846694799161 ], [ 72.874603292364952, 19.049854798091282 ], [ 72.874603020710765, 19.049855020779958 ], [ 72.874593385237873, 19.049862837802038 ], [ 72.874592822819523, 19.049863291991944 ], [ 72.874582671221987, 19.049871433665473 ], [ 72.874582388136304, 19.049871658932258 ], [ 72.874572587031196, 19.049879428881621 ], [ 72.874571334865664, 19.049880415282438 ], [ 72.874562278498686, 19.049887511840065 ], [ 72.874561939809979, 19.049887777113511 ], [ 72.8745518138157, 19.049895623710341 ], [ 72.874551549039722, 19.049895828412737 ], [ 72.874541592034191, 19.049903458363893 ], [ 72.874541112432709, 19.049903824083735 ], [ 72.874530764287982, 19.049911660894086 ], [ 72.874530338447471, 19.049911982069631 ], [ 72.874520420153544, 19.049919406519574 ], [ 72.874519029652944, 19.049920440103111 ], [ 72.874509860432113, 19.049927223729231 ], [ 72.874509518105327, 19.04992747631487 ], [ 72.874499150373708, 19.049935060884916 ], [ 72.874498895336671, 19.049935246730712 ], [ 72.874488617886385, 19.049942678783971 ], [ 72.874488225781548, 19.049942961507362 ], [ 72.874477687749533, 19.049950492627818 ], [ 72.87447711644289, 19.049950898841555 ], [ 72.87446709234581, 19.049957978826388 ], [ 72.874466751129731, 19.049958218778936 ], [ 72.874456290086869, 19.049965522257274 ], [ 72.874455946982749, 19.049965761284781 ], [ 72.874446194249757, 19.049972492118616 ], [ 72.874445097983369, 19.049973245463871 ], [ 72.87443450592491, 19.049980468846972 ], [ 72.874434206019529, 19.049980672241222 ], [ 72.874423482849139, 19.049987897726311 ], [ 72.874422766225848, 19.049988377237334 ], [ 72.87441264485058, 19.049995114661716 ], [ 72.874412289434147, 19.04999535083747 ], [ 72.874401608682518, 19.050002378090145 ], [ 72.874401266723595, 19.050002601775116 ], [ 72.874391218228197, 19.050009135898474 ], [ 72.874390202009891, 19.050009794418784 ], [ 72.874379298342163, 19.05001679742351 ], [ 72.874379094354808, 19.050016927854401 ], [ 72.87436819272898, 19.050023845071156 ], [ 72.874367329954211, 19.050024388837041 ], [ 72.874357120775485, 19.05003078561657 ], [ 72.874356754042481, 19.050031015338948 ], [ 72.874345860299513, 19.050037761023521 ], [ 72.874345522335034, 19.050037969398787 ], [ 72.874335181064609, 19.050044296006629 ], [ 72.874334248635961, 19.050044864261487 ], [ 72.87432303919563, 19.050051636115576 ], [ 72.87432293581756, 19.050051698153588 ], [ 72.874311859547021, 19.050058306242484 ], [ 72.874310850747293, 19.050058904328608 ], [ 72.874300565127783, 19.05006496330391 ], [ 72.874300188050995, 19.050065184777534 ], [ 72.874289088034118, 19.050071643551615 ], [ 72.874288755013865, 19.050071836628113 ], [ 72.874278125855355, 19.050077944937236 ], [ 72.87427728380716, 19.050078427519008 ], [ 72.874265772531416, 19.050084957428336 ], [ 72.874259347664662, 19.050088299580167 ], [ 72.874258724264351, 19.05008861938224 ], [ 72.874252768915653, 19.050091641765455 ], [ 72.874252551896305, 19.05009175127082 ], [ 72.87424608317869, 19.050094956523029 ], [ 72.874245888176119, 19.050095052732985 ], [ 72.874239729149195, 19.050098032122012 ], [ 72.874239189170737, 19.050098290559404 ], [ 72.874232534192487, 19.050101427726435 ], [ 72.874232456791205, 19.05010146386881 ], [ 72.874225843917571, 19.05010450216087 ], [ 72.87422530123942, 19.05010474882458 ], [ 72.874219112601494, 19.050107517409579 ], [ 72.874218891921203, 19.050107616033475 ], [ 72.874212269571757, 19.05011050336957 ], [ 72.874212062291477, 19.050110594018413 ], [ 72.874205832467936, 19.050113240186842 ], [ 72.874205200248866, 19.05011350659413 ], [ 72.874198467163623, 19.050116287874463 ], [ 72.874198307704376, 19.050116352879375 ], [ 72.874191520224031, 19.05011907933649 ], [ 72.874191066746775, 19.050119258379212 ], [ 72.874184655428053, 19.050121760642305 ], [ 72.874184434920323, 19.050121845719087 ], [ 72.874182324523787, 19.05012264609125 ], [ 72.874177674192723, 19.050124410798386 ], [ 72.874177454669251, 19.050124493176678 ], [ 72.874170607117051, 19.050127013898376 ], [ 72.874170447738337, 19.050127072581287 ], [ 72.874163656479524, 19.050129499107825 ], [ 72.874163413166329, 19.0501295848251 ], [ 72.874156462579961, 19.050131991450282 ], [ 72.874156108624319, 19.050132112926896 ], [ 72.874149484318011, 19.050134333624072 ], [ 72.874149265870841, 19.050134406078765 ], [ 72.874142383003019, 19.050136641862117 ], [ 72.874142155046869, 19.050136715110494 ], [ 72.874135195882261, 19.05013890033462 ], [ 72.874135019454087, 19.050138955207984 ], [ 72.874128190904841, 19.05014102812456 ], [ 72.874127860980522, 19.050141127296225 ], [ 72.874120759727106, 19.050143207006556 ], [ 72.87412051469849, 19.050143278251667 ], [ 72.874113688013111, 19.050145204859273 ], [ 72.874112812934712, 19.050145446789596 ], [ 72.874106487593664, 19.050147165097972 ], [ 72.874106252154576, 19.050147229227392 ], [ 72.874099198530743, 19.050149074635165 ], [ 72.874099006964144, 19.050149124817708 ], [ 72.874093704803556, 19.050150458378404 ], [ 72.874092160085084, 19.050150847052588 ], [ 72.874091742714938, 19.050150950636297 ], [ 72.874084502283708, 19.0501526963379 ], [ 72.874084374614824, 19.050152726481414 ], [ 72.874077358058358, 19.050154346497674 ], [ 72.874076568335909, 19.05015452437577 ], [ 72.874070077575638, 19.050155955343318 ], [ 72.874069837537391, 19.05015600767717 ], [ 72.874062705634771, 19.050157510745173 ], [ 72.874062500863758, 19.05015755354939 ], [ 72.873843622704072, 19.050202023302582 ], [ 72.873623338760481, 19.050239699345067 ], [ 72.873401882312137, 19.050270540102488 ], [ 72.873400824374244, 19.050270670626016 ], [ 72.873236542065698, 19.050289027542856 ], [ 72.873071843181108, 19.050303623709713 ], [ 72.872906822844584, 19.050314449383773 ], [ 72.872832235641013, 19.050329737277444 ], [ 72.872758174620898, 19.050347189118728 ], [ 72.872757652409064, 19.050347320395215 ], [ 72.872633183474193, 19.050381925831651 ], [ 72.872615949230166, 19.050387249719218 ], [ 72.872547336742315, 19.050409765698646 ], [ 72.872479441991388, 19.050434172341699 ], [ 72.872399164774833, 19.050465856539823 ], [ 72.872320098185739, 19.050500183176332 ], [ 72.872239401094731, 19.050538568333934 ], [ 72.872134903815606, 19.050593618000054 ], [ 72.872053735969246, 19.050640828909252 ], [ 72.871988414615643, 19.050691352372354 ], [ 72.871980887772906, 19.050698868384902 ], [ 72.871978145670511, 19.050701606184532 ], [ 72.871944650254122, 19.050725248649471 ], [ 72.871915824732724, 19.050745594741233 ], [ 72.871683006105286, 19.050909928403762 ], [ 72.871356511579378, 19.051140381561293 ], [ 72.871300870270971, 19.051179655098206 ], [ 72.871077260428379, 19.051200184346914 ], [ 72.870998943109271, 19.051206045246115 ], [ 72.87084287535157, 19.05122276946728 ], [ 72.870553475170738, 19.051253781839204 ], [ 72.870344600967343, 19.051276164848158 ], [ 72.870322063539263, 19.051280877203116 ], [ 72.870299837555024, 19.051285524501694 ], [ 72.870273384675926, 19.051291055180293 ], [ 72.869927591262439, 19.051363355270919 ], [ 72.869921994082873, 19.051362197696797 ], [ 72.869918021200633, 19.051365356628089 ], [ 72.869893754038557, 19.051374157928777 ], [ 72.869881693545722, 19.05137904628354 ], [ 72.869860438006768, 19.05138766195147 ], [ 72.869838314719772, 19.05140449999017 ], [ 72.869814019327265, 19.051415437184243 ], [ 72.869771887225355, 19.051415484574441 ], [ 72.869760667192878, 19.051414287366807 ], [ 72.869759062790109, 19.051413546227668 ], [ 72.869751173907346, 19.051409903491159 ], [ 72.869742830489784, 19.051403397563966 ], [ 72.869734521183901, 19.05139422016132 ], [ 72.869731287851906, 19.051383499869857 ], [ 72.869727029786716, 19.05137901294702 ], [ 72.869722026812099, 19.051375285201829 ], [ 72.869716427616481, 19.051372425839954 ], [ 72.869710396407143, 19.051370518954734 ], [ 72.86970411104538, 19.051369620795871 ], [ 72.869697757370957, 19.051369757897291 ], [ 72.869665942225623, 19.051370163751017 ], [ 72.869620186116506, 19.051370746452314 ], [ 72.86949409379821, 19.051379891239627 ], [ 72.869195945812535, 19.051382784643248 ], [ 72.869149722171741, 19.05138323356363 ], [ 72.869080505071082, 19.051392563407699 ], [ 72.868932137829418, 19.051412562548581 ], [ 72.868924761572814, 19.051413556756184 ], [ 72.868895114767597, 19.051417552721151 ], [ 72.868509343310052, 19.051833813485917 ], [ 72.868231262940313, 19.052196733127857 ], [ 72.868039728941667, 19.052359883911844 ], [ 72.867726508985214, 19.052459564601904 ], [ 72.867706041899496, 19.052466078174682 ], [ 72.867681257072448, 19.052473965392135 ], [ 72.8676183583447, 19.052495842695002 ], [ 72.867498205546909, 19.052537632834305 ], [ 72.867371398667288, 19.052368616359061 ], [ 72.867340782975802, 19.052326007605213 ], [ 72.867265458930035, 19.052221178925013 ], [ 72.867169092112718, 19.052087064203054 ], [ 72.8671631676022, 19.05207881843366 ], [ 72.867034701458877, 19.051900030921544 ], [ 72.865866351837823, 19.051994517419466 ] ] ] } },
{ "type": "Feature", "properties": { "dt_code": null, "district": "Mumbai Suburban", "st_nm": "Maharashtra", "st_code": "27", "year": "2011_c" }, "geometry": { "type": "MultiPolygon", "coordinates": [ [ [ [ 72.852425391773551, 19.268276662909869 ], [ 72.851517293326168, 19.269599515433946 ], [ 72.851097954366807, 19.269607702417691 ], [ 72.850822627219898, 19.26987900200734 ], [ 72.850024065889741, 19.269434423852591 ], [ 72.849880908189974, 19.269348299085362 ], [ 72.848615023182106, 19.268517671785197 ], [ 72.847910158481909, 19.268021847430823 ], [ 72.847667439152275, 19.267851700722876 ], [ 72.847314851294527, 19.267521574755825 ], [ 72.847103919402201, 19.267324080494696 ], [ 72.846690846694386, 19.267223621310194 ], [ 72.846572166835841, 19.267190358427474 ], [ 72.846237911624712, 19.267092419383854 ], [ 72.846115814495107, 19.267063895890828 ], [ 72.846002145677886, 19.267032285028925 ], [ 72.845582531158414, 19.266918999834726 ], [ 72.845015319619861, 19.267008930070222 ], [ 72.844553664751217, 19.267082122700227 ], [ 72.844208920334722, 19.267144971022002 ], [ 72.84327954074061, 19.267269429000265 ], [ 72.842498990761925, 19.267430689349634 ], [ 72.841549929393892, 19.267392398146242 ], [ 72.841157178239655, 19.267277827823833 ], [ 72.840486791227875, 19.267097839849328 ], [ 72.840042326676468, 19.266832894104613 ], [ 72.83973262625166, 19.266653980375153 ], [ 72.839469664051904, 19.266493143300867 ], [ 72.839118109953446, 19.266216392969067 ], [ 72.839058148607819, 19.266203299732233 ], [ 72.838757883688515, 19.265952061968825 ], [ 72.838232796353253, 19.26524696580659 ], [ 72.837857436237954, 19.264702426800167 ], [ 72.837509422495572, 19.264247430571544 ], [ 72.837323912488245, 19.263937746225249 ], [ 72.836985753093003, 19.263371341521086 ], [ 72.836867192435903, 19.263073601339624 ], [ 72.836664295516286, 19.262555000120653 ], [ 72.836472022824353, 19.261866050555373 ], [ 72.835807508646852, 19.258605313367536 ], [ 72.836206772371256, 19.255025314192761 ], [ 72.838562491242001, 19.25211840655248 ], [ 72.838772246258571, 19.251866241285203 ], [ 72.838929662336284, 19.251679664542614 ], [ 72.839264685045393, 19.25127975674669 ], [ 72.839466448717261, 19.251023421556209 ], [ 72.839575023236833, 19.250881084861764 ], [ 72.839651390414332, 19.250782165641418 ], [ 72.839606858338101, 19.250497456568535 ], [ 72.839548280950211, 19.250138733747768 ], [ 72.83948942750348, 19.249760146358501 ], [ 72.839428785330099, 19.249395287820288 ], [ 72.839370108436782, 19.249044203382756 ], [ 72.839311371692745, 19.248697702161571 ], [ 72.839240352144074, 19.248265494809644 ], [ 72.839181166187785, 19.247912367527682 ], [ 72.839022110513056, 19.247027373776124 ], [ 72.838895833719789, 19.246294596099233 ], [ 72.838869835324886, 19.246127957678695 ], [ 72.8385017599999, 19.245875067465089 ], [ 72.838150705775732, 19.245629068943011 ], [ 72.837780796892829, 19.24537229173459 ], [ 72.837494042120539, 19.245173534525758 ], [ 72.837210425615353, 19.244975411065433 ], [ 72.836828313771306, 19.244709208030407 ], [ 72.836404456608008, 19.244412636915825 ], [ 72.836106502130505, 19.244204783420152 ], [ 72.835873378448284, 19.244041908073271 ], [ 72.83562401251821, 19.24387047542907 ], [ 72.835404586231462, 19.243718515546735 ], [ 72.835193265066991, 19.243572029213048 ], [ 72.83495072480072, 19.243407845518966 ], [ 72.834713216803635, 19.243243722005403 ], [ 72.834516253056123, 19.243105768881772 ], [ 72.834218902970932, 19.242900130058814 ], [ 72.833901729792956, 19.242680933379887 ], [ 72.833597613865209, 19.242473361928834 ], [ 72.833374656091422, 19.242322313712062 ], [ 72.83314197661926, 19.24216433971845 ], [ 72.832838594091214, 19.241958567862053 ], [ 72.832573042538996, 19.241774751577143 ], [ 72.83227118454748, 19.241567922103421 ], [ 72.831941065235398, 19.241340491414114 ], [ 72.831666807814273, 19.241151170366852 ], [ 72.83134886281178, 19.240933704796301 ], [ 72.831137298217925, 19.240791033949133 ], [ 72.830832570038254, 19.240576975003648 ], [ 72.830534151014263, 19.240371115015925 ], [ 72.830111468072658, 19.240084559180254 ], [ 72.829753727819849, 19.239836148616217 ], [ 72.829397201867735, 19.239593033955881 ], [ 72.829058933857127, 19.239360292174066 ], [ 72.828743984706506, 19.239143264622825 ], [ 72.828377759423148, 19.238889876257289 ], [ 72.827985207474867, 19.238621956047826 ], [ 72.827625768675958, 19.238373115212102 ], [ 72.827511690521817, 19.238294140591872 ], [ 72.827295577857228, 19.238144529201001 ], [ 72.819388059555934, 19.240414132575008 ], [ 72.819160975038386, 19.240691032333469 ], [ 72.818948191564516, 19.240951851321011 ], [ 72.818678121273649, 19.241282725180984 ], [ 72.818497676336676, 19.241502968533581 ], [ 72.818351120625181, 19.241683323649127 ], [ 72.818153147709168, 19.241927589378147 ], [ 72.817918388179152, 19.242213716075863 ], [ 72.817731734607563, 19.242441984576139 ], [ 72.817593848102305, 19.242610613655806 ], [ 72.817359840574809, 19.242896748419973 ], [ 72.817171072860759, 19.243129652535327 ], [ 72.816940211794929, 19.243410805829814 ], [ 72.816755556199169, 19.243637066458685 ], [ 72.816644024586537, 19.24377529941393 ], [ 72.81648494227683, 19.243970319683431 ], [ 72.816360094841997, 19.244126077775867 ], [ 72.816262464070434, 19.244240578772335 ], [ 72.816152447854151, 19.244378350727608 ], [ 72.816042295266669, 19.244488400021538 ], [ 72.815817403940585, 19.244712745681486 ], [ 72.815638478234177, 19.244886020459322 ], [ 72.815499278298475, 19.245023443444502 ], [ 72.815299929360407, 19.245218938090709 ], [ 72.815137783080843, 19.245379029560585 ], [ 72.814982795073789, 19.245530603127147 ], [ 72.814840008885582, 19.245672762544732 ], [ 72.814692675605514, 19.245816301828917 ], [ 72.814567236766251, 19.245940506150653 ], [ 72.814419392739808, 19.246084516874081 ], [ 72.814255242550942, 19.24624506668216 ], [ 72.814246558829666, 19.246253560729382 ], [ 72.814079793997578, 19.246420287881683 ], [ 72.813968422470452, 19.246528459549666 ], [ 72.813943680937982, 19.24655248954959 ], [ 72.813795835814815, 19.246696499652028 ], [ 72.813646940126333, 19.246843842602164 ], [ 72.813473073303697, 19.247014785358513 ], [ 72.813317566563398, 19.247167306634498 ], [ 72.813138081892404, 19.247344395135919 ], [ 72.812881103541983, 19.247597030214202 ], [ 72.812774016204571, 19.247703289523891 ], [ 72.812654209720193, 19.247819912905864 ], [ 72.812511980486278, 19.247957775628077 ], [ 72.812343683232996, 19.248125915054494 ], [ 72.812219749827761, 19.248250136340264 ], [ 72.812065133627044, 19.248411270201572 ], [ 72.811904943280396, 19.248575204957497 ], [ 72.811742166953834, 19.248744366275538 ], [ 72.811551318467025, 19.248943303232124 ], [ 72.811408953260937, 19.249091199922699 ], [ 72.811216600354484, 19.2492896406449 ], [ 72.810929817469173, 19.249588277329728 ], [ 72.810810023974184, 19.249741701282133 ], [ 72.810635912122038, 19.249968558259187 ], [ 72.810514086072573, 19.250123391952464 ], [ 72.810300054546687, 19.250400434259458 ], [ 72.810054325450423, 19.250714855961718 ], [ 72.809831083153043, 19.251003258215832 ], [ 72.809703593696284, 19.251167582213011 ], [ 72.809559188206421, 19.251355123170082 ], [ 72.809463322640255, 19.251477012927054 ], [ 72.809418419528072, 19.251534105243309 ], [ 72.809337027235387, 19.251637802134812 ], [ 72.809270435210522, 19.251725905093711 ], [ 72.809060067358956, 19.251991996301026 ], [ 72.808947390428457, 19.252139768487929 ], [ 72.808794837930989, 19.252334380847277 ], [ 72.808647348783467, 19.25252666379123 ], [ 72.808527575329947, 19.252678174854335 ], [ 72.808377015749301, 19.252874244066476 ], [ 72.808263853597552, 19.253020576483689 ], [ 72.808130750660368, 19.253190567263953 ], [ 72.808001562251462, 19.253330971912941 ], [ 72.807839160357389, 19.253509214409515 ], [ 72.807619583432384, 19.253748427919611 ], [ 72.807435716279315, 19.253951266589599 ], [ 72.807314685709187, 19.254083643068686 ], [ 72.807067523007234, 19.254353592205032 ], [ 72.806903609075164, 19.254531815543174 ], [ 72.806890101621718, 19.25454655037916 ], [ 72.806771858990871, 19.254675533932108 ], [ 72.806635013077539, 19.254823970928104 ], [ 72.806489976967683, 19.254982823952094 ], [ 72.806252001178677, 19.255242845336941 ], [ 72.806119766002638, 19.255385123010786 ], [ 72.805960398100922, 19.255561966439988 ], [ 72.805824047359962, 19.255710886434233 ], [ 72.805693320478312, 19.255853181828297 ], [ 72.805614304450842, 19.255929184379365 ], [ 72.805439565152952, 19.25608863640262 ], [ 72.805265297698298, 19.256250482910733 ], [ 72.805050323539092, 19.256445776365396 ], [ 72.804849062361811, 19.256631674469155 ], [ 72.804582604476749, 19.256876056096814 ], [ 72.804398176660428, 19.257044949381253 ], [ 72.804170436609979, 19.257253948220075 ], [ 72.803972185222449, 19.257440359122718 ], [ 72.803809583658406, 19.257595175234634 ], [ 72.803620012972161, 19.257772131173596 ], [ 72.803423952560749, 19.257945185574481 ], [ 72.803243891276807, 19.258088320416952 ], [ 72.803054179314316, 19.258238030135871 ], [ 72.802834468058123, 19.25841079958386 ], [ 72.802717474747183, 19.25850402836009 ], [ 72.802475902259019, 19.258693262189176 ], [ 72.80206522187018, 19.258807813958473 ], [ 72.801729846733622, 19.258898416386945 ], [ 72.801269948846041, 19.258789069792865 ], [ 72.801092408065074, 19.258746277844377 ], [ 72.800892037714334, 19.258711241636593 ], [ 72.800884981032084, 19.258710022309174 ], [ 72.800915507861234, 19.259010735091234 ], [ 72.800938329787542, 19.259248231928996 ], [ 72.800932629500906, 19.259359095800392 ], [ 72.800929556781142, 19.25941884379899 ], [ 72.800807030440168, 19.259620311400507 ], [ 72.800640299804471, 19.259888437517066 ], [ 72.800567286842522, 19.259941305115102 ], [ 72.80046520889772, 19.260010336519422 ], [ 72.800453061711195, 19.260053206150172 ], [ 72.800435079679133, 19.260118469522961 ], [ 72.800367835136313, 19.260330349410438 ], [ 72.800414507773766, 19.260528784505198 ], [ 72.800663290439203, 19.260780313777222 ], [ 72.800896736489705, 19.26101206203596 ], [ 72.800863398407685, 19.261096736948044 ], [ 72.80057505586494, 19.261207498815562 ], [ 72.80052153132506, 19.261296232790553 ], [ 72.800432018990321, 19.261441887181153 ], [ 72.800297650071826, 19.261658426430486 ], [ 72.800213996151371, 19.261798714702675 ], [ 72.800103114292583, 19.261834422171837 ], [ 72.799903126034209, 19.26190042226013 ], [ 72.799829184372541, 19.261878621878473 ], [ 72.799757858305966, 19.262061477012349 ], [ 72.799704483902929, 19.262195557644603 ], [ 72.799566391920507, 19.262172387012452 ], [ 72.79939595188452, 19.262145541842411 ], [ 72.799351262865528, 19.262142356497353 ], [ 72.799231112080633, 19.262140049175201 ], [ 72.799123921486, 19.262139523612738 ], [ 72.799059702388973, 19.262139610240094 ], [ 72.799047586228056, 19.262139435448841 ], [ 72.79901975006301, 19.262139033437947 ], [ 72.798897880946598, 19.262137279652929 ], [ 72.798795432990985, 19.262135854499363 ], [ 72.798755985923606, 19.262135188886191 ], [ 72.798700416008046, 19.262135761605151 ], [ 72.798669836052341, 19.26213542856183 ], [ 72.798585985512148, 19.262134483770506 ], [ 72.798496516967219, 19.262133472181638 ], [ 72.798401225760671, 19.262132193517381 ], [ 72.798320776360782, 19.262131026732721 ], [ 72.798278749646414, 19.262130388654345 ], [ 72.798224096915973, 19.262129796286729 ], [ 72.798154946773195, 19.262129227076212 ], [ 72.798128521042827, 19.262129039723931 ], [ 72.79806326234727, 19.26212792484397 ], [ 72.798028586271485, 19.262127441190223 ], [ 72.797995853722625, 19.262126849073066 ], [ 72.797981281551586, 19.262127200103205 ], [ 72.797906207674998, 19.26212873348101 ], [ 72.797871723943999, 19.262129372103985 ], [ 72.797809225078538, 19.262129409467718 ], [ 72.797778147826236, 19.262129496602387 ], [ 72.797708508346787, 19.262129250098365 ], [ 72.797627356083666, 19.2621287998235 ], [ 72.797564446892594, 19.262128370615603 ], [ 72.797522134607846, 19.262128322335986 ], [ 72.797456584206017, 19.262128256875521 ], [ 72.7973856311676, 19.262127665649555 ], [ 72.797341389384584, 19.262126605055155 ], [ 72.796067300134979, 19.262154482781053 ], [ 72.795877982747967, 19.262135077782322 ], [ 72.795670541743647, 19.262104376990745 ], [ 72.795315902298356, 19.262054216568782 ], [ 72.795102390388422, 19.262025830932242 ], [ 72.794885272224107, 19.261992177347857 ], [ 72.794660462297514, 19.261961983060743 ], [ 72.794556273258195, 19.261943997558294 ], [ 72.794412562773545, 19.261917768382176 ], [ 72.794204348710508, 19.261893150636986 ], [ 72.794151329399114, 19.26188742302072 ], [ 72.793995792961269, 19.261870619479424 ], [ 72.793757403688772, 19.261844443016724 ], [ 72.793509284862722, 19.261816653982851 ], [ 72.793204960339907, 19.261781614283709 ], [ 72.79300489564973, 19.261759184526348 ], [ 72.792769990238057, 19.26173125598239 ], [ 72.792573050371374, 19.261710357411008 ], [ 72.792560980345272, 19.261719173348283 ], [ 72.792448066406237, 19.261695106546597 ], [ 72.792447724490756, 19.261695071708075 ], [ 72.792355088373014, 19.261685619884361 ], [ 72.792296180422582, 19.261715676433052 ], [ 72.792249398820914, 19.261685837332134 ], [ 72.792221583380126, 19.261713162324764 ], [ 72.792023655827819, 19.261648637723727 ], [ 72.791871775591943, 19.261640589881694 ], [ 72.791618198816622, 19.26156009849133 ], [ 72.791275407719382, 19.261452241667548 ], [ 72.789963448798773, 19.26134036389346 ], [ 72.789782341509422, 19.261287032439615 ], [ 72.789584846082832, 19.261493797879126 ], [ 72.789443962597375, 19.261641573292977 ], [ 72.789314167005628, 19.261778729015244 ], [ 72.789232614305035, 19.261864849475714 ], [ 72.789117381026458, 19.261985692091098 ], [ 72.788969583237929, 19.262142345106962 ], [ 72.788884217563378, 19.262231286956101 ], [ 72.788782747274638, 19.262339032115865 ], [ 72.788682065524284, 19.262444277620993 ], [ 72.788578301997703, 19.262554146351331 ], [ 72.788458862240617, 19.262678880090082 ], [ 72.788371179955845, 19.262771736140156 ], [ 72.788258619736609, 19.262890101310919 ], [ 72.788167898837671, 19.262984354774787 ], [ 72.788121188200307, 19.26303361614772 ], [ 72.787943625081255, 19.263101725524294 ], [ 72.787726586840336, 19.263186205457931 ], [ 72.787575585996123, 19.26324388229499 ], [ 72.787387014917229, 19.263316518419344 ], [ 72.787172260483018, 19.263399591890821 ], [ 72.78696319457363, 19.263480582514369 ], [ 72.786738936481825, 19.263568557709824 ], [ 72.786547308039204, 19.263644023574201 ], [ 72.786261948144073, 19.263756709778487 ], [ 72.785957582187237, 19.263879202660814 ], [ 72.785642218789803, 19.2640055033715 ], [ 72.785336758936694, 19.264125114186466 ], [ 72.785090089077201, 19.26422357016332 ], [ 72.784804697542356, 19.264338404067633 ], [ 72.78464454101956, 19.2644031361055 ], [ 72.784374331458153, 19.26451170166683 ], [ 72.78421607088066, 19.264575740035486 ], [ 72.784140222409661, 19.264377665906768 ], [ 72.784048177775773, 19.264148926496837 ], [ 72.783966760395387, 19.263943974599606 ], [ 72.783943005375278, 19.26388597415044 ], [ 72.784058597951699, 19.263766931599598 ], [ 72.784154686620766, 19.263666652446837 ], [ 72.784309675373251, 19.263509015322402 ], [ 72.784457759726962, 19.263359538854221 ], [ 72.784568319607132, 19.263249756041233 ], [ 72.784617300211963, 19.263200164615874 ], [ 72.784650248452408, 19.263023484068118 ], [ 72.784674521162884, 19.262880691600657 ], [ 72.784703973076233, 19.262711375884031 ], [ 72.78473928548128, 19.262514023258337 ], [ 72.78466995774987, 19.262286134797076 ], [ 72.784669830460103, 19.262285698809954 ], [ 72.784634135418713, 19.262163884593555 ], [ 72.784597984320683, 19.262042535418892 ], [ 72.784570947392723, 19.261951750263982 ], [ 72.784539170862203, 19.261906438519919 ], [ 72.784431184829742, 19.261743813525513 ], [ 72.784384520504702, 19.261672390129192 ], [ 72.784265920005154, 19.261567227829271 ], [ 72.784224531219053, 19.261528432707244 ], [ 72.784146397710032, 19.261436124015265 ], [ 72.784079839629413, 19.261356618632064 ], [ 72.78402298063628, 19.261287784824734 ], [ 72.783941717820838, 19.261192121538205 ], [ 72.783876103673407, 19.261113230884138 ], [ 72.783738677305024, 19.260944218821258 ], [ 72.783735855913449, 19.260938742771238 ], [ 72.783693811277672, 19.260857137357284 ], [ 72.783671509247853, 19.260792039027606 ], [ 72.783645737057498, 19.260721265298816 ], [ 72.783586107806514, 19.260617783160587 ], [ 72.783515655771083, 19.260500428338467 ], [ 72.783453071382539, 19.260406170954315 ], [ 72.783433652058406, 19.260376660631842 ], [ 72.783397091627165, 19.260335292854812 ], [ 72.783396182214673, 19.260334318102153 ], [ 72.783350892026291, 19.260285742520658 ], [ 72.783245271967189, 19.260171818787043 ], [ 72.783243616427725, 19.260170032935203 ], [ 72.783105461064366, 19.260023723792262 ], [ 72.783104371463963, 19.260022569824059 ], [ 72.782961784967839, 19.259913002737473 ], [ 72.782957879983059, 19.25991010213767 ], [ 72.782868979688232, 19.259844068690484 ], [ 72.782863176996642, 19.259831152858791 ], [ 72.782759555622007, 19.259724449009866 ], [ 72.782698159145227, 19.259658881849798 ], [ 72.782627358886643, 19.259556321639405 ], [ 72.782613313593998, 19.259535975371037 ], [ 72.7826038074531, 19.259520875811127 ], [ 72.782582655371485, 19.259487279052056 ], [ 72.782557909981605, 19.259447974675073 ], [ 72.782535460815026, 19.259412318214338 ], [ 72.782501961380433, 19.25927724324994 ], [ 72.782456089866486, 19.259093871693217 ], [ 72.782410173795952, 19.258913748436839 ], [ 72.78238550472382, 19.258807822392075 ], [ 72.782223565173837, 19.258698606274997 ], [ 72.782212960530401, 19.258373878410691 ], [ 72.782202592554384, 19.258063371742796 ], [ 72.782190052409561, 19.257723589164627 ], [ 72.782185516120464, 19.257583781348394 ], [ 72.782361945544039, 19.257347042272254 ], [ 72.782411197891037, 19.257278982157931 ], [ 72.782501514400224, 19.257083855192704 ], [ 72.78260993920648, 19.256846290963097 ], [ 72.782629905819917, 19.256792906810958 ], [ 72.782720815132507, 19.25652181694208 ], [ 72.782778171067079, 19.256357320734477 ], [ 72.782810243824045, 19.256265334726944 ], [ 72.782857134768264, 19.256118431657221 ], [ 72.78283521344251, 19.25583987945075 ], [ 72.782806933198813, 19.255588875728005 ], [ 72.782776883272518, 19.255342319628532 ], [ 72.782796888949122, 19.255095151177564 ], [ 72.782813341307545, 19.254857690687892 ], [ 72.782824216000947, 19.254685163008865 ], [ 72.782887750205262, 19.254474647136735 ], [ 72.782913170423328, 19.254385252994361 ], [ 72.782919179602899, 19.254364120275795 ], [ 72.782938567376192, 19.25425832203004 ], [ 72.78295751630624, 19.254153331347812 ], [ 72.782991424006212, 19.253953863736168 ], [ 72.783027677540886, 19.25373898686988 ], [ 72.783058183646659, 19.253506164857892 ], [ 72.783075816913154, 19.253403595053811 ], [ 72.783102691899387, 19.253249949618208 ], [ 72.78306001592442, 19.25305158480159 ], [ 72.782990899443988, 19.252751741614251 ], [ 72.782991650852992, 19.252744516005283 ], [ 72.783009077468648, 19.252576864639021 ], [ 72.783014406005989, 19.252466833253486 ], [ 72.783013208606803, 19.252428630980763 ], [ 72.783017237108623, 19.252319802263568 ], [ 72.783026031851804, 19.252089847519287 ], [ 72.783028449826674, 19.252026620456107 ], [ 72.783034342642267, 19.251906440198731 ], [ 72.783054106472306, 19.251658271493493 ], [ 72.783235615360269, 19.251596462144775 ], [ 72.783252887850793, 19.251359708672659 ], [ 72.783273854979697, 19.25104425080227 ], [ 72.783282813144154, 19.250910368015155 ], [ 72.783282978597214, 19.250907892512487 ], [ 72.783304770334524, 19.250594888699784 ], [ 72.783372312805881, 19.250388355358364 ], [ 72.783385690501689, 19.250347934414219 ], [ 72.783446973517059, 19.250162761973041 ], [ 72.783523010007798, 19.249962442609913 ], [ 72.783557697059194, 19.249870797755801 ], [ 72.783613733279495, 19.249786336540087 ], [ 72.783775839976855, 19.249820075985848 ], [ 72.78374578707448, 19.249586735633262 ], [ 72.783675500098184, 19.249711289372769 ], [ 72.783525800483474, 19.249774070155333 ], [ 72.783436481995665, 19.249768112123864 ], [ 72.783266402334846, 19.249851365343197 ], [ 72.783141002361262, 19.249792969250588 ], [ 72.783058905214872, 19.249536032064331 ], [ 72.78299383250301, 19.249349177253308 ], [ 72.78293218646121, 19.249161957522567 ], [ 72.782912158161608, 19.249092650696934 ], [ 72.782883607824814, 19.248989115440821 ], [ 72.782863574989733, 19.248919228695858 ], [ 72.782826814085354, 19.248790985013112 ], [ 72.782787098161876, 19.248658876791779 ], [ 72.782727414913083, 19.248446003429592 ], [ 72.782727095478293, 19.248444864220769 ], [ 72.782676438840525, 19.248267527830123 ], [ 72.782636052998939, 19.248121597759706 ], [ 72.782587382057173, 19.247955661372462 ], [ 72.782529530064295, 19.247740861951325 ], [ 72.782529469943881, 19.247740665225649 ], [ 72.78248116612356, 19.247583866544279 ], [ 72.78242324338261, 19.247374347322761 ], [ 72.782588205669356, 19.247321502471639 ], [ 72.78254226817117, 19.247157889765894 ], [ 72.782470742874821, 19.247164741473544 ], [ 72.782416347294813, 19.246883764120497 ], [ 72.782350010468051, 19.246536422162944 ], [ 72.782280043332719, 19.246172785606863 ], [ 72.782370533088653, 19.246155195260624 ], [ 72.782308689986394, 19.245950910481024 ], [ 72.782170926754645, 19.245854176337676 ], [ 72.782042582539802, 19.245764054914865 ], [ 72.78192349992409, 19.24568135992056 ], [ 72.781838829884293, 19.245425203222066 ], [ 72.781739013841516, 19.245118487148712 ], [ 72.781696560815078, 19.245040197749478 ], [ 72.781536379358556, 19.244746568686136 ], [ 72.781386905592569, 19.244501436325681 ], [ 72.781301472409808, 19.244358649361917 ], [ 72.781259616165045, 19.244179557973457 ], [ 72.781214158729483, 19.24397698458381 ], [ 72.781162030976219, 19.243771967485301 ], [ 72.781153144470778, 19.243737017443959 ], [ 72.781152115841678, 19.243732609944328 ], [ 72.781103514232115, 19.243524347016198 ], [ 72.78104925432929, 19.243306412514141 ], [ 72.780982889724569, 19.243027315683872 ], [ 72.781201583707471, 19.242989414059419 ], [ 72.781146331903685, 19.242816113258893 ], [ 72.781103987538799, 19.242702496913434 ], [ 72.781128172568216, 19.242556181069833 ], [ 72.781128291609804, 19.242555460848202 ], [ 72.781161087607956, 19.242417828128687 ], [ 72.781047405518535, 19.242161967876825 ], [ 72.78131413082258, 19.241960203661513 ], [ 72.781595162152968, 19.24179368957078 ], [ 72.78159609868105, 19.241793134613388 ], [ 72.781681872868134, 19.241742312272631 ], [ 72.781659713747487, 19.241704554005526 ], [ 72.781657614600036, 19.241700977126765 ], [ 72.781589714477064, 19.241581563096695 ], [ 72.781517189005328, 19.241455221332558 ], [ 72.781444353884567, 19.241328577733356 ], [ 72.781394222825796, 19.241279303914652 ], [ 72.781361442962805, 19.241223282158266 ], [ 72.781294109617576, 19.241102692618892 ], [ 72.781292964265546, 19.241082491963372 ], [ 72.781299447267003, 19.240951583307599 ], [ 72.781313850628706, 19.240758416619055 ], [ 72.781323431378112, 19.240683987179704 ], [ 72.781302771876057, 19.240639311312691 ], [ 72.781215897856157, 19.240459312737805 ], [ 72.781213218912086, 19.240450836130499 ], [ 72.781193622554895, 19.24038883239977 ], [ 72.781129089383327, 19.240183125668413 ], [ 72.781118975973499, 19.240150887546385 ], [ 72.781051827460985, 19.239939130084696 ], [ 72.780976908856601, 19.23972137498783 ], [ 72.780958852268867, 19.239580423988727 ], [ 72.780903214755739, 19.239485616568935 ], [ 72.780902349679351, 19.239484111263028 ], [ 72.780879596868516, 19.239444498668909 ], [ 72.780854593564527, 19.239400970454884 ], [ 72.780805098055922, 19.239314802655485 ], [ 72.78074984489686, 19.239191418658141 ], [ 72.78070253779191, 19.23908521797167 ], [ 72.780647281918718, 19.238986376870258 ], [ 72.780610116214902, 19.238919736071722 ], [ 72.780549730607532, 19.238811459206232 ], [ 72.78041455335277, 19.238652105342172 ], [ 72.780370579023668, 19.238583851877515 ], [ 72.780368957933078, 19.238581995985214 ], [ 72.780315276796571, 19.238520519871685 ], [ 72.780314300973487, 19.238519401600939 ], [ 72.780108049675945, 19.23828536503839 ], [ 72.780046428445331, 19.238321055674199 ], [ 72.779827544129304, 19.238099232339117 ], [ 72.779645121831052, 19.237917888743418 ], [ 72.77951473650225, 19.237790022403363 ], [ 72.779364656995455, 19.237642147518315 ], [ 72.779285502582397, 19.237505165245718 ], [ 72.779209796078661, 19.237381772044987 ], [ 72.77910042619348, 19.237189263955383 ], [ 72.778989717366429, 19.237002715207073 ], [ 72.779053893003365, 19.236767506042767 ], [ 72.779087995992541, 19.236710566087073 ], [ 72.779111835278172, 19.236668437947195 ], [ 72.77913081097185, 19.23663625292815 ], [ 72.779172340449605, 19.236565815184594 ], [ 72.779202541252175, 19.236518386517524 ], [ 72.779333249771, 19.236293544195487 ], [ 72.779431043472144, 19.23617763326995 ], [ 72.779521334002069, 19.23613980682067 ], [ 72.779554391204584, 19.236125957978274 ], [ 72.779637948992743, 19.236104626397431 ], [ 72.779660807828236, 19.236021050575957 ], [ 72.779661862935043, 19.236017191313646 ], [ 72.779702248085869, 19.235869537595345 ], [ 72.779720854169284, 19.235806131242104 ], [ 72.779767048595019, 19.235709578481519 ], [ 72.779853392647397, 19.235651590356458 ], [ 72.779924282782986, 19.235603980467289 ], [ 72.78001215411463, 19.23543805450716 ], [ 72.780048943560956, 19.235367547254395 ], [ 72.780116270979335, 19.235270534481973 ], [ 72.780137621748949, 19.235169737714106 ], [ 72.78013814198107, 19.235167255678402 ], [ 72.780166243456634, 19.235033195143984 ], [ 72.780177435271256, 19.234861346882226 ], [ 72.78018014834754, 19.234819675829726 ], [ 72.780180981044467, 19.234806895559128 ], [ 72.780193047906167, 19.234620527045166 ], [ 72.780193361173744, 19.234615686021034 ], [ 72.780230387696236, 19.234471361237055 ], [ 72.780157610576907, 19.234468686525933 ], [ 72.780148556480157, 19.234356413250108 ], [ 72.780146854625187, 19.234286513880321 ], [ 72.780231945954, 19.234130946339519 ], [ 72.780430329032242, 19.234135502058965 ], [ 72.780357947122141, 19.233979152663565 ], [ 72.780341974299844, 19.23395458398198 ], [ 72.780340372137559, 19.233947290991157 ], [ 72.780293964915089, 19.233736055955038 ], [ 72.780381935932283, 19.233592662383526 ], [ 72.780383150109586, 19.23359069004427 ], [ 72.780422143121584, 19.233527323973302 ], [ 72.780435319324752, 19.233505912375072 ], [ 72.780485720165117, 19.233424009838622 ], [ 72.780486299755907, 19.233423053141031 ], [ 72.780522478321728, 19.233363345237105 ], [ 72.780524315314068, 19.233360312853719 ], [ 72.780537015919165, 19.233313866589796 ], [ 72.780536802256151, 19.233301676968754 ], [ 72.780568900231344, 19.233229042482563 ], [ 72.780615425555979, 19.233123757529711 ], [ 72.780643856594409, 19.23305814437914 ], [ 72.78050703573868, 19.232932444498786 ], [ 72.780547029134993, 19.232708531146727 ], [ 72.780547164601245, 19.232707012684767 ], [ 72.780556359123651, 19.232603973832042 ], [ 72.780554276023423, 19.23254784830738 ], [ 72.780547493004974, 19.232365129489182 ], [ 72.780546932812697, 19.232331461814471 ], [ 72.780546466197791, 19.232303424990953 ], [ 72.780544988764916, 19.232214545526279 ], [ 72.780536884884299, 19.232031336501187 ], [ 72.780554980161043, 19.231942547152087 ], [ 72.780638914479582, 19.231713597349859 ], [ 72.780653630648885, 19.231714422489144 ], [ 72.780650482007431, 19.231682815262868 ], [ 72.780908105541087, 19.231403143308906 ], [ 72.780805670667732, 19.231235465674438 ], [ 72.780602054800354, 19.230902159516166 ], [ 72.78043989399815, 19.230641024806769 ], [ 72.78032137624659, 19.230446017674556 ], [ 72.780133382471988, 19.230141554056821 ], [ 72.779997154113417, 19.229916579302103 ], [ 72.779883349370706, 19.22973596760232 ], [ 72.779761049825893, 19.229541631487624 ], [ 72.779633961462665, 19.229338634139427 ], [ 72.779570246554101, 19.229232054613721 ], [ 72.77947071579122, 19.229080749847732 ], [ 72.779020490112472, 19.228426875424177 ], [ 72.778886828845728, 19.228212093234927 ], [ 72.778784289954601, 19.228044442412926 ], [ 72.77863876931869, 19.227806390382025 ], [ 72.778459556720406, 19.227515644346656 ], [ 72.778393862221179, 19.227409301526713 ], [ 72.778337831081075, 19.22731860215405 ], [ 72.778209422527908, 19.22710689916957 ], [ 72.778077921035688, 19.226889126037097 ], [ 72.777986801829769, 19.22673820456567 ], [ 72.7778824809036, 19.226585111371904 ], [ 72.777758417168158, 19.22640463068927 ], [ 72.777752667399184, 19.226396147490142 ], [ 72.777634387502488, 19.226221636722062 ], [ 72.777528506587402, 19.226066513893368 ], [ 72.777309355495433, 19.226030169960517 ], [ 72.776940802372735, 19.22596586918305 ], [ 72.776574888619479, 19.225902102829025 ], [ 72.776518714425521, 19.22567166927686 ], [ 72.776469535407003, 19.225471988264349 ], [ 72.77641336725091, 19.225241052585044 ], [ 72.776338588316406, 19.224937998962183 ], [ 72.776328560084423, 19.224896652855946 ], [ 72.776339009744589, 19.224592120720079 ], [ 72.776353432893913, 19.224228314897641 ], [ 72.776361422132922, 19.223962101345567 ], [ 72.776363989698041, 19.223876526277717 ], [ 72.776383751387456, 19.223509265442313 ], [ 72.776391158166561, 19.223470141622379 ], [ 72.776536443706348, 19.223253215284469 ], [ 72.776727240510127, 19.222957911663773 ], [ 72.776729246418881, 19.222730196050286 ], [ 72.776729702282012, 19.222421018228992 ], [ 72.776729166818455, 19.222264157503965 ], [ 72.776727932731674, 19.222119856466893 ], [ 72.776977321178506, 19.221993177858117 ], [ 72.7771739652582, 19.221892504225185 ], [ 72.777477705843552, 19.221738331569096 ], [ 72.777649330229522, 19.221648413510216 ], [ 72.777759850941095, 19.221418997959553 ], [ 72.777840464201162, 19.221249045367987 ], [ 72.777937858563661, 19.221051143266973 ], [ 72.777992328102712, 19.220936174234886 ], [ 72.778091927056451, 19.220731763128413 ], [ 72.778156150836594, 19.220599819105896 ], [ 72.778170048494118, 19.220571494123131 ], [ 72.778235596993625, 19.220437896094904 ], [ 72.778254603405514, 19.220401929596285 ], [ 72.778531884529883, 19.220404791309562 ], [ 72.779026082245096, 19.220412796289352 ], [ 72.779029808901555, 19.220214259566372 ], [ 72.779030318157183, 19.219979487610019 ], [ 72.779025776660262, 19.219687341094758 ], [ 72.779022361693492, 19.219390181861922 ], [ 72.77901850663477, 19.21912569458258 ], [ 72.779121717445818, 19.219006791989653 ], [ 72.779268511009946, 19.218834624325751 ], [ 72.779369638121224, 19.218713182651776 ], [ 72.7795088889429, 19.218542036945856 ], [ 72.779631517839093, 19.218391177144476 ], [ 72.779754107362507, 19.21824316007357 ], [ 72.780044287876962, 19.218194677099245 ], [ 72.780264194471528, 19.218156310533278 ], [ 72.780580205318358, 19.21810428122577 ], [ 72.780608167589946, 19.218034392596259 ], [ 72.780617028948811, 19.218020878631798 ], [ 72.780633319603524, 19.217997755999509 ], [ 72.780638059641376, 19.217990512772548 ], [ 72.780918534365426, 19.217561933630321 ], [ 72.781165178285519, 19.217190782205254 ], [ 72.781420445062764, 19.216797366715735 ], [ 72.78146430055709, 19.216092981626851 ], [ 72.781679879127395, 19.215625288656415 ], [ 72.781707062500388, 19.215530899701598 ], [ 72.781831861404413, 19.21509755899881 ], [ 72.781843768805999, 19.214960053468197 ], [ 72.781863457854115, 19.214692639037889 ], [ 72.781864870664862, 19.214287353536491 ], [ 72.781819807028015, 19.213899238911917 ], [ 72.781817966909074, 19.213883394134204 ], [ 72.78179349057622, 19.213607798249832 ], [ 72.781785844716438, 19.213506948577866 ], [ 72.781769551969774, 19.213292060127994 ], [ 72.781769382578403, 19.213289875009561 ], [ 72.781752685011114, 19.213075113524713 ], [ 72.781721496236145, 19.212673964625353 ], [ 72.781663609112357, 19.212338697973138 ], [ 72.781624167698524, 19.212157565893065 ], [ 72.781618112654044, 19.212129760298403 ], [ 72.78146421007402, 19.211451116807638 ], [ 72.781459771235745, 19.211401286049476 ], [ 72.781409990648825, 19.210842506236688 ], [ 72.781386871226545, 19.210765753870877 ], [ 72.781351756070336, 19.210683120824708 ], [ 72.781303877912578, 19.210565276778979 ], [ 72.78126564150196, 19.210471164915933 ], [ 72.781209222070402, 19.210353940887174 ], [ 72.781179749068173, 19.210292689281712 ], [ 72.781176134874755, 19.210285277093806 ], [ 72.781175045802115, 19.210283043805052 ], [ 72.781144350890827, 19.210220107355248 ], [ 72.781062063895291, 19.210029876672795 ], [ 72.781019006862948, 19.209930348528822 ], [ 72.780973264724139, 19.209809300407944 ], [ 72.78094640382308, 19.209724726025176 ], [ 72.780863728648626, 19.209464414769936 ], [ 72.780863492381911, 19.209463671273163 ], [ 72.780850038040754, 19.209422459063802 ], [ 72.780833853784841, 19.209372556486954 ], [ 72.780831437910706, 19.209365119068 ], [ 72.780822313515117, 19.209332746667592 ], [ 72.780805022360042, 19.20927159831967 ], [ 72.780772827091909, 19.209158889242602 ], [ 72.780746182122158, 19.20906369386288 ], [ 72.780719014060324, 19.208998123867545 ], [ 72.780711076527894, 19.20898060563697 ], [ 72.780693971477973, 19.20894285637786 ], [ 72.780608925025206, 19.208719578793101 ], [ 72.780604584407271, 19.208692128138605 ], [ 72.780596398855238, 19.208635997238027 ], [ 72.78058446540409, 19.208579941064659 ], [ 72.780575761501154, 19.208539054642646 ], [ 72.78057419548287, 19.208531697967167 ], [ 72.780574166137498, 19.208531546775063 ], [ 72.78056748888055, 19.208497203393627 ], [ 72.780559040604487, 19.208451934966817 ], [ 72.780544450884193, 19.208376958617198 ], [ 72.780528706157241, 19.208294321671264 ], [ 72.780517703344984, 19.208233249483659 ], [ 72.780492941641043, 19.208091475603734 ], [ 72.780483608584944, 19.208037115550098 ], [ 72.780477917493855, 19.208002756113714 ], [ 72.780473940450577, 19.207978749298686 ], [ 72.780473137519053, 19.207973899251677 ], [ 72.780465956535053, 19.207927929023196 ], [ 72.780456308596868, 19.207871317056423 ], [ 72.780444037414838, 19.207797786834572 ], [ 72.780441358791222, 19.207781735896869 ], [ 72.780429475369033, 19.207711333683704 ], [ 72.780421872530312, 19.207678023202241 ], [ 72.780395646595906, 19.207570405560492 ], [ 72.780376813303036, 19.207492988799086 ], [ 72.780401811009767, 19.207392204880225 ], [ 72.780410070489538, 19.207357892503303 ], [ 72.780409463361821, 19.207315858628959 ], [ 72.780408229556997, 19.207296076857549 ], [ 72.780400557176904, 19.207179052101839 ], [ 72.780398979788004, 19.207152639291397 ], [ 72.780356615718873, 19.206733662810372 ], [ 72.780347950752045, 19.20662960339866 ], [ 72.780339522066811, 19.20654101979817 ], [ 72.780339215895779, 19.206533868058152 ], [ 72.780563158192592, 19.206576011383188 ], [ 72.780735669279451, 19.206607972827758 ], [ 72.780831010310351, 19.206626452978114 ], [ 72.780958895326222, 19.206656678793689 ], [ 72.781000903038631, 19.206666149205322 ], [ 72.781094601800945, 19.206713287276532 ], [ 72.781486905653523, 19.206759221376664 ], [ 72.781999321381932, 19.20673583004583 ], [ 72.782138328912225, 19.206706548651599 ], [ 72.782289750078618, 19.20667465265231 ], [ 72.782475155906781, 19.20670234280945 ], [ 72.782637454034798, 19.206667498188455 ], [ 72.782682885789086, 19.206656099337231 ], [ 72.782786953846312, 19.206633461379862 ], [ 72.782885983387629, 19.206611359420478 ], [ 72.782937033905228, 19.206603015420118 ], [ 72.783013952344419, 19.206588412595835 ], [ 72.783071991368843, 19.206574776273829 ], [ 72.783217113869782, 19.206538893256358 ], [ 72.783280843721727, 19.206522935805914 ], [ 72.78333890768802, 19.206507506815317 ], [ 72.783440524410736, 19.206480059001503 ], [ 72.783536172922808, 19.206453279571921 ], [ 72.783567157663782, 19.206446880254394 ], [ 72.783822254690975, 19.206369490172758 ], [ 72.78385153245793, 19.20636219675044 ], [ 72.783856575748032, 19.206361302144444 ], [ 72.784099995362482, 19.2062843548002 ], [ 72.784344358591611, 19.206183583570194 ], [ 72.78434734528075, 19.206180074563701 ], [ 72.784385880966838, 19.206142501601306 ], [ 72.784471911504795, 19.206057884468326 ], [ 72.784479856847739, 19.206050074689298 ], [ 72.784583079848517, 19.205949954833457 ], [ 72.784628091586654, 19.20590629656343 ], [ 72.784660306292125, 19.205873648215356 ], [ 72.7848330288369, 19.205696007227782 ], [ 72.784956853715869, 19.205568705505261 ], [ 72.78520925233741, 19.205305897435061 ], [ 72.785211457401857, 19.205303601918391 ], [ 72.785214906124381, 19.205300588924999 ], [ 72.785228887649723, 19.205282125470269 ], [ 72.785325961940217, 19.205195875541744 ], [ 72.78533113989711, 19.20519116914096 ], [ 72.785363537018299, 19.205164615038687 ], [ 72.78545193888506, 19.205087645537077 ], [ 72.785517091293499, 19.20502595834164 ], [ 72.785521564034497, 19.205021944307823 ], [ 72.785522322630044, 19.205021595801586 ], [ 72.785538141110038, 19.205000844992959 ], [ 72.785649718670058, 19.204891926885821 ], [ 72.785654131154516, 19.204887016129565 ], [ 72.785676772144527, 19.20486384312937 ], [ 72.785772563608333, 19.204768489255617 ], [ 72.78577950941596, 19.20476154616021 ], [ 72.785787637717519, 19.204725218568118 ], [ 72.785849223685403, 19.204596915678643 ], [ 72.785851292683319, 19.204592638658447 ], [ 72.785911709034252, 19.20443899000156 ], [ 72.785932520912297, 19.204274825374451 ], [ 72.785939821146627, 19.204218037140169 ], [ 72.786007157540055, 19.204073552970982 ], [ 72.786029426503319, 19.204026027412485 ], [ 72.786031254534109, 19.204019437953502 ], [ 72.786031541213163, 19.204018405427746 ], [ 72.786041782065723, 19.203990944921326 ], [ 72.786054876882005, 19.203952270235952 ], [ 72.786057659103449, 19.203945492693332 ], [ 72.786062163283688, 19.203924708099688 ], [ 72.786066670013042, 19.203903732957937 ], [ 72.786068601112333, 19.203894770187443 ], [ 72.786072238737646, 19.203878564366981 ], [ 72.786075036375436, 19.203865023725569 ], [ 72.786078220740293, 19.203852635744148 ], [ 72.786085863223263, 19.203822903865806 ], [ 72.786090548439248, 19.203803651506316 ], [ 72.786093930821025, 19.203791456495217 ], [ 72.786099820707989, 19.203772409267348 ], [ 72.78610403124766, 19.203758503633374 ], [ 72.786115826353594, 19.203719263179629 ], [ 72.78612739340474, 19.203681931175513 ], [ 72.786150473937582, 19.203452726175346 ], [ 72.786150486061857, 19.203452601677927 ], [ 72.78616023326434, 19.203378911284268 ], [ 72.786166439130199, 19.203331991897521 ], [ 72.786172148156908, 19.203281278418096 ], [ 72.786174209044148, 19.20321758229149 ], [ 72.78617429319911, 19.203214988367012 ], [ 72.786184509093729, 19.203015565952253 ], [ 72.786191369337502, 19.202878834998824 ], [ 72.78619137640311, 19.202878591215701 ], [ 72.786192606211841, 19.202833444340172 ], [ 72.786197442294224, 19.202754043184282 ], [ 72.786194444993299, 19.202696054795894 ], [ 72.786184049272094, 19.202580025757765 ], [ 72.786173105173859, 19.202458016220376 ], [ 72.786160226258517, 19.202339567273849 ], [ 72.786153489115307, 19.202279143797249 ], [ 72.786133821844842, 19.202151054107254 ], [ 72.78609595052248, 19.201926555560782 ], [ 72.78609567935645, 19.201925008687986 ], [ 72.786082512976151, 19.201849921501381 ], [ 72.786080762028831, 19.201839743679599 ], [ 72.786060144418613, 19.201782737393739 ], [ 72.785999005706415, 19.201621800729058 ], [ 72.785985445342021, 19.201588300999838 ], [ 72.785886384750299, 19.201338653816602 ], [ 72.785771547884153, 19.201051398455231 ], [ 72.785628735454324, 19.2008253990013 ], [ 72.785601546276808, 19.200766941301296 ], [ 72.785556895768366, 19.200671319335626 ], [ 72.785508800379759, 19.200573108670369 ], [ 72.785457485412593, 19.200483816293108 ], [ 72.785269602898381, 19.200421506601842 ], [ 72.785147825485453, 19.200380452511293 ], [ 72.785039752555107, 19.200442711252158 ], [ 72.784823637401175, 19.200567190052563 ], [ 72.784771366376475, 19.200559122117593 ], [ 72.784586870868992, 19.200533985692523 ], [ 72.784371890136512, 19.20045369600934 ], [ 72.784304245101723, 19.200473969266984 ], [ 72.784141505415434, 19.200507268826229 ], [ 72.783987373570298, 19.200540835790921 ], [ 72.783732098371487, 19.200517759217913 ], [ 72.783549543438582, 19.200411525639762 ], [ 72.783315600634296, 19.200273846382579 ], [ 72.783284169281487, 19.200117484560959 ], [ 72.783278285843792, 19.200074880089332 ], [ 72.783272897155157, 19.20003586555989 ], [ 72.783298080808436, 19.200025891543607 ], [ 72.783293336989487, 19.199999555119163 ], [ 72.783286484238431, 19.199978560998151 ], [ 72.783226894781151, 19.199888067020034 ], [ 72.783104798901476, 19.199762022457584 ], [ 72.783075719523822, 19.199697842319662 ], [ 72.783044801835501, 19.199631793771779 ], [ 72.7830306042503, 19.199499541259108 ], [ 72.783038259895122, 19.199420744319426 ], [ 72.783044412414114, 19.199357418437657 ], [ 72.783052638690251, 19.199315283585584 ], [ 72.782990004729953, 19.199152478346349 ], [ 72.782960424734199, 19.199075649839834 ], [ 72.782969788871526, 19.199054310835486 ], [ 72.782987039892532, 19.199026024854401 ], [ 72.782980340846066, 19.199026697109236 ], [ 72.782945641857552, 19.1989334449406 ], [ 72.782868403565629, 19.198725164976956 ], [ 72.782833764690878, 19.198631762685803 ], [ 72.782748905291612, 19.198398699311372 ], [ 72.782650511265572, 19.198144415533573 ], [ 72.782575014291453, 19.197941458433352 ], [ 72.782138691940844, 19.196753845935163 ], [ 72.7818509349637, 19.195971120894825 ], [ 72.781587011657123, 19.195253221414966 ], [ 72.781554954886374, 19.195166005635219 ], [ 72.781505379324926, 19.195031125649507 ], [ 72.781502036915725, 19.195022037698013 ], [ 72.781499181607217, 19.194756644006109 ], [ 72.781594581836728, 19.194537469056339 ], [ 72.781595378301674, 19.194535639748089 ], [ 72.781684506096809, 19.194438280413504 ], [ 72.781750604272148, 19.194428055540428 ], [ 72.781780399129119, 19.194423446552783 ], [ 72.78189630148097, 19.194405515542474 ], [ 72.781896330068975, 19.194405510469071 ], [ 72.781972177590617, 19.194393775874278 ], [ 72.781974834604313, 19.19439420904726 ], [ 72.781974872540118, 19.194394215828709 ], [ 72.781975875211359, 19.194394378796304 ], [ 72.782125993727263, 19.194418883683387 ], [ 72.782166548904428, 19.194425503514388 ], [ 72.782202897041543, 19.194431439289861 ], [ 72.782510556586374, 19.194387619165095 ], [ 72.782568606744576, 19.194361686372133 ], [ 72.782607429593753, 19.194344341812162 ], [ 72.782692163107214, 19.194306485005356 ], [ 72.782704297814405, 19.194301063442172 ], [ 72.782774297526061, 19.194232790545072 ], [ 72.782820755309672, 19.194187475359961 ], [ 72.782823351958527, 19.194186311808405 ], [ 72.783045610067333, 19.194086618252555 ], [ 72.78334732668317, 19.194021828878579 ], [ 72.783487771121258, 19.194014540789201 ], [ 72.783653260185346, 19.194005953953546 ], [ 72.783768652331446, 19.193999968707107 ], [ 72.784121284972173, 19.193925905084917 ], [ 72.784610808209692, 19.193823098091404 ], [ 72.784847124432872, 19.193773468475992 ], [ 72.785031820677389, 19.193734683961782 ], [ 72.785506705592852, 19.193805088187098 ], [ 72.78587162385513, 19.193857285691074 ], [ 72.785913304005859, 19.193863248091763 ], [ 72.785929959481379, 19.193865394761126 ], [ 72.786151893927567, 19.19389400346288 ], [ 72.786497038764722, 19.19394101767443 ], [ 72.786657461488844, 19.19396287400825 ], [ 72.786791197102346, 19.193981888971756 ], [ 72.786892140035491, 19.193996241194171 ], [ 72.786999311859518, 19.194010373197244 ], [ 72.787114557765292, 19.194025569036889 ], [ 72.787214172768245, 19.194038706488154 ], [ 72.787225767585085, 19.194040235580594 ], [ 72.787396808188092, 19.194064183030285 ], [ 72.787482133521877, 19.194076129053787 ], [ 72.787567851721562, 19.1940881294565 ], [ 72.787854775633463, 19.194129609071165 ], [ 72.787854844336152, 19.194129590029338 ], [ 72.788172844215822, 19.194043866349563 ], [ 72.788395284247429, 19.193983917020557 ], [ 72.788490880819694, 19.193958147949616 ], [ 72.788621274916167, 19.193924107781161 ], [ 72.788925113031254, 19.193844783725233 ], [ 72.789164885082315, 19.193782564003616 ], [ 72.78940470363267, 19.193720339092877 ], [ 72.789432475494678, 19.193712864716414 ], [ 72.789691948020831, 19.193643019279651 ], [ 72.789962602778104, 19.193570062079431 ], [ 72.789962630451555, 19.193570054284038 ], [ 72.789978949397408, 19.193565655417075 ], [ 72.790475711217752, 19.193608850015515 ], [ 72.790700551103683, 19.193697835057691 ], [ 72.791311383144361, 19.193931669883309 ], [ 72.791683915023029, 19.194079741400348 ], [ 72.791880148194238, 19.194397261896992 ], [ 72.79196312352947, 19.19453152233633 ], [ 72.796902590128383, 19.195223882679151 ], [ 72.796886144384743, 19.195096057020237 ], [ 72.796818093972561, 19.194567133260097 ], [ 72.796820237154321, 19.193440252684077 ], [ 72.796816638412295, 19.193394440447733 ], [ 72.796811653562756, 19.193375267455753 ], [ 72.796810980052399, 19.193370515638037 ], [ 72.796804864769967, 19.193327354828359 ], [ 72.796792631003072, 19.193251557518206 ], [ 72.796783386628476, 19.193182579331317 ], [ 72.796775086674785, 19.193121568979706 ], [ 72.796770558174671, 19.193058190538444 ], [ 72.796769818351976, 19.193048350974923 ], [ 72.796769135377019, 19.193039382800958 ], [ 72.796760754271475, 19.192989253497981 ], [ 72.796751492092639, 19.192928041002972 ], [ 72.796748052314285, 19.192908922706106 ], [ 72.796742481032794, 19.192877958322892 ], [ 72.796735903294447, 19.192822477419821 ], [ 72.796731585770203, 19.192786098832503 ], [ 72.796718561182374, 19.192715508126579 ], [ 72.796705634102025, 19.192628452846538 ], [ 72.796674260222872, 19.192636596826112 ], [ 72.79661753322911, 19.192650155326664 ], [ 72.796555377879841, 19.192666788173057 ], [ 72.796532752061665, 19.192600594574103 ], [ 72.796512771323293, 19.192542660214606 ], [ 72.796501847143233, 19.192479616779995 ], [ 72.796496329123983, 19.192440300032931 ], [ 72.796482229966344, 19.192339965937204 ], [ 72.796442230428923, 19.192225463329766 ], [ 72.796396838907967, 19.192095528489308 ], [ 72.796326051133136, 19.19187215625626 ], [ 72.796240610598588, 19.191602548075121 ], [ 72.796255667514487, 19.191558250762153 ], [ 72.796222696131764, 19.191488542103627 ], [ 72.796190516299561, 19.191457416870261 ], [ 72.796167085399432, 19.191272354932671 ], [ 72.796175560191344, 19.191108159747785 ], [ 72.796247454748752, 19.190646020298914 ], [ 72.796282075888172, 19.19019236117385 ], [ 72.796307619736936, 19.189926805521885 ], [ 72.796436286958681, 19.189915256839232 ], [ 72.796546534992871, 19.189911447737682 ], [ 72.79677625169019, 19.18990352283226 ], [ 72.796776312582097, 19.189903519047775 ], [ 72.796756899200858, 19.189829109530184 ], [ 72.796718658712024, 19.189693956070034 ], [ 72.796702419274808, 19.189636353918313 ], [ 72.796693357411641, 19.189524600386736 ], [ 72.796688805096338, 19.189467366271693 ], [ 72.796711225931787, 19.189465235802132 ], [ 72.796713012840414, 19.189433475574035 ], [ 72.796719031283359, 19.189321062333264 ], [ 72.796719466614519, 19.189313067719983 ], [ 72.79672716703358, 19.18917070485157 ], [ 72.796736269895561, 19.18898560929583 ], [ 72.796745359235572, 19.188790383928513 ], [ 72.796763013762657, 19.188538019715214 ], [ 72.796773933390796, 19.188350834232448 ], [ 72.796780501484406, 19.188238252349702 ], [ 72.796784080763075, 19.188177956451362 ], [ 72.796789132123067, 19.188092908253893 ], [ 72.796801384848251, 19.187983408715962 ], [ 72.796822611356617, 19.187812493051844 ], [ 72.796847484787108, 19.187603548537446 ], [ 72.79687635714906, 19.187373552761468 ], [ 72.796891517744584, 19.187243118908064 ], [ 72.796900083258777, 19.18717137312548 ], [ 72.796911314898722, 19.187077296470459 ], [ 72.796922208948459, 19.186988156387422 ], [ 72.796925844609248, 19.186958404540153 ], [ 72.796928246183185, 19.186953025793287 ], [ 72.796861663700071, 19.186660933808877 ], [ 72.796831728354306, 19.18651520135181 ], [ 72.796833334053971, 19.186394536494706 ], [ 72.796816438864269, 19.18586858184204 ], [ 72.796815326055906, 19.18583912069202 ], [ 72.796808103715222, 19.185647981474613 ], [ 72.796809702568723, 19.185389946226746 ], [ 72.796968436776467, 19.185382007828412 ], [ 72.796959572668655, 19.185343607401698 ], [ 72.796836885631137, 19.184812117815092 ], [ 72.796827806642028, 19.184754720020706 ], [ 72.796764463521711, 19.184484348817808 ], [ 72.796694104573447, 19.18417014571256 ], [ 72.796633324477241, 19.183898715989312 ], [ 72.796618026883465, 19.183829299264914 ], [ 72.79653485383659, 19.18335352176857 ], [ 72.796520767254989, 19.183294830911791 ], [ 72.796551500619131, 19.182973411496196 ], [ 72.796555009979613, 19.182936712339696 ], [ 72.796567572506646, 19.182799526352532 ], [ 72.796559412085386, 19.182488352826372 ], [ 72.796556810314826, 19.182230224625936 ], [ 72.796562767499722, 19.182084997367362 ], [ 72.796576819159725, 19.181785009701741 ], [ 72.796631002305119, 19.181342116452107 ], [ 72.796639939849683, 19.18127531030671 ], [ 72.79664424078554, 19.1811032970075 ], [ 72.796652124684798, 19.181036874718004 ], [ 72.796655570910644, 19.181007842252647 ], [ 72.796666008832645, 19.180828255968219 ], [ 72.796675728459903, 19.180400122857723 ], [ 72.796674617876292, 19.180330405053777 ], [ 72.796673536185352, 19.180262445269356 ], [ 72.796677479972942, 19.180117193783424 ], [ 72.796684964743662, 19.180008309763288 ], [ 72.79668980541112, 19.179917826969987 ], [ 72.796691590520098, 19.179884464365156 ], [ 72.796697264890852, 19.179778400138339 ], [ 72.796696333940275, 19.179751270574048 ], [ 72.796693265757042, 19.179667783998724 ], [ 72.796690835252804, 19.179601674070351 ], [ 72.796688598969112, 19.179547832250137 ], [ 72.796683720582195, 19.179430495501268 ], [ 72.796686871613218, 19.179225993852718 ], [ 72.796691584935019, 19.178920051855613 ], [ 72.796682497297525, 19.178784280336021 ], [ 72.7966664432264, 19.178544432499208 ], [ 72.796668789613847, 19.178302224229196 ], [ 72.796670960034021, 19.178078172248402 ], [ 72.796670389186303, 19.177981949491709 ], [ 72.796662583028649, 19.177810223375225 ], [ 72.79665463053675, 19.177611193757141 ], [ 72.796652070958046, 19.177479532615887 ], [ 72.796647685704102, 19.177398581817894 ], [ 72.796638215613456, 19.177178647824451 ], [ 72.796628722827862, 19.176964064253117 ], [ 72.796620001058869, 19.176754832506816 ], [ 72.796617912135545, 19.176643027158825 ], [ 72.796616491842741, 19.176630102131842 ], [ 72.796532696229619, 19.176635803152575 ], [ 72.796530898491397, 19.176635818594924 ], [ 72.796525506014348, 19.176615799815867 ], [ 72.796509420698456, 19.176558251933503 ], [ 72.796504231471076, 19.176541819586745 ], [ 72.796496166095636, 19.176514718142641 ], [ 72.796484752922936, 19.176475602455916 ], [ 72.796484620191933, 19.176475147443576 ], [ 72.796482250361677, 19.176467290742938 ], [ 72.796471854380258, 19.176432814486926 ], [ 72.79646402656779, 19.176406791634552 ], [ 72.796455475909823, 19.176378370170891 ], [ 72.796453720861962, 19.176371889237338 ], [ 72.796440062558574, 19.176329478722334 ], [ 72.796430172742546, 19.176300399886209 ], [ 72.79641993517518, 19.176270237521024 ], [ 72.796416815355968, 19.176260879687124 ], [ 72.796413851410634, 19.17625116604864 ], [ 72.796410382878264, 19.176239653451063 ], [ 72.796406024636894, 19.176225209142689 ], [ 72.796400736330469, 19.176208151476811 ], [ 72.79640061145686, 19.176207748945778 ], [ 72.796399068323609, 19.17620270216656 ], [ 72.796398313486137, 19.176200207429417 ], [ 72.796397040674464, 19.176196062604312 ], [ 72.796394958799354, 19.176189211939683 ], [ 72.796391334477661, 19.176177334374955 ], [ 72.796384246782594, 19.176154271241288 ], [ 72.796376765457453, 19.176129857576662 ], [ 72.796369398913441, 19.176105819225011 ], [ 72.796351659659152, 19.176047773666003 ], [ 72.796328908633015, 19.175973321371654 ], [ 72.796322175828976, 19.175952021075474 ], [ 72.796319984400469, 19.175946617865389 ], [ 72.796318780898545, 19.175943622772927 ], [ 72.796312285752265, 19.175927466479994 ], [ 72.796294971014348, 19.175884816044601 ], [ 72.796277587868801, 19.175841663497433 ], [ 72.796277106538511, 19.175840474493455 ], [ 72.796263635367879, 19.175807154455015 ], [ 72.796261224423176, 19.175801246415656 ], [ 72.796259030137691, 19.175795986783356 ], [ 72.796256683788513, 19.175790868034024 ], [ 72.796250973309014, 19.175777751479352 ], [ 72.796248701082078, 19.175772705878089 ], [ 72.796245844419886, 19.175766290292941 ], [ 72.796241451082764, 19.175756200905308 ], [ 72.796236518190085, 19.175745012136638 ], [ 72.796231123941723, 19.175732776409838 ], [ 72.796224164740849, 19.175717134798195 ], [ 72.796219917752765, 19.175707405747776 ], [ 72.796217872889144, 19.175702775650254 ], [ 72.796214571246324, 19.175695297045369 ], [ 72.796207652099881, 19.175676573212112 ], [ 72.796191688235666, 19.175634489058719 ], [ 72.796184764324309, 19.175616123747496 ], [ 72.796175271679516, 19.175592350693197 ], [ 72.79616833918287, 19.175574702438052 ], [ 72.796161778282212, 19.175557417225701 ], [ 72.796150122829218, 19.175526090727629 ], [ 72.79614138959154, 19.175501968213656 ], [ 72.796137091631422, 19.175484710180896 ], [ 72.796135437876913, 19.175480262715467 ], [ 72.796124439802583, 19.175450682817672 ], [ 72.796071333557762, 19.175307852263717 ], [ 72.796066282478819, 19.175291615762315 ], [ 72.795971848333934, 19.175128089092222 ], [ 72.795952178985999, 19.175094028912756 ], [ 72.795944202167249, 19.175080215840442 ], [ 72.795872925595376, 19.174956790424552 ], [ 72.795854470968038, 19.174926098497973 ], [ 72.795819061432013, 19.174865450718702 ], [ 72.795786588404866, 19.174810932258524 ], [ 72.795769996520647, 19.174782055600748 ], [ 72.795691900876065, 19.174668917224622 ], [ 72.795586804220903, 19.174515306166899 ], [ 72.795509691424627, 19.174402688054435 ], [ 72.795195518538776, 19.173888240853785 ], [ 72.794897566274528, 19.172959222654594 ], [ 72.794790738067888, 19.172581451112176 ], [ 72.794744371879091, 19.172408854299345 ], [ 72.794952988899155, 19.171180527801976 ], [ 72.794963798480055, 19.17111687926803 ], [ 72.794451217273917, 19.171232976527861 ], [ 72.793717391572883, 19.171380686314734 ], [ 72.793182334638331, 19.171490555622263 ], [ 72.792051063157444, 19.171266648719197 ], [ 72.790477003684884, 19.170958406234693 ], [ 72.790259033488979, 19.17082238331718 ], [ 72.790101874285938, 19.170728474406758 ], [ 72.789754725867269, 19.170521847788244 ], [ 72.789709489815181, 19.170493067406795 ], [ 72.789264627058671, 19.170210035661931 ], [ 72.78894679056404, 19.170007818936345 ], [ 72.788621768379343, 19.169800510398918 ], [ 72.788601040696008, 19.169787579434949 ], [ 72.788322346624355, 19.169245848584524 ], [ 72.788058413729658, 19.168716240426438 ], [ 72.787642658443914, 19.168349500672171 ], [ 72.787482167744813, 19.167999982646478 ], [ 72.787314533124189, 19.167634906249663 ], [ 72.786654558478787, 19.167020719745803 ], [ 72.786079919742264, 19.166485943718442 ], [ 72.785243225003455, 19.166337761718879 ], [ 72.784777668847553, 19.166249459661703 ], [ 72.78454706684559, 19.166098806129543 ], [ 72.784464750888162, 19.166040726483253 ], [ 72.784461972217372, 19.166039045474573 ], [ 72.784459194509068, 19.166037363574247 ], [ 72.784422513785671, 19.166015159596093 ], [ 72.78436569690794, 19.165895871255941 ], [ 72.78433535318328, 19.165745322301238 ], [ 72.784288176833755, 19.165573030208076 ], [ 72.784249721946708, 19.165487092643314 ], [ 72.784223688870668, 19.165446758592754 ], [ 72.784209318569154, 19.165424050729182 ], [ 72.784178566915045, 19.165375633715591 ], [ 72.784051327635737, 19.16517530116181 ], [ 72.78400101059988, 19.165105369014199 ], [ 72.783931246226246, 19.16500892926484 ], [ 72.783904268588017, 19.164973138709389 ], [ 72.783872717944945, 19.164931104090371 ], [ 72.783868690298789, 19.164915349398942 ], [ 72.783864881287798, 19.16490044637241 ], [ 72.783860303688002, 19.164882814475927 ], [ 72.783851691503401, 19.164847956460907 ], [ 72.783838358015416, 19.164792067808882 ], [ 72.783822913574738, 19.164727569482373 ], [ 72.783806590908, 19.164657808336656 ], [ 72.783793980607896, 19.164604633553505 ], [ 72.783779732829544, 19.164541204631345 ], [ 72.783769574920498, 19.164498686724169 ], [ 72.78375732514769, 19.164446913571521 ], [ 72.783727896202166, 19.164323969843469 ], [ 72.783709385584032, 19.164243898232087 ], [ 72.783698243390077, 19.164197440342281 ], [ 72.783692907572799, 19.164172325156059 ], [ 72.783690543375485, 19.164164955252708 ], [ 72.783687207127983, 19.16414398378695 ], [ 72.783680038370363, 19.164097001226782 ], [ 72.783670046768464, 19.164036715402215 ], [ 72.783643272500882, 19.164023549292004 ], [ 72.783473957310889, 19.16395949821035 ], [ 72.783487063870439, 19.163821786473317 ], [ 72.78346920134102, 19.163814743375234 ], [ 72.783440367157723, 19.163803373256993 ], [ 72.783405311259727, 19.16378445297611 ], [ 72.783355122103018, 19.16375760757488 ], [ 72.783333997337792, 19.163746311560793 ], [ 72.783341742410286, 19.163731349330632 ], [ 72.783356608959934, 19.163702851650275 ], [ 72.783384796487383, 19.163648561729698 ], [ 72.783419338429368, 19.163581730563838 ], [ 72.783426159245096, 19.163568572638237 ], [ 72.78342705973526, 19.163566838492564 ], [ 72.783454630153898, 19.163513771289178 ], [ 72.783469596495877, 19.16348477351421 ], [ 72.783520508604113, 19.163386666415011 ], [ 72.783538266007142, 19.163352658756924 ], [ 72.78356016788446, 19.1633095253354 ], [ 72.783568633085537, 19.163293376827404 ], [ 72.783585798827616, 19.163258406414222 ], [ 72.783586010513261, 19.163257644846944 ], [ 72.783599005198312, 19.163241607923929 ], [ 72.783611780742845, 19.163225965770312 ], [ 72.78362141720595, 19.163214489297861 ], [ 72.783625098119401, 19.163210106158736 ], [ 72.783642293134633, 19.163193633106339 ], [ 72.78365340974679, 19.163174744624392 ], [ 72.783697250334214, 19.163100856795861 ], [ 72.783741959116398, 19.163022385663371 ], [ 72.783916450136388, 19.162680267213446 ], [ 72.783925460484582, 19.16266350565439 ], [ 72.783946338110567, 19.162624666350943 ], [ 72.783966269366573, 19.162593553496897 ], [ 72.784034283306767, 19.162489658862416 ], [ 72.784617668394972, 19.161424540296306 ], [ 72.784617768664631, 19.161420094957734 ], [ 72.784615951707963, 19.161420210323026 ], [ 72.784615513800588, 19.161383415111789 ], [ 72.784612081017556, 19.161095229578567 ], [ 72.784609937581266, 19.160718867455117 ], [ 72.784607858013203, 19.160565352882994 ], [ 72.784607294747659, 19.160369204780377 ], [ 72.784607071463128, 19.160286965770375 ], [ 72.784606889872251, 19.160219959154208 ], [ 72.784607131995131, 19.160155741372172 ], [ 72.78460726871289, 19.160119615150126 ], [ 72.784602920664355, 19.160107281613978 ], [ 72.784583760361471, 19.160065719111831 ], [ 72.784524440595746, 19.159941226182365 ], [ 72.784437269918186, 19.159717385374677 ], [ 72.784174180930705, 19.159391282677788 ], [ 72.784113956640454, 19.159279819419616 ], [ 72.784056015302369, 19.159184227066554 ], [ 72.784044747244181, 19.159164903092528 ], [ 72.783969905279221, 19.159036560158004 ], [ 72.783958367780428, 19.159016774093065 ], [ 72.783922380952234, 19.158952862438841 ], [ 72.783874512043297, 19.158869988804099 ], [ 72.783869685084767, 19.158861634479639 ], [ 72.783364872513388, 19.159017010511644 ], [ 72.783178410134056, 19.159074400804069 ], [ 72.783174502499136, 19.159075629875488 ], [ 72.783111302492159, 19.159066941108495 ], [ 72.783000880867363, 19.159051759772101 ], [ 72.782549693186411, 19.158989729500803 ], [ 72.782285365440259, 19.15814593443239 ], [ 72.783115861428726, 19.157846205628744 ], [ 72.784164545324003, 19.157485588640956 ], [ 72.784227577044859, 19.156955823412265 ], [ 72.784243139505591, 19.156825022689787 ], [ 72.784194252969513, 19.156823529601581 ], [ 72.78427583490344, 19.155579513443993 ], [ 72.784307973789836, 19.155089432167916 ], [ 72.784686933053138, 19.154803400035775 ], [ 72.785015542487045, 19.154555368802928 ], [ 72.785389886611441, 19.154203938568127 ], [ 72.785443803154124, 19.154153319209737 ], [ 72.785496820955458, 19.154104733886381 ], [ 72.785727825391589, 19.153903565620922 ], [ 72.785811766857009, 19.153828390977974 ], [ 72.78594247196915, 19.153733749311211 ], [ 72.786047886516286, 19.153652872143436 ], [ 72.786515436926052, 19.153306741013306 ], [ 72.786565992855515, 19.153269312949437 ], [ 72.787201878373835, 19.152813560350374 ], [ 72.787637489749542, 19.152372715895538 ], [ 72.787719267782251, 19.15228995510375 ], [ 72.78772395429489, 19.152285326540735 ], [ 72.787841446639163, 19.152168058329838 ], [ 72.787850031103602, 19.152159490792339 ], [ 72.78785535449849, 19.152153286548277 ], [ 72.787872414581727, 19.152133408882726 ], [ 72.787872861761755, 19.152132802787396 ], [ 72.787882390695117, 19.152119906643041 ], [ 72.788221509064442, 19.151660976463532 ], [ 72.788224092067495, 19.151654152113171 ], [ 72.788423843827658, 19.15112652590728 ], [ 72.788425446296628, 19.151122244058229 ], [ 72.788710614278259, 19.150010799489632 ], [ 72.788727494919357, 19.149944960896558 ], [ 72.789161868229343, 19.148250733745787 ], [ 72.789216920340351, 19.148012792857628 ], [ 72.789312260188382, 19.147660550687608 ], [ 72.789315941806748, 19.147159302778796 ], [ 72.78931595012169, 19.147158393333566 ], [ 72.789315963202768, 19.147156698141931 ], [ 72.789325627229843, 19.145852971702272 ], [ 72.789325635147435, 19.145851877994673 ], [ 72.789325645014017, 19.145850637988445 ], [ 72.789331124703537, 19.145103639255375 ], [ 72.789324033321506, 19.144999304847829 ], [ 72.789317961354698, 19.14490997891534 ], [ 72.789302185582812, 19.144673855534805 ], [ 72.789273727857179, 19.144663821549855 ], [ 72.789054175335394, 19.144578592667987 ], [ 72.788950116991401, 19.144537417132739 ], [ 72.788826857827118, 19.144341619905024 ], [ 72.788618803704935, 19.144011752887135 ], [ 72.78828365627173, 19.143485476634496 ], [ 72.787996033412597, 19.142994566881981 ], [ 72.787936297976856, 19.14236939229583 ], [ 72.787995542453146, 19.14225834614744 ], [ 72.788159843437143, 19.141880162919392 ], [ 72.788143333941875, 19.141379992544763 ], [ 72.788134804453364, 19.140454833603755 ], [ 72.788083682585281, 19.140291231756859 ], [ 72.788425509259909, 19.139486787827551 ], [ 72.788435179335181, 19.13946316027172 ], [ 72.788455546341297, 19.139413514941527 ], [ 72.788517454405365, 19.139288313599369 ], [ 72.788507763735339, 19.137155848073423 ], [ 72.788365347888629, 19.136543702828565 ], [ 72.78826771685597, 19.135218809337953 ], [ 72.788301363576196, 19.134812259730232 ], [ 72.788212782629884, 19.134574176373967 ], [ 72.788070755176079, 19.134286257626346 ], [ 72.78800644174639, 19.133992565738652 ], [ 72.787931140519689, 19.133817250821615 ], [ 72.787755676824275, 19.133566941698092 ], [ 72.787654743584227, 19.132666850211024 ], [ 72.787805109299995, 19.13162220514301 ], [ 72.788023239358537, 19.130788561420374 ], [ 72.788034911295981, 19.130442119644599 ], [ 72.787192561465019, 19.130275461852339 ], [ 72.78720235849417, 19.130069867087734 ], [ 72.787787009432122, 19.129978518263115 ], [ 72.788150525075125, 19.129886742798742 ], [ 72.788961992050659, 19.130537271981726 ], [ 72.789160123466374, 19.130768242590356 ], [ 72.789332020183494, 19.130914048701655 ], [ 72.789370401277424, 19.130934316107023 ], [ 72.78940089515244, 19.130950418740849 ], [ 72.789580063164664, 19.131045023401263 ], [ 72.789845361093441, 19.131148806828371 ], [ 72.789970010518047, 19.131193127160532 ], [ 72.79008653103574, 19.131209026388873 ], [ 72.790223394045938, 19.131226485152904 ], [ 72.790416983495334, 19.13124368715442 ], [ 72.791801105688435, 19.131398091673546 ], [ 72.792978223906843, 19.130777395208366 ], [ 72.794028734238879, 19.131167375556576 ], [ 72.794334167640201, 19.131359726013333 ], [ 72.795172131413651, 19.131697389643126 ], [ 72.795058255233386, 19.132137088474519 ], [ 72.7950623313547, 19.132180733407846 ], [ 72.795065898431872, 19.132208034670565 ], [ 72.795057329847097, 19.132209863901526 ], [ 72.79506579855574, 19.13220890057033 ], [ 72.795074369689573, 19.132208811887477 ], [ 72.795082903502447, 19.132209601596202 ], [ 72.795091295536267, 19.132211263927577 ], [ 72.795099448223851, 19.132213775130726 ], [ 72.795107269758958, 19.132217107007836 ], [ 72.7951146703316, 19.132221224159171 ], [ 72.795121556546846, 19.132226074883963 ], [ 72.795127854085052, 19.132231602290812 ], [ 72.795133486762154, 19.132237746756363 ], [ 72.79513838624716, 19.132244429783633 ], [ 72.795142503152434, 19.132251577618955 ], [ 72.795145780644816, 19.132259104677463 ], [ 72.795148186619457, 19.132266923864364 ], [ 72.795149690871781, 19.132274948107639 ], [ 72.795150273852883, 19.132283075108241 ], [ 72.795149931048641, 19.132291215392566 ], [ 72.79514866751849, 19.132299274182451 ], [ 72.795146495923305, 19.132307156790912 ], [ 72.795143441275997, 19.132314768679116 ], [ 72.795139539859719, 19.132322025378819 ], [ 72.795134839419561, 19.132328838043183 ], [ 72.795129392307572, 19.132335128719262 ], [ 72.795123261267705, 19.132340824094975 ], [ 72.795116522250424, 19.132345858242367 ], [ 72.795109250208014, 19.132350168834478 ], [ 72.795101530280888, 19.13235371353753 ], [ 72.7950934524562, 19.132356442850043 ], [ 72.79508511309659, 19.132358328121281 ], [ 72.795076609430851, 19.132359347033464 ], [ 72.795068036631619, 19.132359488986133 ], [ 72.795059498339128, 19.132358749803021 ], [ 72.795051096125363, 19.132357137928203 ], [ 72.795042925669478, 19.132354676186711 ], [ 72.795035081664423, 19.132351390101498 ], [ 72.79502765766118, 19.132347319633428 ], [ 72.795020735724734, 19.132342510928172 ], [ 72.795014399736388, 19.132337016475844 ], [ 72.795008730463223, 19.132330908600135 ], [ 72.795003784941997, 19.132324257533696 ], [ 72.794999622109884, 19.132317133531924 ], [ 72.794996293988987, 19.132309626638289 ], [ 72.794994056217632, 19.13230252391979 ], [ 72.794993693148413, 19.13230109607975 ], [ 72.794994847732227, 19.132307040514672 ], [ 72.794990413474792, 19.132307547329141 ], [ 72.794959807841991, 19.132766796145575 ], [ 72.794956381631835, 19.132765888854546 ], [ 72.794965161248214, 19.13276956823189 ], [ 72.794973754164445, 19.13277478356439 ], [ 72.794981738832504, 19.132781576763573 ], [ 72.794988662306949, 19.13278984936424 ], [ 72.794994096400771, 19.132799355972285 ], [ 72.794997715623253, 19.132809703393015 ], [ 72.794999348647764, 19.132820410861413 ], [ 72.794999012604848, 19.132830975485724 ], [ 72.794996895754281, 19.132840960555821 ], [ 72.794993296230672, 19.132850028228024 ], [ 72.794988580802553, 19.132857967933525 ], [ 72.794983093236354, 19.132864726892336 ], [ 72.794976677119138, 19.132870705164112 ], [ 72.794968934590401, 19.132876093073477 ], [ 72.794959885289643, 19.132880556661945 ], [ 72.794949705079915, 19.132883734038483 ], [ 72.794938703390628, 19.132885295623893 ], [ 72.794927322270112, 19.132885015494431 ], [ 72.794916087291384, 19.132882818663933 ], [ 72.794905515916113, 19.132878811597649 ], [ 72.794896054216878, 19.132873252549885 ], [ 72.794888015583794, 19.132866515602924 ], [ 72.794881554093038, 19.132859020799028 ], [ 72.79487802125, 19.132853333255465 ], [ 72.794843815977984, 19.132976312731735 ], [ 72.795435777781975, 19.133324705961304 ], [ 72.796316019499002, 19.133842758222844 ], [ 72.79651289005308, 19.133914954825748 ], [ 72.79647415499106, 19.134704189300408 ], [ 72.796067875329243, 19.135717330300896 ], [ 72.795756826613953, 19.136368996242144 ], [ 72.795561926027162, 19.136838599237965 ], [ 72.79554821462159, 19.137904303513064 ], [ 72.795529185723794, 19.138118443430781 ], [ 72.795472326333524, 19.138758309716557 ], [ 72.798212067432516, 19.139809443667435 ], [ 72.799255256116652, 19.140866844643625 ], [ 72.799437646161266, 19.141065052777549 ], [ 72.799625862105032, 19.141269592604221 ], [ 72.799815511558748, 19.141466540643304 ], [ 72.799893632300851, 19.141548625602191 ], [ 72.799933102772869, 19.141590099305095 ], [ 72.800015333763525, 19.141676503894406 ], [ 72.800198592117567, 19.141869062181051 ], [ 72.800294702477672, 19.141968316854854 ], [ 72.800751237353595, 19.142478985048189 ], [ 72.801108100363777, 19.142874485693696 ], [ 72.801278296457653, 19.143085258468044 ], [ 72.801456401108624, 19.143303421123637 ], [ 72.801714299403159, 19.143619322882756 ], [ 72.801731756068691, 19.143640706125559 ], [ 72.801832600057608, 19.143786692041385 ], [ 72.802401678685143, 19.144485865012282 ], [ 72.802446682680454, 19.144547650345984 ], [ 72.802489596798821, 19.144606564600874 ], [ 72.802537401142203, 19.144672193230733 ], [ 72.80253935292842, 19.144674872970981 ], [ 72.802584417699833, 19.144736741199534 ], [ 72.802611509953664, 19.144775257357139 ], [ 72.802621917848597, 19.14480338284104 ], [ 72.802627807025999, 19.144816476935308 ], [ 72.802675880262299, 19.144924683370576 ], [ 72.803086841197867, 19.145455265487751 ], [ 72.803303146417008, 19.144657113441202 ], [ 72.803860664927313, 19.141630178877612 ], [ 72.803936959822764, 19.14121594528461 ], [ 72.803931814489673, 19.141201364370147 ], [ 72.803943277466544, 19.141181642033672 ], [ 72.804885408613984, 19.139098784038598 ], [ 72.806296627906448, 19.137579330431052 ], [ 72.80899751599128, 19.134836886688852 ], [ 72.810170145395901, 19.133575259087891 ], [ 72.810522050635925, 19.132890440378269 ], [ 72.810819701804789, 19.132605345863247 ], [ 72.811419540369286, 19.131690702784024 ], [ 72.813119952733757, 19.129774256254372 ], [ 72.815116368386796, 19.126948830856122 ], [ 72.817645475311139, 19.12397042843196 ], [ 72.818124023280291, 19.122793271528955 ], [ 72.818719981044978, 19.121220386196537 ], [ 72.819138990076581, 19.120210074316823 ], [ 72.819455758888253, 19.119561051488343 ], [ 72.82000769473747, 19.118471907775856 ], [ 72.820038120444025, 19.118447738159158 ], [ 72.820398871698572, 19.117762472332064 ], [ 72.82040718534644, 19.117746680133511 ], [ 72.82041599992057, 19.117729934628649 ], [ 72.820722786851377, 19.117261259554891 ], [ 72.820967980975766, 19.116885229436004 ], [ 72.820971286810604, 19.116880159865556 ], [ 72.821215614435175, 19.116347515199312 ], [ 72.821215695908876, 19.116347316548076 ], [ 72.821337551461482, 19.116049654254752 ], [ 72.821398232005649, 19.115920578973583 ], [ 72.821410134888922, 19.115904031652754 ], [ 72.821467839079574, 19.115791204714952 ], [ 72.821538578926067, 19.115645862793777 ], [ 72.821559976642632, 19.115601898013811 ], [ 72.821669098374244, 19.115389030786247 ], [ 72.821669293409329, 19.1153886501214 ], [ 72.821692247729956, 19.115343872768026 ], [ 72.821715225545816, 19.115310499104488 ], [ 72.821811175460653, 19.115260380717412 ], [ 72.821868862111288, 19.115056532902813 ], [ 72.82193083355466, 19.114838877353069 ], [ 72.82210289582585, 19.114315482632939 ], [ 72.822605012296776, 19.111581541110699 ], [ 72.822930583575413, 19.110147815387084 ], [ 72.823067215748793, 19.109518661797203 ], [ 72.823073572876154, 19.109489389763887 ], [ 72.823364601955404, 19.108149259526865 ], [ 72.823744332068344, 19.106712739828634 ], [ 72.823892801699586, 19.105571979186987 ], [ 72.824421090423627, 19.103262313733929 ], [ 72.8246607721792, 19.102321625636836 ], [ 72.824789401836384, 19.101648605241426 ], [ 72.824792306624801, 19.101633405460483 ], [ 72.824855182322665, 19.101304422965658 ], [ 72.824858358383281, 19.101287804682066 ], [ 72.825312939374484, 19.099368394279107 ], [ 72.825838817349876, 19.097622528221947 ], [ 72.825877490436383, 19.097501613232183 ], [ 72.826030374070768, 19.097024495651141 ], [ 72.82614324363405, 19.096638752763589 ], [ 72.826222802506294, 19.096425651969131 ], [ 72.82622410896326, 19.096065899654064 ], [ 72.826406964540894, 19.093459141320679 ], [ 72.826408679613266, 19.093434687239625 ], [ 72.826423351029533, 19.093225537006962 ], [ 72.826479103404637, 19.0927099896216 ], [ 72.826489947095425, 19.092370417986519 ], [ 72.826504621151585, 19.091910889109844 ], [ 72.826547793133926, 19.090240899948917 ], [ 72.826155280438684, 19.088343512960041 ], [ 72.82591124447741, 19.087781410218309 ], [ 72.825496296523809, 19.086891287883486 ], [ 72.825454142816852, 19.08680086229792 ], [ 72.825001618845036, 19.085830121810435 ], [ 72.824072030716493, 19.083869035603076 ], [ 72.824047522264323, 19.082281892501982 ], [ 72.824045559623812, 19.081502009605831 ], [ 72.824045438283832, 19.081453559928679 ], [ 72.824044274822469, 19.080991340462607 ], [ 72.823211124082832, 19.082296956754579 ], [ 72.823087323520184, 19.082452945800924 ], [ 72.823085739105153, 19.082364254688407 ], [ 72.823068080572469, 19.082321521308035 ], [ 72.823029531948251, 19.082286531199312 ], [ 72.822902589850003, 19.082235363678514 ], [ 72.822697070547846, 19.082077160731878 ], [ 72.822656931367689, 19.082025336064916 ], [ 72.822647300278717, 19.081985624932795 ], [ 72.822660149317471, 19.081944298902901 ], [ 72.822714747183383, 19.081902814983859 ], [ 72.822796641902158, 19.081870395199896 ], [ 72.822833574432053, 19.081842734394719 ], [ 72.822873722380734, 19.081798248005349 ], [ 72.822894604673195, 19.081698797363753 ], [ 72.822935994848805, 19.081407738143788 ], [ 72.822996070196027, 19.081040432803405 ], [ 72.823022240283606, 19.080885370425271 ], [ 72.823048723365787, 19.080728452857862 ], [ 72.823202520189483, 19.079817155594096 ], [ 72.823194895875488, 19.079704212347359 ], [ 72.823194898599112, 19.079678778819815 ], [ 72.823194908606681, 19.079600956291443 ], [ 72.82320972111043, 19.07953330393056 ], [ 72.823217196536731, 19.079499163785542 ], [ 72.823224194103759, 19.079467203846757 ], [ 72.823231353343061, 19.079457984999429 ], [ 72.823298021585245, 19.079372129698836 ], [ 72.823369299061653, 19.07930257728022 ], [ 72.823410449850272, 19.079245698283597 ], [ 72.823437934617033, 19.07920771090058 ], [ 72.823439812788564, 19.079204877928444 ], [ 72.82347416885527, 19.079153094248131 ], [ 72.823511294635367, 19.079097135055765 ], [ 72.823361561383749, 19.079052240142055 ], [ 72.82333207844836, 19.07903790333685 ], [ 72.823289550205942, 19.079004848044466 ], [ 72.8232253449235, 19.078913948513303 ], [ 72.823198272942278, 19.078822279978336 ], [ 72.823164991854469, 19.078764834291263 ], [ 72.823162608797261, 19.078760720765036 ], [ 72.823118411832326, 19.07870466538014 ], [ 72.823101304625538, 19.078702784157635 ], [ 72.823086526944437, 19.078698935185781 ], [ 72.823060323218272, 19.078651259486119 ], [ 72.823035157892889, 19.078605472993221 ], [ 72.823023268897884, 19.07858384074077 ], [ 72.823027873882921, 19.078551111881122 ], [ 72.82301783312289, 19.078532935598634 ], [ 72.823017592401712, 19.078525984997761 ], [ 72.823001210557436, 19.078491428432866 ], [ 72.823021219559962, 19.078474956593855 ], [ 72.822991727130045, 19.078454741317135 ], [ 72.822991733667436, 19.07844224681255 ], [ 72.822960161176013, 19.078412326886653 ], [ 72.822926760196708, 19.07840157478428 ], [ 72.822940920200608, 19.078340447896785 ], [ 72.822918198435602, 19.078335874598771 ], [ 72.822889046701633, 19.078383581900958 ], [ 72.822838628058804, 19.078384163164174 ], [ 72.822781707915411, 19.078345023297327 ], [ 72.822788986808575, 19.078319523993233 ], [ 72.822845006149109, 19.078297764600702 ], [ 72.822864828165947, 19.078296543658457 ], [ 72.822854698527692, 19.078286769203029 ], [ 72.822775621043846, 19.078313410989026 ], [ 72.822765140890169, 19.078305886885939 ], [ 72.822766158513758, 19.078295554050296 ], [ 72.822753443568303, 19.078270756993437 ], [ 72.822738705384694, 19.078270068013246 ], [ 72.822735387931445, 19.078305827104373 ], [ 72.8227421183324, 19.078311462480645 ], [ 72.822731951082048, 19.078363295167687 ], [ 72.822729425050213, 19.078363216547213 ], [ 72.822691336249932, 19.078362019537686 ], [ 72.822665844915363, 19.078365170548452 ], [ 72.822644591523797, 19.078337585447485 ], [ 72.822648552929593, 19.078307582215817 ], [ 72.822630311488197, 19.07828462027981 ], [ 72.822611352372917, 19.078211758255812 ], [ 72.822583914209389, 19.078214565602323 ], [ 72.822553238451334, 19.078193310195935 ], [ 72.822571318252187, 19.078224566527549 ], [ 72.822602137769877, 19.078249723839416 ], [ 72.822596791587486, 19.078267125803599 ], [ 72.822563719207423, 19.078315110986697 ], [ 72.822490753804914, 19.078303403561346 ], [ 72.822506056837071, 19.078200414012564 ], [ 72.822536669698451, 19.0782014793655 ], [ 72.822529424832609, 19.078184690965188 ], [ 72.822498292438368, 19.07818972088787 ], [ 72.822480936157277, 19.078125355646499 ], [ 72.822515433244149, 19.078113005848397 ], [ 72.82250902358075, 19.078089593890017 ], [ 72.822483499604189, 19.078091538662036 ], [ 72.822474623711059, 19.078084695579083 ], [ 72.822464493393881, 19.078034567753413 ], [ 72.822450757408205, 19.078026763996665 ], [ 72.82242688957524, 19.077953034651074 ], [ 72.822454937379192, 19.077910200029439 ], [ 72.822448189063437, 19.077903466087932 ], [ 72.822416522492901, 19.077800451732493 ], [ 72.822420462806605, 19.077798372055977 ], [ 72.82244700872117, 19.077784381052368 ], [ 72.822411077692081, 19.077652138805089 ], [ 72.8224731670106, 19.077625107640877 ], [ 72.822465888624592, 19.077598239539931 ], [ 72.822402561491614, 19.077603827507296 ], [ 72.822381515563038, 19.077483781521799 ], [ 72.82235840887374, 19.077460772013584 ], [ 72.822350237146352, 19.077413508935646 ], [ 72.822344256783694, 19.077378916269506 ], [ 72.822359398309985, 19.07736720307625 ], [ 72.82233381472544, 19.077310998069507 ], [ 72.822314913707942, 19.07726226779133 ], [ 72.822283565994226, 19.077181458034687 ], [ 72.822230193626254, 19.076992185662991 ], [ 72.822225344936015, 19.076992971092505 ], [ 72.822171922689776, 19.077001771465191 ], [ 72.822124851713326, 19.076859823152262 ], [ 72.822113958530451, 19.076858830919342 ], [ 72.822070289935439, 19.076692224495339 ], [ 72.822014408957855, 19.076692392372156 ], [ 72.822005481515177, 19.076673730617188 ], [ 72.822007542459062, 19.076633372730662 ], [ 72.82202730781286, 19.07663051180376 ], [ 72.822026455450285, 19.076610035119284 ], [ 72.822042351516046, 19.076607165496288 ], [ 72.822038142066418, 19.076559782137707 ], [ 72.822034169402272, 19.076515069760866 ], [ 72.822028180224066, 19.076447657605947 ], [ 72.822088238396645, 19.076450245201958 ], [ 72.822088203667093, 19.076449122962142 ], [ 72.822086904729417, 19.076407213335369 ], [ 72.822080977719253, 19.076389691709686 ], [ 72.822068387420572, 19.076352470164146 ], [ 72.822099177227997, 19.076329944910114 ], [ 72.822089699458914, 19.076316173143361 ], [ 72.822099104592155, 19.076252583886877 ], [ 72.822100536513332, 19.076242899061349 ], [ 72.822050856161951, 19.0762329841588 ], [ 72.822051310594873, 19.076223948053823 ], [ 72.82200296434668, 19.076215319769716 ], [ 72.821999411789378, 19.076086224954601 ], [ 72.821999038155951, 19.076072657423044 ], [ 72.822023754311559, 19.07607463677359 ], [ 72.822027529048114, 19.076066616314087 ], [ 72.822037101630585, 19.075988328738035 ], [ 72.822063717960887, 19.075889137367202 ], [ 72.822089828588787, 19.075892651539348 ], [ 72.822094415374153, 19.075871710731228 ], [ 72.822066992818037, 19.075855331502694 ], [ 72.822084415261699, 19.075801244275574 ], [ 72.822120140679615, 19.075811752074642 ], [ 72.822124268539397, 19.075793432476519 ], [ 72.822113977083148, 19.075777737122699 ], [ 72.822125596771244, 19.075734702965566 ], [ 72.822143768529315, 19.075667404699374 ], [ 72.822152837180937, 19.075589215025854 ], [ 72.822138339308097, 19.075472050075032 ], [ 72.822170742791613, 19.075478101738945 ], [ 72.822173148032221, 19.075478551072617 ], [ 72.822184345548223, 19.075432852767221 ], [ 72.822194490381989, 19.075421172658377 ], [ 72.822197161585152, 19.075391173151868 ], [ 72.822198887076894, 19.075377560872866 ], [ 72.822204641409215, 19.075332198383087 ], [ 72.822197721641786, 19.075302540780907 ], [ 72.822210003837171, 19.07506135254334 ], [ 72.822224430155487, 19.074776116719836 ], [ 72.822227153596572, 19.074722276688544 ], [ 72.822236354142859, 19.074540371697136 ], [ 72.822170443420575, 19.074479516302759 ], [ 72.821943163062997, 19.074269312909387 ], [ 72.821847918280497, 19.074181223893639 ], [ 72.821836698269294, 19.073913184503358 ], [ 72.821833903146441, 19.07384641797044 ], [ 72.821256301341165, 19.073831778147149 ], [ 72.821254447607146, 19.073204662735765 ], [ 72.821726791960728, 19.073219804461662 ], [ 72.821685035446379, 19.073030036127165 ], [ 72.821660954772128, 19.072869824898479 ], [ 72.821643570384069, 19.072708831110159 ], [ 72.821632910277998, 19.072547309808133 ], [ 72.821628990137057, 19.072385513182379 ], [ 72.821631817060464, 19.072223696030431 ], [ 72.821641385799666, 19.072062113003167 ], [ 72.821717774774967, 19.071602255356328 ], [ 72.821821061307105, 19.07123830763339 ], [ 72.822055715484112, 19.0707562889088 ], [ 72.822127198537473, 19.070609449314365 ], [ 72.822227906602436, 19.070403721041703 ], [ 72.822307538414208, 19.070281802394558 ], [ 72.822381856134839, 19.07015688809145 ], [ 72.82245073545522, 19.070029186223895 ], [ 72.822514060533507, 19.069898911305952 ], [ 72.822571724980165, 19.069766281576065 ], [ 72.822623633757686, 19.069631519019524 ], [ 72.822669697481416, 19.069494849300995 ], [ 72.822670376256681, 19.069492339070386 ], [ 72.822673550658536, 19.069480444694076 ], [ 72.822676651185901, 19.06946853318674 ], [ 72.822679675939099, 19.069456604525936 ], [ 72.822682628693869, 19.069444660562752 ], [ 72.822685507597754, 19.069432697662354 ], [ 72.822688312579999, 19.069420721243358 ], [ 72.822691041788147, 19.069408727670929 ], [ 72.822693697074669, 19.06939672057991 ], [ 72.822696278486788, 19.069384696357915 ], [ 72.822698784054054, 19.069372660401115 ], [ 72.822701217622992, 19.06936060914197 ], [ 72.822703573471088, 19.0693485443194 ], [ 72.822705857273661, 19.069336467806924 ], [ 72.822708065255071, 19.069324377753468 ], [ 72.822708071945058, 19.069324301959885 ], [ 72.822708985299073, 19.069313143217155 ], [ 72.822709824637386, 19.069301978180786 ], [ 72.822710588036784, 19.069290808634527 ], [ 72.822711275497284, 19.069279634578404 ], [ 72.822711887018897, 19.069268456012416 ], [ 72.822712424501276, 19.069257272958971 ], [ 72.822712884097982, 19.069246088985654 ], [ 72.822713267732212, 19.069234902308679 ], [ 72.822713577327292, 19.069223711144289 ], [ 72.822713809013109, 19.069212520866234 ], [ 72.822713966636172, 19.069201327906963 ], [ 72.822714046350029, 19.06919013583402 ], [ 72.822714052001174, 19.069178941079883 ], [ 72.822713981619174, 19.069167749040723 ], [ 72.8227138333516, 19.069156556081705 ], [ 72.822713610974176, 19.069145364053899 ], [ 72.82271331256365, 19.069134174741102 ], [ 72.822712938143638, 19.069122986337089 ], [ 72.82271248769058, 19.069111800648059 ], [ 72.822711961180886, 19.069100619480253 ], [ 72.822711358638145, 19.069089441027433 ], [ 72.822710681962036, 19.069078265312054 ], [ 72.822709927329711, 19.069067094095448 ], [ 72.822709098516839, 19.069055929228711 ], [ 72.822708193647401, 19.069044768883177 ], [ 72.822707212697836, 19.069033614865074 ], [ 72.822706157591369, 19.069022465390614 ], [ 72.8227050263812, 19.069011324049811 ], [ 72.822703819067343, 19.069000190842626 ], [ 72.8227025356734, 19.068989063962874 ], [ 72.822701178075434, 19.068977945239194 ], [ 72.822699744373836, 19.06896683464916 ], [ 72.822698234544987, 19.068955733998965 ], [ 72.822696650488595, 19.06894464331106 ], [ 72.822694992204632, 19.068933562585435 ], [ 72.822693257817079, 19.068922489993451 ], [ 72.822691449154831, 19.068911430976176 ], [ 72.822689564365405, 19.068900381898732 ], [ 72.822687605324916, 19.068889344589795 ], [ 72.822685570133686, 19.068878319026929 ], [ 72.82268346254385, 19.068867308867375 ], [ 72.822681278826934, 19.068856308647685 ], [ 72.822679020811805, 19.068845323808915 ], [ 72.822676688522051, 19.068834352544833 ], [ 72.822674281934098, 19.068823396661674 ], [ 72.822671801071579, 19.068812454353189 ], [ 72.822669247786934, 19.068801529254273 ], [ 72.822659815074076, 19.068769643490338 ], [ 72.822646327147211, 19.068724435740723 ], [ 72.822624971198834, 19.068667914953085 ], [ 72.822583460646001, 19.068574173653165 ], [ 72.822541460132982, 19.068499615100578 ], [ 72.822432428558841, 19.068328468445319 ], [ 72.822423884348723, 19.068307690438321 ], [ 72.822387182550102, 19.068205526241755 ], [ 72.822362872205616, 19.068114406960934 ], [ 72.822343601606917, 19.068029164105308 ], [ 72.822331897403913, 19.067932075140583 ], [ 72.822328319572691, 19.067825213306055 ], [ 72.822348478668715, 19.06773949138606 ], [ 72.822370680431007, 19.067667127293142 ], [ 72.822411956569127, 19.067549452284368 ], [ 72.822442977045171, 19.067437290575132 ], [ 72.822451012735584, 19.067410387484411 ], [ 72.822485420642522, 19.067299539346024 ], [ 72.822523473226383, 19.06725052163652 ], [ 72.822555775201479, 19.067197905215544 ], [ 72.822581952906148, 19.067142297170466 ], [ 72.822601705367575, 19.067084339770243 ], [ 72.822614803469691, 19.067024701422866 ], [ 72.822785962119212, 19.066334281188773 ], [ 72.822959366855954, 19.065527606920579 ], [ 72.823048465110489, 19.065492352029551 ], [ 72.823017609855597, 19.065295437864393 ], [ 72.822939637078974, 19.064836310670543 ], [ 72.822920881425787, 19.064720211838996 ], [ 72.822895961156689, 19.064605165665345 ], [ 72.82286493985157, 19.064491469163439 ], [ 72.822827897318945, 19.064379413215459 ], [ 72.822784928586927, 19.064269287076158 ], [ 72.822540154821155, 19.06370485172857 ], [ 72.8225243908431, 19.063664612058947 ], [ 72.822370840039497, 19.063300754508663 ], [ 72.822252277748646, 19.062907956407955 ], [ 72.822169026612485, 19.062625856141523 ], [ 72.822135094026777, 19.062409801929007 ], [ 72.822114439899877, 19.062270812272253 ], [ 72.822055922587126, 19.062013648236807 ], [ 72.822048379260707, 19.061986082421299 ], [ 72.822029252369049, 19.061915621966662 ], [ 72.821981732430359, 19.061742459562911 ], [ 72.821941940777805, 19.061583580220976 ], [ 72.821932009296063, 19.061532677045236 ], [ 72.821919959754865, 19.061470918037369 ], [ 72.821912106319118, 19.061430662473999 ], [ 72.821901026287236, 19.061355479139898 ], [ 72.821897377339866, 19.061325759010565 ], [ 72.821895175289441, 19.06130526184775 ], [ 72.821894251436149, 19.061265452134894 ], [ 72.821895131842041, 19.061185837832138 ], [ 72.821895936304671, 19.061174721155627 ], [ 72.821897427190279, 19.061155561055976 ], [ 72.821899230956774, 19.061142700272534 ], [ 72.82190068028622, 19.061130648223859 ], [ 72.821902602590896, 19.061117584706821 ], [ 72.821903989556375, 19.061107688871715 ], [ 72.821909592368641, 19.061087023753398 ], [ 72.821967840395928, 19.060902114598189 ], [ 72.821981095584164, 19.060859209814648 ], [ 72.821998869689921, 19.060801676140763 ], [ 72.821779847631944, 19.060804334540297 ], [ 72.821348099213012, 19.060813610690179 ], [ 72.821348287664676, 19.060423893297806 ], [ 72.821343232869665, 19.060262947535467 ], [ 72.821363935528026, 19.060262137106818 ], [ 72.82153468469042, 19.060263924664849 ], [ 72.822015365959061, 19.060264382932541 ], [ 72.822002843315403, 19.06023448213621 ], [ 72.821966317470398, 19.060136997944472 ], [ 72.821924516186314, 19.060041449425494 ], [ 72.82187755390467, 19.059948093546478 ], [ 72.821825555572545, 19.05985718288203 ], [ 72.821766380041609, 19.059759049091063 ], [ 72.821712324850978, 19.059658279573824 ], [ 72.821663517911006, 19.05955511701147 ], [ 72.821620076648173, 19.05944980667066 ], [ 72.821582105073475, 19.059342602691629 ], [ 72.821549693876705, 19.059233760863318 ], [ 72.821539804224656, 19.059153710440849 ], [ 72.821535124723084, 19.059073232901795 ], [ 72.821535673209539, 19.058992634656846 ], [ 72.821541447588402, 19.058912220977483 ], [ 72.82155242578375, 19.058832299608522 ], [ 72.821570767979281, 19.058762243750436 ], [ 72.821586935458313, 19.058691706064227 ], [ 72.821565098466024, 19.058597718358492 ], [ 72.821550450615803, 19.058502477856511 ], [ 72.821557452508912, 19.058465164384565 ], [ 72.821571111873482, 19.058429556288189 ], [ 72.821591019637694, 19.058396718176841 ], [ 72.821616580654648, 19.058367633879591 ], [ 72.821647030285092, 19.058343173221267 ], [ 72.821681456560427, 19.058324067896795 ], [ 72.82171883086987, 19.058310889252844 ], [ 72.821861403586638, 19.05826716592555 ], [ 72.822461845669125, 19.0577078635758 ], [ 72.822939855752466, 19.057285724253244 ], [ 72.823037470393388, 19.057212745129014 ], [ 72.823130327259378, 19.057134352640499 ], [ 72.823218094979964, 19.057050826503342 ], [ 72.823300459034868, 19.056962465600705 ], [ 72.823377127488001, 19.056869585340888 ], [ 72.823447824350865, 19.056772516675828 ], [ 72.82351229908015, 19.056671606212877 ], [ 72.823570320902647, 19.056567214341328 ], [ 72.823621682625983, 19.056459714373904 ], [ 72.823662251877579, 19.056322560818938 ], [ 72.823695963666367, 19.056183739337207 ], [ 72.823722741796615, 19.056043557945276 ], [ 72.823742526148578, 19.055902330268204 ], [ 72.823755273687041, 19.055760371035127 ], [ 72.82376095557656, 19.055617998755 ], [ 72.823759559163122, 19.055475529417144 ], [ 72.823751210720062, 19.055404243333644 ], [ 72.823736418147149, 19.055333909119994 ], [ 72.823713461697864, 19.055259974897087 ], [ 72.82368338943742, 19.055188385552785 ], [ 72.823646458316546, 19.055119760130172 ], [ 72.82360298930611, 19.055054688619769 ], [ 72.823553355952853, 19.054993735437662 ], [ 72.823497988366583, 19.054937425020828 ], [ 72.823437363687248, 19.05488624442448 ], [ 72.823372005241168, 19.05484063518325 ], [ 72.823187316038485, 19.0547120618841 ], [ 72.823000446574241, 19.054586370244149 ], [ 72.822811445795438, 19.054463594254194 ], [ 72.822699216685706, 19.054375402665013 ], [ 72.822591953198341, 19.054281791438129 ], [ 72.822489943672693, 19.054183011475288 ], [ 72.822393463887082, 19.05407932978834 ], [ 72.822302773295192, 19.053971026745028 ], [ 72.822218116972721, 19.053858392478851 ], [ 72.822139723647311, 19.053741732285225 ], [ 72.822067802931954, 19.053621360265939 ], [ 72.822002550050186, 19.053497601191307 ], [ 72.821944140173343, 19.053370787723569 ], [ 72.821892731246123, 19.053241262256638 ], [ 72.821848461173161, 19.053109374172958 ], [ 72.821646781732952, 19.05254107764376 ], [ 72.821548327452149, 19.052228279886531 ], [ 72.821458413105972, 19.051877344922893 ], [ 72.821369423645933, 19.051455681339085 ], [ 72.821347873324129, 19.051315640508292 ], [ 72.821320513021348, 19.051176520123796 ], [ 72.821287386446187, 19.051038538382734 ], [ 72.821248545889659, 19.050901910873264 ], [ 72.821204050325704, 19.050766850552204 ], [ 72.821153971062202, 19.05063357142474 ], [ 72.821098386160415, 19.050502279446111 ], [ 72.82089821102349, 19.050127099752629 ], [ 72.820579494881997, 19.049591834835656 ], [ 72.820104608096457, 19.04869911497385 ], [ 72.819973359710502, 19.048417307146138 ], [ 72.819847042316525, 19.048133469211745 ], [ 72.819725691927019, 19.047847678380286 ], [ 72.819633107278932, 19.047611298911658 ], [ 72.8195348125724, 19.047377014313181 ], [ 72.819500694032712, 19.047258903820012 ], [ 72.819472304758207, 19.047139429378667 ], [ 72.819449703162562, 19.047018844589697 ], [ 72.819432938197508, 19.046897400231554 ], [ 72.819422043536733, 19.046775353224366 ], [ 72.819415499514449, 19.04666258247202 ], [ 72.819403889926051, 19.046550180903743 ], [ 72.819387238682651, 19.046438354742005 ], [ 72.819365573529439, 19.046327307544406 ], [ 72.819277276531508, 19.046006981332599 ], [ 72.819135329071557, 19.045604981912497 ], [ 72.819035406666117, 19.045348046216585 ], [ 72.819034954527567, 19.045346884719134 ], [ 72.818940554903278, 19.045090370137846 ], [ 72.818842934131837, 19.04482510204345 ], [ 72.818793432595768, 19.044637325718249 ], [ 72.818290243817827, 19.044724769903475 ], [ 72.818316536582088, 19.044866558718191 ], [ 72.818307109772064, 19.044895604032043 ], [ 72.818302536207582, 19.044906368132331 ], [ 72.818296150349596, 19.044916261757848 ], [ 72.818288128617326, 19.04492501331066 ], [ 72.817980853971349, 19.044976824449463 ], [ 72.817891542674843, 19.044926538008934 ], [ 72.817872274000038, 19.044896642196459 ], [ 72.817778304598434, 19.044750848420914 ], [ 72.817695970252089, 19.044623106246426 ], [ 72.817535536905766, 19.044380790628132 ], [ 72.817367703896068, 19.044127872723639 ], [ 72.817326642983261, 19.04393097384698 ], [ 72.817284210761898, 19.043721788168604 ], [ 72.817268017488658, 19.043641078713556 ], [ 72.817205127870807, 19.043300021231463 ], [ 72.817156274496995, 19.04301825433749 ], [ 72.817156932052725, 19.043006031277276 ], [ 72.817159618891964, 19.042994062544288 ], [ 72.817164265542289, 19.042982649000503 ], [ 72.817170755189579, 19.042972080109031 ], [ 72.817178923819768, 19.042962623096866 ], [ 72.817188566011339, 19.042954515797444 ], [ 72.817199436858402, 19.042947964866968 ], [ 72.81721126162077, 19.042943134156278 ], [ 72.81722374234819, 19.042940146595832 ], [ 72.817236562722925, 19.042939077026976 ], [ 72.817882221243622, 19.042810110282367 ], [ 72.817902009010837, 19.042805515478435 ], [ 72.817924650353802, 19.042799733221305 ], [ 72.818023007107954, 19.042780887330633 ], [ 72.818058940714423, 19.042776226862177 ], [ 72.818073160786497, 19.042774382537576 ], [ 72.81810437507859, 19.042775582525863 ], [ 72.818106821355343, 19.042775907708958 ], [ 72.818109255268041, 19.042776306811962 ], [ 72.818436781953494, 19.04272708109394 ], [ 72.818487304114214, 19.042726537443961 ], [ 72.818486710248081, 19.042714927334476 ], [ 72.818485975684268, 19.042700565179803 ], [ 72.818473616274929, 19.042458883149532 ], [ 72.818480133215033, 19.042292438753016 ], [ 72.81848325002278, 19.042212823796103 ], [ 72.818479397139313, 19.042180226196002 ], [ 72.81844902574008, 19.04210334879285 ], [ 72.818436599179194, 19.042071892723246 ], [ 72.818375152193582, 19.042002256052388 ], [ 72.818291968744134, 19.041893309723527 ], [ 72.818173183038752, 19.041851624506748 ], [ 72.818210061494412, 19.041732367777431 ], [ 72.818299860181014, 19.041756077185781 ], [ 72.818318786366262, 19.041794428685236 ], [ 72.818443735584552, 19.04175143332855 ], [ 72.818566607776688, 19.041703329868287 ], [ 72.818558808833373, 19.041658344588186 ], [ 72.818558054909857, 19.041612757005861 ], [ 72.818564361507953, 19.041567560874157 ], [ 72.818616633165803, 19.041477958854003 ], [ 72.818673412930124, 19.041390872336304 ], [ 72.818734567979348, 19.04130650749347 ], [ 72.818799953241793, 19.041225063127097 ], [ 72.818869415206095, 19.041146729809906 ], [ 72.818935095999166, 19.041092888452173 ], [ 72.819004781593691, 19.041043810232896 ], [ 72.819078091390921, 19.040999765237618 ], [ 72.8191546243022, 19.040960992600009 ], [ 72.819233960589202, 19.04092770503982 ], [ 72.819315666659165, 19.040900085306763 ], [ 72.819399296987712, 19.040878284396694 ], [ 72.819484392231089, 19.040862420626201 ], [ 72.819570486799549, 19.040852581528586 ], [ 72.819657111741563, 19.040848821178223 ], [ 72.819743791906305, 19.040851159253791 ], [ 72.819863999311977, 19.040883169296595 ], [ 72.819972171048434, 19.040913124946883 ], [ 72.820316888795674, 19.040995583216866 ], [ 72.820627209710707, 19.041094840696495 ], [ 72.82100723709992, 19.041244629858369 ], [ 72.821281001595352, 19.041372133748443 ], [ 72.821650456157059, 19.041561946217303 ], [ 72.822245135451936, 19.041901630321515 ], [ 72.823450507747978, 19.042586916936013 ], [ 72.824547790876039, 19.043236509635907 ], [ 72.825447680489475, 19.043770252392275 ], [ 72.82670578335842, 19.04461554481621 ], [ 72.826764274194559, 19.044668778298437 ], [ 72.826819103633895, 19.044725427192297 ], [ 72.826870050477254, 19.044785263987357 ], [ 72.826916910783396, 19.04484804873071 ], [ 72.826959496919486, 19.044913529015929 ], [ 72.827072944451515, 19.045087347456992 ], [ 72.827182376585043, 19.045263478760948 ], [ 72.827249525691542, 19.045359964988418 ], [ 72.827321101162525, 19.045453528908521 ], [ 72.827398332230317, 19.045545546184535 ], [ 72.827479845853915, 19.0456341607273 ], [ 72.827565474357343, 19.045719192617362 ], [ 72.827639004475998, 19.045785062335902 ], [ 72.827713566214726, 19.045849031993743 ], [ 72.827956980779831, 19.045992420127227 ], [ 72.828466741226606, 19.046293805364925 ], [ 72.828946599373495, 19.046575718461362 ], [ 72.829263859168734, 19.046761079812896 ], [ 72.829676714329139, 19.047016392668024 ], [ 72.830205417363516, 19.047330423315913 ], [ 72.83079599109513, 19.047679593781204 ], [ 72.831365647435078, 19.048014177619507 ], [ 72.832089185316747, 19.048443899898981 ], [ 72.832645904171358, 19.048768769095162 ], [ 72.833219005402668, 19.049109601747634 ], [ 72.833495521575585, 19.049266855797509 ], [ 72.833775578320598, 19.04941833861449 ], [ 72.834059042625853, 19.049563978165935 ], [ 72.834151175664545, 19.049613365578995 ], [ 72.834246054458077, 19.049657804645904 ], [ 72.834343385361421, 19.049697159137281 ], [ 72.834442866016815, 19.049731305367501 ], [ 72.834544190008643, 19.049760139475296 ], [ 72.834647043146802, 19.049783571057525 ], [ 72.834751107207069, 19.049801527729326 ], [ 72.834984556490696, 19.049822907508862 ], [ 72.836026796176753, 19.0499183008607 ], [ 72.836182202207411, 19.049934101245626 ], [ 72.836338149851471, 19.049943957220673 ], [ 72.836494387591742, 19.049947852285104 ], [ 72.836650663781981, 19.049945779873237 ], [ 72.836806727584943, 19.049937744268775 ], [ 72.836962325220426, 19.049923756947784 ], [ 72.837117207493051, 19.049903842086476 ], [ 72.837221648693514, 19.049876912814888 ], [ 72.837323997738991, 19.049843501598133 ], [ 72.837423810115993, 19.049803752265749 ], [ 72.837520653272264, 19.049757838595728 ], [ 72.837614105737629, 19.049705958884761 ], [ 72.837703762775618, 19.049648339627314 ], [ 72.837789233604681, 19.049585230063403 ], [ 72.837870148961031, 19.049516904977008 ], [ 72.8379051657394, 19.04948406561039 ], [ 72.837936471432641, 19.04944799697445 ], [ 72.837963739159036, 19.049409075510908 ], [ 72.837986683427602, 19.049367708857119 ], [ 72.837983829519516, 19.049270838451395 ], [ 72.83799829947948, 19.048974845429743 ], [ 72.838031702880031, 19.048291554706754 ], [ 72.838041616908072, 19.048202160178409 ], [ 72.838055107534132, 19.048205108389162 ], [ 72.838127836585841, 19.048255669268862 ], [ 72.838140364151826, 19.048258683870753 ], [ 72.838510485550998, 19.048285402377235 ], [ 72.838650019529808, 19.048385885341627 ], [ 72.838926653670086, 19.048591606126635 ], [ 72.839093137310925, 19.04872277184128 ], [ 72.839364168275708, 19.048925420408665 ], [ 72.839441586505288, 19.048980169029463 ], [ 72.839551984105327, 19.04905824101553 ], [ 72.839589925631671, 19.049088891897398 ], [ 72.839619500891743, 19.049112784218096 ], [ 72.839625750222694, 19.049117832513744 ], [ 72.839697975546997, 19.049166138745917 ], [ 72.839816826896794, 19.04924562741633 ], [ 72.839897044641233, 19.049300232509459 ], [ 72.839905484265913, 19.049305582834034 ], [ 72.84005652334973, 19.049401331012554 ], [ 72.84034354031094, 19.049603152002632 ], [ 72.840881965031556, 19.049997601901339 ], [ 72.84109397822688, 19.050144092336179 ], [ 72.841165357607551, 19.05019309812447 ], [ 72.841198740483293, 19.050216982387141 ], [ 72.841448647849319, 19.050379670409452 ], [ 72.84156489858826, 19.050456640099839 ], [ 72.841722113025298, 19.050561854982565 ], [ 72.841822298880871, 19.050630521761374 ], [ 72.841828001411372, 19.050634820216896 ], [ 72.841871236129492, 19.050667403248639 ], [ 72.841939635451197, 19.050712135840385 ], [ 72.842216926182374, 19.050899442617268 ], [ 72.842388588508598, 19.050918178423707 ], [ 72.842487577970587, 19.05092977672102 ], [ 72.842773783578238, 19.05096331097312 ], [ 72.842979661304881, 19.05098897321232 ], [ 72.843146018615712, 19.05100970844175 ], [ 72.843270870562392, 19.051025270459004 ], [ 72.843516850390131, 19.051055929801148 ], [ 72.843956607155903, 19.051099305815843 ], [ 72.844674366645847, 19.051178433179562 ], [ 72.846122916867785, 19.051321027514923 ], [ 72.846364012083569, 19.051334596089283 ], [ 72.847286898243723, 19.051390774044577 ], [ 72.848606463678564, 19.051479056825407 ], [ 72.849236758878973, 19.051519863896704 ], [ 72.849597092313431, 19.05154437832768 ], [ 72.84967494473895, 19.051548869834811 ], [ 72.85030491315365, 19.051598814087029 ], [ 72.85038924219235, 19.051605498901836 ], [ 72.853563572137986, 19.051857125658483 ], [ 72.857916223141018, 19.052202068056445 ], [ 72.858044988967578, 19.052366190169504 ], [ 72.858240861528117, 19.052613666685961 ], [ 72.85866411333717, 19.052578706935552 ], [ 72.858697503272552, 19.052575949312725 ], [ 72.859437167079989, 19.052516420261849 ], [ 72.85944735664593, 19.052515600896857 ], [ 72.86027872178903, 19.052448750049514 ], [ 72.860727944977242, 19.052412249449372 ], [ 72.861382943081679, 19.052359027285455 ], [ 72.861809132061282, 19.052324603680237 ], [ 72.862239227192362, 19.052289862124759 ], [ 72.862486389645454, 19.052269897620963 ], [ 72.862495567506087, 19.052269156689889 ], [ 72.862828094370784, 19.05224189414697 ], [ 72.863517183005172, 19.052186782036625 ], [ 72.863623478847714, 19.052178254938639 ], [ 72.864212312517026, 19.052131020045476 ], [ 72.86467272179064, 19.052093331234843 ], [ 72.865132339789071, 19.05205563571193 ], [ 72.865132377825404, 19.05205563253898 ], [ 72.865866351837823, 19.051994517419466 ], [ 72.867034701458877, 19.051900030921544 ], [ 72.8671631676022, 19.05207881843366 ], [ 72.867169092112718, 19.052087064203054 ], [ 72.867265458930035, 19.052221178925013 ], [ 72.867340782975802, 19.052326007605213 ], [ 72.867371398667288, 19.052368616359061 ], [ 72.867498205546909, 19.052537632834305 ], [ 72.8676183583447, 19.052495842695002 ], [ 72.867681257072448, 19.052473965392135 ], [ 72.867706041899496, 19.052466078174682 ], [ 72.867726508985214, 19.052459564601904 ], [ 72.868039728941667, 19.052359883911844 ], [ 72.868231262940313, 19.052196733127857 ], [ 72.868509343310052, 19.051833813485917 ], [ 72.868895114767597, 19.051417552721151 ], [ 72.868924761572814, 19.051413556756184 ], [ 72.868932137829418, 19.051412562548581 ], [ 72.869080505071082, 19.051392563407699 ], [ 72.869149722171741, 19.05138323356363 ], [ 72.869195945812535, 19.051382784643248 ], [ 72.86949409379821, 19.051379891239627 ], [ 72.869620186116506, 19.051370746452314 ], [ 72.869665942225623, 19.051370163751017 ], [ 72.869697757370957, 19.051369757897291 ], [ 72.86970411104538, 19.051369620795871 ], [ 72.869710396407143, 19.051370518954734 ], [ 72.869716427616481, 19.051372425839954 ], [ 72.869722026812099, 19.051375285201829 ], [ 72.869727029786716, 19.05137901294702 ], [ 72.869731287851906, 19.051383499869857 ], [ 72.869734521183901, 19.05139422016132 ], [ 72.869742830489784, 19.051403397563966 ], [ 72.869751173907346, 19.051409903491159 ], [ 72.869759062790109, 19.051413546227668 ], [ 72.869760667192878, 19.051414287366807 ], [ 72.869771887225355, 19.051415484574441 ], [ 72.869814019327265, 19.051415437184243 ], [ 72.869838314719772, 19.05140449999017 ], [ 72.869860438006768, 19.05138766195147 ], [ 72.869881693545722, 19.05137904628354 ], [ 72.869893754038557, 19.051374157928777 ], [ 72.869918021200633, 19.051365356628089 ], [ 72.869921994082873, 19.051362197696797 ], [ 72.869927591262439, 19.051363355270919 ], [ 72.870273384675926, 19.051291055180293 ], [ 72.870299837555024, 19.051285524501694 ], [ 72.870322063539263, 19.051280877203116 ], [ 72.870344600967343, 19.051276164848158 ], [ 72.870553475170738, 19.051253781839204 ], [ 72.87084287535157, 19.05122276946728 ], [ 72.870998943109271, 19.051206045246115 ], [ 72.871077260428379, 19.051200184346914 ], [ 72.871300870270971, 19.051179655098206 ], [ 72.871356511579378, 19.051140381561293 ], [ 72.871683006105286, 19.050909928403762 ], [ 72.871915824732724, 19.050745594741233 ], [ 72.871944650254122, 19.050725248649471 ], [ 72.871978145670511, 19.050701606184532 ], [ 72.871981026971852, 19.050699572734288 ], [ 72.871981078712196, 19.050698941945413 ], [ 72.871980887772906, 19.050698868384902 ], [ 72.871988414615643, 19.050691352372354 ], [ 72.872053735969246, 19.050640828909252 ], [ 72.872134903815606, 19.050593618000054 ], [ 72.872239401094731, 19.050538568333934 ], [ 72.872320098185739, 19.050500183176332 ], [ 72.872399164774833, 19.050465856539823 ], [ 72.872479441991388, 19.050434172341699 ], [ 72.872547336742315, 19.050409765698646 ], [ 72.872615949230166, 19.050387249719218 ], [ 72.872633183474193, 19.050381925831651 ], [ 72.872757652409064, 19.050347320395215 ], [ 72.872758174620898, 19.050347189118728 ], [ 72.872832235641013, 19.050329737277444 ], [ 72.872906822844584, 19.050314449383773 ], [ 72.873071843181108, 19.050303623709713 ], [ 72.873236542065698, 19.050289027542856 ], [ 72.873400824374244, 19.050270670626016 ], [ 72.873401882312137, 19.050270540102488 ], [ 72.873623338760481, 19.050239699345067 ], [ 72.873843622704072, 19.050202023302582 ], [ 72.874062500863758, 19.05015755354939 ], [ 72.874062705634771, 19.050157510745173 ], [ 72.874069837537391, 19.05015600767717 ], [ 72.874070077575638, 19.050155955343318 ], [ 72.874076568335909, 19.05015452437577 ], [ 72.874077358058358, 19.050154346497674 ], [ 72.874084374614824, 19.050152726481414 ], [ 72.874084502283708, 19.0501526963379 ], [ 72.874091742714938, 19.050150950636297 ], [ 72.874092160085084, 19.050150847052588 ], [ 72.874093704803556, 19.050150458378404 ], [ 72.874099006964144, 19.050149124817708 ], [ 72.874099198530743, 19.050149074635165 ], [ 72.874106252154576, 19.050147229227392 ], [ 72.874106487593664, 19.050147165097972 ], [ 72.874112812934712, 19.050145446789596 ], [ 72.874113688013111, 19.050145204859273 ], [ 72.87412051469849, 19.050143278251667 ], [ 72.874120759727106, 19.050143207006556 ], [ 72.874127860980522, 19.050141127296225 ], [ 72.874128190904841, 19.05014102812456 ], [ 72.874135019454087, 19.050138955207984 ], [ 72.874135195882261, 19.05013890033462 ], [ 72.874142155046869, 19.050136715110494 ], [ 72.874142383003019, 19.050136641862117 ], [ 72.874149265870841, 19.050134406078765 ], [ 72.874149484318011, 19.050134333624072 ], [ 72.874156108624319, 19.050132112926896 ], [ 72.874156462579961, 19.050131991450282 ], [ 72.874163413166329, 19.0501295848251 ], [ 72.874163656479524, 19.050129499107825 ], [ 72.874170447738337, 19.050127072581287 ], [ 72.874170607117051, 19.050127013898376 ], [ 72.874177454669251, 19.050124493176678 ], [ 72.874177674192723, 19.050124410798386 ], [ 72.874182324523787, 19.05012264609125 ], [ 72.874184434920323, 19.050121845719087 ], [ 72.874184655428053, 19.050121760642305 ], [ 72.874191066746775, 19.050119258379212 ], [ 72.874191520224031, 19.05011907933649 ], [ 72.874198307704376, 19.050116352879375 ], [ 72.874198467163623, 19.050116287874463 ], [ 72.874205200248866, 19.05011350659413 ], [ 72.874205832467936, 19.050113240186842 ], [ 72.874212062291477, 19.050110594018413 ], [ 72.874212269571757, 19.05011050336957 ], [ 72.874218891921203, 19.050107616033475 ], [ 72.874219112601494, 19.050107517409579 ], [ 72.87422530123942, 19.05010474882458 ], [ 72.874225843917571, 19.05010450216087 ], [ 72.874232456791205, 19.05010146386881 ], [ 72.874232534192487, 19.050101427726435 ], [ 72.874239189170737, 19.050098290559404 ], [ 72.874239729149195, 19.050098032122012 ], [ 72.874245888176119, 19.050095052732985 ], [ 72.87424608317869, 19.050094956523029 ], [ 72.874252551896305, 19.05009175127082 ], [ 72.874252768915653, 19.050091641765455 ], [ 72.874258724264351, 19.05008861938224 ], [ 72.874259347664662, 19.050088299580167 ], [ 72.874265772531416, 19.050084957428336 ], [ 72.87427728380716, 19.050078427519008 ], [ 72.874278125855355, 19.050077944937236 ], [ 72.874288755013865, 19.050071836628113 ], [ 72.874289088034118, 19.050071643551615 ], [ 72.874300188050995, 19.050065184777534 ], [ 72.874300565127783, 19.05006496330391 ], [ 72.874310850747293, 19.050058904328608 ], [ 72.874311859547021, 19.050058306242484 ], [ 72.87432293581756, 19.050051698153588 ], [ 72.87432303919563, 19.050051636115576 ], [ 72.874334248635961, 19.050044864261487 ], [ 72.874335181064609, 19.050044296006629 ], [ 72.874345522335034, 19.050037969398787 ], [ 72.874345860299513, 19.050037761023521 ], [ 72.874356754042481, 19.050031015338948 ], [ 72.874357120775485, 19.05003078561657 ], [ 72.874367329954211, 19.050024388837041 ], [ 72.87436819272898, 19.050023845071156 ], [ 72.874379094354808, 19.050016927854401 ], [ 72.874379298342163, 19.05001679742351 ], [ 72.874390202009891, 19.050009794418784 ], [ 72.874391218228197, 19.050009135898474 ], [ 72.874401266723595, 19.050002601775116 ], [ 72.874401608682518, 19.050002378090145 ], [ 72.874412289434147, 19.04999535083747 ], [ 72.87441264485058, 19.049995114661716 ], [ 72.874422766225848, 19.049988377237334 ], [ 72.874423482849139, 19.049987897726311 ], [ 72.874434206019529, 19.049980672241222 ], [ 72.87443450592491, 19.049980468846972 ], [ 72.874445097983369, 19.049973245463871 ], [ 72.874446194249757, 19.049972492118616 ], [ 72.874455946982749, 19.049965761284781 ], [ 72.874456290086869, 19.049965522257274 ], [ 72.874466751129731, 19.049958218778936 ], [ 72.87446709234581, 19.049957978826388 ], [ 72.87447711644289, 19.049950898841555 ], [ 72.874477687749533, 19.049950492627818 ], [ 72.874488225781548, 19.049942961507362 ], [ 72.874488617886385, 19.049942678783971 ], [ 72.874498895336671, 19.049935246730712 ], [ 72.874499150373708, 19.049935060884916 ], [ 72.874509518105327, 19.04992747631487 ], [ 72.874509860432113, 19.049927223729231 ], [ 72.874519029652944, 19.049920440103111 ], [ 72.874520420153544, 19.049919406519574 ], [ 72.874530338447471, 19.049911982069631 ], [ 72.874530764287982, 19.049911660894086 ], [ 72.874541112432709, 19.049903824083735 ], [ 72.874541592034191, 19.049903458363893 ], [ 72.874551549039722, 19.049895828412737 ], [ 72.8745518138157, 19.049895623710341 ], [ 72.874561939809979, 19.049887777113511 ], [ 72.874562278498686, 19.049887511840065 ], [ 72.874571334865664, 19.049880415282438 ], [ 72.874572587031196, 19.049879428881621 ], [ 72.874582388136304, 19.049871658932258 ], [ 72.874582671221987, 19.049871433665473 ], [ 72.874592822819523, 19.049863291991944 ], [ 72.874593385237873, 19.049862837802038 ], [ 72.874603020710765, 19.049855020779958 ], [ 72.874603292364952, 19.049854798091282 ], [ 72.874613168954767, 19.049846694799161 ], [ 72.874613502082894, 19.049846418622305 ], [ 72.874622435148595, 19.049839009012953 ], [ 72.87462355171337, 19.049838078859157 ], [ 72.87463322616648, 19.049829960591651 ], [ 72.874633366359404, 19.049829842071407 ], [ 72.874643317610619, 19.04982139549109 ], [ 72.874643957204782, 19.049820848249755 ], [ 72.874653267196507, 19.049812855854018 ], [ 72.874653544779108, 19.049812615168111 ], [ 72.874663166162378, 19.049804263243534 ], [ 72.874663492768661, 19.049803977055465 ], [ 72.874672292097216, 19.049796253371024 ], [ 72.874673273907518, 19.049795387603506 ], [ 72.874682811272748, 19.049786919994524 ], [ 72.874766157013283, 19.049708765157011 ], [ 72.874845376193278, 19.049626821398068 ], [ 72.874920278232338, 19.04954128524782 ], [ 72.874972782475965, 19.049475845433026 ], [ 72.875084690531352, 19.049332305461345 ], [ 72.875224425824143, 19.04924816521158 ], [ 72.875580077282976, 19.049034012619842 ], [ 72.875672992329967, 19.048997560421903 ], [ 72.875767607410012, 19.048965303569549 ], [ 72.875863712643934, 19.048937313713001 ], [ 72.875961095453292, 19.048913650729343 ], [ 72.875961123076266, 19.048913644724404 ], [ 72.875991595781301, 19.048907184819871 ], [ 72.876014798827697, 19.048902085563899 ], [ 72.876042542934982, 19.048898876732842 ], [ 72.876076583195072, 19.048899073441266 ], [ 72.876110264097846, 19.048903771527531 ], [ 72.876137290381138, 19.048908226811697 ], [ 72.876217721407158, 19.048925474674093 ], [ 72.876296560024969, 19.048948428210309 ], [ 72.876373359561057, 19.048976956727561 ], [ 72.876447684178856, 19.049010898947103 ], [ 72.876494208810271, 19.049036543518163 ], [ 72.876543514815978, 19.049056954912999 ], [ 72.876594953990931, 19.049071864624249 ], [ 72.876647849666938, 19.049081076079265 ], [ 72.876698947457641, 19.04908086376798 ], [ 72.876749479027168, 19.049073641857742 ], [ 72.87677312614791, 19.049065071824632 ], [ 72.876795162932041, 19.049053239608476 ], [ 72.876815093964282, 19.049038410491011 ], [ 72.876832472354579, 19.049020918057966 ], [ 72.876846909373427, 19.049001153470513 ], [ 72.876930790252928, 19.048887403013271 ], [ 72.876998249490725, 19.048800230242879 ], [ 72.877117193337426, 19.048617097159092 ], [ 72.87720038071933, 19.048557828475619 ], [ 72.877258476308285, 19.048495403213867 ], [ 72.877320010533595, 19.04844543838577 ], [ 72.877429127317413, 19.048356839611124 ], [ 72.877512364052336, 19.048293746876112 ], [ 72.877681414151937, 19.048202006503871 ], [ 72.877768683101806, 19.048138005253147 ], [ 72.878061020529188, 19.047916715002472 ], [ 72.878107635907881, 19.047884651002757 ], [ 72.878132797816534, 19.047867343670447 ], [ 72.878149344040622, 19.047855962097806 ], [ 72.878189124106427, 19.047843767359115 ], [ 72.878212691187116, 19.047836542978651 ], [ 72.878217054831794, 19.047835204821737 ], [ 72.878268630819647, 19.047819394402403 ], [ 72.878272854278123, 19.047818099795894 ], [ 72.878294348242861, 19.047811510957413 ], [ 72.878313477044244, 19.047804845242666 ], [ 72.878316302143674, 19.047803860638943 ], [ 72.878385432582562, 19.047779771186459 ], [ 72.878373520234021, 19.047633261536269 ], [ 72.878438527377057, 19.047672289635784 ], [ 72.878506792978541, 19.047705910245135 ], [ 72.878577822403884, 19.047733879209879 ], [ 72.878651099583294, 19.047755994583479 ], [ 72.878726090845248, 19.047772093961722 ], [ 72.878802251484601, 19.047782060881232 ], [ 72.878879027685272, 19.047785823035102 ], [ 72.878955862207405, 19.047783353241577 ], [ 72.879032196298766, 19.047774668562887 ], [ 72.8797213316398, 19.046863904375826 ], [ 72.879744171835995, 19.046826479503654 ], [ 72.879760814205937, 19.046786206756092 ], [ 72.879770878495833, 19.046744007621985 ], [ 72.87977413492105, 19.046700847772271 ], [ 72.879770507301785, 19.046657714514097 ], [ 72.879760079997297, 19.046615594288394 ], [ 72.879743091509795, 19.046575452724539 ], [ 72.879741438724295, 19.046570668966091 ], [ 72.879514260273268, 19.045913206056444 ], [ 72.879495332811274, 19.045812693576867 ], [ 72.879483640743686, 19.045711188433188 ], [ 72.879479236949976, 19.045609162742132 ], [ 72.879481593965735, 19.045516057782834 ], [ 72.879490023188069, 19.045423271895562 ], [ 72.879504490621486, 19.04533116238445 ], [ 72.87952494046182, 19.04524008359267 ], [ 72.879551295084909, 19.045150387805677 ], [ 72.87964990323772, 19.04476883791191 ], [ 72.879840978287859, 19.044029499245998 ], [ 72.880026199787295, 19.043532947253905 ], [ 72.880608787937291, 19.04145001711133 ], [ 72.880967725162662, 19.038984118354595 ], [ 72.881033933806791, 19.038647792338558 ], [ 72.881104918984235, 19.038312347585187 ], [ 72.88118066846998, 19.037977847175657 ], [ 72.881261166275195, 19.03764435143778 ], [ 72.881277478306586, 19.03752797006349 ], [ 72.881289798149595, 19.037411145428663 ], [ 72.881298110946773, 19.037294001113011 ], [ 72.881302784249371, 19.037153335289627 ], [ 72.881302004862306, 19.037024778524525 ], [ 72.881296407594903, 19.036896329058521 ], [ 72.881285997970053, 19.036768151351605 ], [ 72.881270791030374, 19.036640408166111 ], [ 72.881252877547439, 19.036525133444218 ], [ 72.881231057363081, 19.036410468763137 ], [ 72.881205351741968, 19.036296535405111 ], [ 72.881183636607176, 19.036211995256242 ], [ 72.881159781582454, 19.036127977933191 ], [ 72.881080018705731, 19.03579988719272 ], [ 72.880992911583107, 19.035473489792501 ], [ 72.880898499213231, 19.035148934310474 ], [ 72.880796825342202, 19.034826369378155 ], [ 72.880687934687714, 19.034505941830886 ], [ 72.880571879575044, 19.034187797687174 ], [ 72.880448710452001, 19.033872081136611 ], [ 72.880318485362295, 19.033558936455211 ], [ 72.880162727063592, 19.03324933660851 ], [ 72.880123233790925, 19.033175700772091 ], [ 72.879541442755112, 19.032092572701533 ], [ 72.879438417064264, 19.031944416881682 ], [ 72.879341062555824, 19.031792832277507 ], [ 72.879249504954942, 19.031638014544988 ], [ 72.879163864218611, 19.03148016469309 ], [ 72.879084249821929, 19.031319486319763 ], [ 72.879010765472003, 19.031156188375849 ], [ 72.878943506293552, 19.030990482422887 ], [ 72.878882558840402, 19.03082258172995 ], [ 72.87882800296056, 19.030652704004869 ], [ 72.878779908009207, 19.030481070447326 ], [ 72.878766509429298, 19.030382952792916 ], [ 72.878751220477952, 19.030285085310446 ], [ 72.878719632552773, 19.030113018992164 ], [ 72.878682205264425, 19.029942015594585 ], [ 72.878638975306302, 19.029772253482307 ], [ 72.8785899907556, 19.029603912053361 ], [ 72.878567424236351, 19.029532786419956 ], [ 72.878508129698147, 19.029360733322406 ], [ 72.878442797973875, 19.029190668522023 ], [ 72.878371501658506, 19.029022785245324 ], [ 72.878294322911245, 19.028857271408476 ], [ 72.878211347700073, 19.028694314067614 ], [ 72.878122669634919, 19.028534096753102 ], [ 72.87793316357353, 19.027856495952072 ], [ 72.877750183311704, 19.027177273677491 ], [ 72.877573746067768, 19.026496488852814 ], [ 72.877403865306789, 19.025814196744641 ], [ 72.877363440958788, 19.025658713155067 ], [ 72.877328127258465, 19.02550210861347 ], [ 72.877297957422272, 19.025344533446795 ], [ 72.877272961771723, 19.025186141561438 ], [ 72.877253163992222, 19.025027085883817 ], [ 72.877207872557918, 19.024736660370895 ], [ 72.877168580324579, 19.024445445683561 ], [ 72.877135302930526, 19.024153554008695 ], [ 72.877108052215547, 19.02386109748895 ], [ 72.877090445899128, 19.023624500996593 ], [ 72.877385824939722, 19.023058851132053 ], [ 72.877754265505374, 19.022353283485714 ], [ 72.877839218754318, 19.022167892068332 ], [ 72.877849247523713, 19.022146008006548 ], [ 72.877849742928092, 19.022145138423781 ], [ 72.877998266185386, 19.02188471131041 ], [ 72.878006337156137, 19.021870560268805 ], [ 72.878016560670488, 19.021852632969061 ], [ 72.87810111209879, 19.021704376724298 ], [ 72.878280684593307, 19.021414868170567 ], [ 72.878393356095728, 19.021248867367497 ], [ 72.878732638251009, 19.020848867199387 ], [ 72.879109503279906, 19.020363897478031 ], [ 72.879358495818252, 19.020043477640804 ], [ 72.87991260549569, 19.019347199882549 ], [ 72.880026478104242, 19.019216464638301 ], [ 72.88014516321185, 19.019089659575844 ], [ 72.880268508723532, 19.018966945530725 ], [ 72.880396360738487, 19.018848476091719 ], [ 72.880581961226298, 19.018677534615577 ], [ 72.880829091975059, 19.018424800550232 ], [ 72.880982922056816, 19.018267481454334 ], [ 72.881139450475771, 19.018110346702141 ], [ 72.881449507399921, 19.017834280747881 ], [ 72.881671720042263, 19.017649219485477 ], [ 72.881934599505314, 19.017427579751033 ], [ 72.882113570788192, 19.017283844851068 ], [ 72.882156836478927, 19.017260077796202 ], [ 72.882194542837695, 19.017239365128788 ], [ 72.882398666591826, 19.017093529010896 ], [ 72.88257868152796, 19.016966535154832 ], [ 72.88260346616714, 19.016944620201848 ], [ 72.882626251801085, 19.016927194211291 ], [ 72.882645956339815, 19.01691233796614 ], [ 72.882731181160466, 19.016829667350919 ], [ 72.882856996228867, 19.016716391693212 ], [ 72.88289005080803, 19.016685701256041 ], [ 72.883000429166671, 19.016600928599058 ], [ 72.883142545117252, 19.016490230435252 ], [ 72.883355719183385, 19.016324182050209 ], [ 72.883477674833969, 19.016218031910284 ], [ 72.883643067546615, 19.016055021882188 ], [ 72.883770576299966, 19.01590711152047 ], [ 72.883891941508068, 19.015748376268256 ], [ 72.883957839949417, 19.015637555204609 ], [ 72.884017366661865, 19.015523518646042 ], [ 72.884070349352825, 19.015406598839768 ], [ 72.884116633704423, 19.015287133658099 ], [ 72.884156085215295, 19.01516547113588 ], [ 72.884188590218585, 19.015041964062355 ], [ 72.884357880986386, 19.014467049499476 ], [ 72.884388133215822, 19.014364313657222 ], [ 72.884452808191142, 19.013621785698714 ], [ 72.884480015478218, 19.013258827312178 ], [ 72.884563430104635, 19.011639611373784 ], [ 72.884573890406841, 19.0115873914967 ], [ 72.884692691804545, 19.011015168049418 ], [ 72.884790509418281, 19.010552402137442 ], [ 72.884868250828163, 19.010186915374891 ], [ 72.884947719082788, 19.009923259616748 ], [ 72.885089973995832, 19.00946315253973 ], [ 72.885247247618267, 19.008948009543023 ], [ 72.885385044056406, 19.008542341393511 ], [ 72.885452133906313, 19.007886354960643 ], [ 72.885492340202944, 19.007448740442317 ], [ 72.885534998217381, 19.00699609714999 ], [ 72.885562722628777, 19.00671105640491 ], [ 72.885594605162879, 19.006395232447186 ], [ 72.885644061917731, 19.005881723398513 ], [ 72.885932835137936, 19.005274304472884 ], [ 72.88601151176475, 19.00461558281501 ], [ 72.8860721077059, 19.004095269902187 ], [ 72.886132249224275, 19.003610801108309 ], [ 72.886169603038624, 19.003239593305629 ], [ 72.886227938615988, 19.002599757566088 ], [ 72.88631343074843, 19.002196835665583 ], [ 72.88640131393484, 19.001803501327892 ], [ 72.886548626684927, 19.001130559929596 ], [ 72.886671720018654, 19.000535438251813 ], [ 72.88680753445135, 18.999887883569567 ], [ 72.886928470618088, 18.999304209418575 ], [ 72.886989033095489, 18.998805882826801 ], [ 72.887050623726253, 18.998305655661383 ], [ 72.887103270581875, 18.99787702510055 ], [ 72.88718990268876, 18.997224127612505 ], [ 72.887277076831367, 18.996528218299847 ], [ 72.887300476993573, 18.996187202349162 ], [ 72.887358700508386, 18.995714659855786 ], [ 72.887436262034527, 18.995063570585859 ], [ 72.887490220979615, 18.994530752918145 ], [ 72.887543226396772, 18.994073446780096 ], [ 72.887611769856619, 18.993499688067569 ], [ 72.888024488992329, 18.993604777864313 ], [ 72.888576493411165, 18.993742048149162 ], [ 72.88897425015449, 18.993838361369377 ], [ 72.889413969825142, 18.993954272355083 ], [ 72.889975116752126, 18.994083994868483 ], [ 72.890644544752533, 18.994234070352164 ], [ 72.891433042960358, 18.994425652716533 ], [ 72.892045199055573, 18.994575069570054 ], [ 72.892649425806098, 18.994715791269218 ], [ 72.893443001079305, 18.994903598765337 ], [ 72.89440983836549, 18.995139262280361 ], [ 72.895355769694092, 18.995359386847156 ], [ 72.895906878762048, 18.995488978793311 ], [ 72.896501209443755, 18.99561810412613 ], [ 72.897147577233682, 18.995765025936961 ], [ 72.897789890358737, 18.995914769236187 ], [ 72.89803351391808, 18.995961512706 ], [ 72.898815814354649, 18.996087986736896 ], [ 72.899327264100009, 18.996175054982583 ], [ 72.899761533312173, 18.996245949210351 ], [ 72.900303081616556, 18.996337180221705 ], [ 72.900932901695668, 18.996441838933524 ], [ 72.901607844915546, 18.996554655642829 ], [ 72.902108005088877, 18.996660707340709 ], [ 72.902942995957133, 18.996833649120752 ], [ 72.90392679832533, 18.997059605013124 ], [ 72.904191208523585, 18.997120332403874 ], [ 72.904310162570653, 18.997138786796707 ], [ 72.905044931585792, 18.997252779598991 ], [ 72.905720769894586, 18.997354836439548 ], [ 72.906542014715228, 18.997482436951184 ], [ 72.90720140787306, 18.997593862806397 ], [ 72.908003650081213, 18.997734387572649 ], [ 72.908787113369073, 18.997869915509551 ], [ 72.909512857801275, 18.998000008509898 ], [ 72.910130894427709, 18.998103786434154 ], [ 72.910811617589459, 18.998217830934376 ], [ 72.911550030910831, 18.998339694805257 ], [ 72.912388738797105, 18.998478221881602 ], [ 72.913121528544778, 18.998849766801353 ], [ 72.914103961771673, 18.999350793828985 ], [ 72.914279064435959, 18.999614470067517 ], [ 72.914582390323389, 19.000073180656198 ], [ 72.914885493511889, 19.000549812415063 ], [ 72.915358606081114, 19.001296037132438 ], [ 72.915734528715916, 19.001877452461319 ], [ 72.91586591168516, 19.002121514746626 ], [ 72.916250735263574, 19.002694665103498 ], [ 72.916785756974249, 19.00351447876595 ], [ 72.916990316467903, 19.003834649075994 ], [ 72.917504497163534, 19.004613597090529 ], [ 72.917942862092843, 19.005327161577707 ], [ 72.918105549093752, 19.005579939724612 ], [ 72.91845687295212, 19.006120444580798 ], [ 72.918538113520398, 19.006255197752978 ], [ 72.918275531894835, 19.006861684377434 ], [ 72.918034162366951, 19.0073787853296 ], [ 72.917972089227746, 19.007621862899747 ], [ 72.917877421981075, 19.007960173504941 ], [ 72.917748323854596, 19.008440298230411 ], [ 72.917623468682478, 19.008882231418003 ], [ 72.917517479661171, 19.009221608294283 ], [ 72.917410159497805, 19.009566945356767 ], [ 72.917278470481293, 19.010053015563919 ], [ 72.917191754171967, 19.010357954372047 ], [ 72.917035766072345, 19.010878405328366 ], [ 72.916944513926481, 19.011143858612002 ], [ 72.916617052059806, 19.011612186775071 ], [ 72.916403323612784, 19.011926448817771 ], [ 72.916332327706058, 19.012028876852746 ], [ 72.91777655448962, 19.014976000213405 ], [ 72.91792825537938, 19.015118652135726 ], [ 72.918064662020569, 19.015246921936406 ], [ 72.918914539044934, 19.016413240469511 ], [ 72.919200326228378, 19.017678363624224 ], [ 72.923345588910976, 19.022199029807556 ], [ 72.925653732700226, 19.024117822094382 ], [ 72.926973255074131, 19.024706228906108 ], [ 72.928337018011675, 19.024970086813852 ], [ 72.930295415989306, 19.025106758486601 ], [ 72.933019304504967, 19.025118137505387 ], [ 72.934326918619107, 19.025046725103724 ], [ 72.935411775963857, 19.024959452197439 ], [ 72.938242719905659, 19.024893273622993 ], [ 72.938896096232995, 19.0249102509983 ], [ 72.939206008524039, 19.025047548272312 ], [ 72.939669876137003, 19.025334741896231 ], [ 72.940059722328797, 19.025511169821115 ], [ 72.940314772133775, 19.025614393423229 ], [ 72.940509931015981, 19.025683488808699 ], [ 72.940795603993649, 19.025748813670532 ], [ 72.941121419869106, 19.025819364923489 ], [ 72.941588264696222, 19.025906146948856 ], [ 72.941663437125328, 19.025923714706934 ], [ 72.942231918535029, 19.026083007659494 ], [ 72.942871590988233, 19.026379322726449 ], [ 72.943371146553559, 19.026626274648279 ], [ 72.944120644578064, 19.026983558508732 ], [ 72.944815249411491, 19.027309158721614 ], [ 72.945152428712404, 19.027477819317035 ], [ 72.945549465984683, 19.027631002183419 ], [ 72.94555391744305, 19.027632719198174 ], [ 72.946247424650963, 19.027900282016105 ], [ 72.947072550240165, 19.028239274555098 ], [ 72.947545124259705, 19.028433337452281 ], [ 72.947800242759328, 19.028531771890634 ], [ 72.94812542245856, 19.028654884938188 ], [ 72.948265310427757, 19.028723359520825 ], [ 72.948347112821367, 19.028815088466903 ], [ 72.948730338306262, 19.029122875073913 ], [ 72.94907214069795, 19.029325041642068 ], [ 72.949281857337837, 19.02943731002642 ], [ 72.949887484248606, 19.029847944726555 ], [ 72.950311123130462, 19.030139446904037 ], [ 72.950540063063187, 19.030323628274559 ], [ 72.950706597236945, 19.030473656618547 ], [ 72.950820392857111, 19.030620709513641 ], [ 72.950911047127946, 19.030810526515069 ], [ 72.950951653272369, 19.030983057132584 ], [ 72.950956963003875, 19.031164756729648 ], [ 72.950979715306218, 19.031358599710515 ], [ 72.951023478435445, 19.031478585625919 ], [ 72.951075278589727, 19.031558029933485 ], [ 72.951117495092532, 19.031636625383687 ], [ 72.951424452096703, 19.031946196010328 ], [ 72.951986219224153, 19.032860629811545 ], [ 72.952754377332482, 19.034159751688776 ], [ 72.952993129466336, 19.034774240799109 ], [ 72.953022513179718, 19.03489585914507 ], [ 72.953045957597169, 19.035018639241738 ], [ 72.953063412732334, 19.035142318576799 ], [ 72.953074841927659, 19.035266632075206 ], [ 72.953080218972246, 19.035391314777126 ], [ 72.953079534760988, 19.035516101008454 ], [ 72.953078220366137, 19.035591096235127 ], [ 72.953080654352348, 19.035666066171146 ], [ 72.95308683214698, 19.03574084184746 ], [ 72.953126444587127, 19.035791115591373 ], [ 72.953159855927765, 19.03584530869017 ], [ 72.95318664145303, 19.035902734441027 ], [ 72.95320646248426, 19.035962661025653 ], [ 72.953219066170035, 19.036024328670507 ], [ 72.953261788353174, 19.036085773751363 ], [ 72.953310431107298, 19.03614309852464 ], [ 72.953364559999926, 19.036195789607824 ], [ 72.953423687875002, 19.036243372779428 ], [ 72.953487285178014, 19.036285423029938 ], [ 72.953581775865274, 19.036367730155497 ], [ 72.953626512732129, 19.036403300554547 ], [ 72.953674882117852, 19.03643427452295 ], [ 72.953726363783488, 19.03646031929431 ], [ 72.953780404567453, 19.036481153226312 ], [ 72.9538364239733, 19.036496554895734 ], [ 72.953893818046325, 19.036506356818432 ], [ 72.953951971620455, 19.036510453714978 ], [ 72.953997285861689, 19.036515656686991 ], [ 72.954042926908642, 19.036516126320233 ], [ 72.954088348658487, 19.036511857466053 ], [ 72.954133010031569, 19.036502900133858 ], [ 72.95423281985984, 19.036561366164573 ], [ 72.955197595579918, 19.037814858452823 ], [ 72.953262797326445, 19.038875916297471 ], [ 72.953383894158762, 19.038956340712907 ], [ 72.953431085409221, 19.038988476937874 ], [ 72.953594749157318, 19.039099927504662 ], [ 72.953831884840611, 19.039271687783828 ], [ 72.953877236208285, 19.039304536098079 ], [ 72.954004924314191, 19.039405615082998 ], [ 72.954211019675782, 19.039568507302015 ], [ 72.954220922869411, 19.039576499315004 ], [ 72.95450293095071, 19.039804051213437 ], [ 72.954724709185939, 19.039979305948972 ], [ 72.954802599516242, 19.040083417055605 ], [ 72.954841228129766, 19.040136581064928 ], [ 72.954917894133658, 19.040242094956994 ], [ 72.954979066900336, 19.040326285317793 ], [ 72.955144738710203, 19.040552001979684 ], [ 72.955171136775306, 19.040587967858151 ], [ 72.95526653705268, 19.040719187752259 ], [ 72.955277132945085, 19.040733761670218 ], [ 72.955333519189622, 19.040811320123705 ], [ 72.955496628822289, 19.041036832012907 ], [ 72.955701244944663, 19.041320879890591 ], [ 72.95588202686524, 19.041581003290137 ], [ 72.956019858177754, 19.041777553932722 ], [ 72.956411055984901, 19.042158992419182 ], [ 72.957012155238814, 19.04273924949214 ], [ 72.957563528511756, 19.0432759336658 ], [ 72.958671193035826, 19.044358911977113 ], [ 72.959091435557596, 19.045343464601306 ], [ 72.959667136446924, 19.046769497381678 ], [ 72.95993380519441, 19.0475707105205 ], [ 72.960149296004914, 19.048241101293854 ], [ 72.960115327592632, 19.04844985112949 ], [ 72.960034022215908, 19.048932930509032 ], [ 72.95983517402351, 19.049265333509055 ], [ 72.959967400931632, 19.050270600331757 ], [ 72.960011818041451, 19.050749094077322 ], [ 72.960092469495265, 19.051861341382832 ], [ 72.960137107013011, 19.052835764518456 ], [ 72.960299118969516, 19.054136511495177 ], [ 72.960330463731168, 19.05452386843071 ], [ 72.960344201743865, 19.054693641098361 ], [ 72.960361053347583, 19.05490190117731 ], [ 72.960362150134742, 19.054915453011848 ], [ 72.960401339170843, 19.05539973777481 ], [ 72.960462881078385, 19.056160272296502 ], [ 72.960466936583188, 19.056188464261481 ], [ 72.960472912167802, 19.056230002174757 ], [ 72.960487053241735, 19.056217188799852 ], [ 72.961020346202162, 19.055834060177592 ], [ 72.961132602136544, 19.055652198170179 ], [ 72.961137612308335, 19.055492402912723 ], [ 72.961557619472416, 19.055844069050714 ], [ 72.961721538556631, 19.055981316289195 ], [ 72.961803519847848, 19.056025817654405 ], [ 72.961961406836807, 19.056111847213689 ], [ 72.961667553234165, 19.056938382963001 ], [ 72.961627920480908, 19.057049859713004 ], [ 72.961499271572293, 19.057411710494442 ], [ 72.961212495073568, 19.057367851486902 ], [ 72.961032423758837, 19.057340955081614 ], [ 72.960681228931023, 19.057288497309958 ], [ 72.960613430594449, 19.058589008460821 ], [ 72.960566309286776, 19.058845413951147 ], [ 72.960393017350313, 19.059656101300558 ], [ 72.960304251498783, 19.060234697324379 ], [ 72.960065206136989, 19.060769806096946 ], [ 72.95952223837395, 19.06149275188594 ], [ 72.958558743414017, 19.062175191536351 ], [ 72.95770271038127, 19.06280504074007 ], [ 72.957601231454376, 19.062881592332921 ], [ 72.9574308584627, 19.062939455573751 ], [ 72.95669932075387, 19.063152427130738 ], [ 72.956352241019644, 19.063233654642826 ], [ 72.956121719442052, 19.063276987883587 ], [ 72.95582565711166, 19.063315292784559 ], [ 72.955107060306702, 19.063313061891868 ], [ 72.954787345995967, 19.063312384402423 ], [ 72.954446616673451, 19.063303585584332 ], [ 72.954300453527793, 19.063293360254598 ], [ 72.953876747700903, 19.063225563650043 ], [ 72.953625399967137, 19.063184057196668 ], [ 72.953382974052403, 19.063030079449451 ], [ 72.953106892161173, 19.06285350112098 ], [ 72.952680982889859, 19.06253544463009 ], [ 72.952349183829071, 19.0622908484101 ], [ 72.952176560476033, 19.062163457129348 ], [ 72.951843114609019, 19.061930313801366 ], [ 72.951793476266488, 19.061869400959299 ], [ 72.951791084167567, 19.061866463943247 ], [ 72.951543000663307, 19.061562028137029 ], [ 72.951266581839519, 19.061229137542039 ], [ 72.950922621051461, 19.060808739200365 ], [ 72.950593502961752, 19.060407864900252 ], [ 72.95028667034596, 19.060034483268833 ], [ 72.949930126268939, 19.059595302096437 ], [ 72.949571909150734, 19.059169724506507 ], [ 72.949334112160031, 19.058885300456968 ], [ 72.949181793952235, 19.058701489048804 ], [ 72.948629602886058, 19.058475229699063 ], [ 72.948176333011517, 19.058298825047451 ], [ 72.947820740790888, 19.058150752462769 ], [ 72.947630745063123, 19.058072348213052 ], [ 72.947626816007926, 19.058070726424152 ], [ 72.94751539783033, 19.05802474875485 ], [ 72.946957215538035, 19.057795550092614 ], [ 72.946369728030405, 19.057558136859509 ], [ 72.945752359874476, 19.057298162449708 ], [ 72.945279768037395, 19.057099309318104 ], [ 72.944913608308312, 19.056952547356573 ], [ 72.944423723698421, 19.056749915225637 ], [ 72.943912063783372, 19.056539867861702 ], [ 72.943572125861863, 19.056407019293758 ], [ 72.942658286311129, 19.056459740110753 ], [ 72.942289716131114, 19.056682337020536 ], [ 72.940489115484311, 19.061833073770259 ], [ 72.940480517393382, 19.061857667656568 ], [ 72.94102442335415, 19.062049044790069 ], [ 72.941892863762192, 19.062352706837743 ], [ 72.942673758699101, 19.062621929243267 ], [ 72.943925132055185, 19.063058912994883 ], [ 72.945701413681633, 19.063654865617536 ], [ 72.945706052353643, 19.063656421290244 ], [ 72.946275623953113, 19.063847512431096 ], [ 72.946813537687689, 19.063846331908014 ], [ 72.947912509501464, 19.06420989352775 ], [ 72.949336735040902, 19.064696567064196 ], [ 72.949933545275726, 19.0650162927734 ], [ 72.9502143949925, 19.065275143983595 ], [ 72.950261793810142, 19.06530435078297 ], [ 72.950817485292291, 19.065697706784661 ], [ 72.951383056857551, 19.066105511042821 ], [ 72.952075720029185, 19.066603155332313 ], [ 72.952153631614635, 19.066660563037221 ], [ 72.952158324029739, 19.066664020612663 ], [ 72.952852928023503, 19.067175826035655 ], [ 72.953522541300799, 19.067709059117153 ], [ 72.954335882636585, 19.068353866850572 ], [ 72.954405142738096, 19.070390915944852 ], [ 72.954472743665875, 19.072255867545959 ], [ 72.954109942163782, 19.073244885570553 ], [ 72.95362156478663, 19.074634029190513 ], [ 72.952018381597682, 19.076530611058249 ], [ 72.9517774727626, 19.07680397910903 ], [ 72.951724711066774, 19.076865274478859 ], [ 72.951677021582455, 19.07693021864231 ], [ 72.951634682604734, 19.076998431695724 ], [ 72.951597939381983, 19.077069517108555 ], [ 72.951567006026792, 19.077143060841276 ], [ 72.951542064543517, 19.077218633141012 ], [ 72.951523259050916, 19.077295794800367 ], [ 72.951510698653806, 19.077374095382698 ], [ 72.951504458326198, 19.077453078651562 ], [ 72.951504573189212, 19.077532284313797 ], [ 72.95141065550466, 19.078423904056024 ], [ 72.951321540514471, 19.078924812380524 ], [ 72.951251364035343, 19.079418760721715 ], [ 72.951186103690233, 19.079819554465431 ], [ 72.950995809377062, 19.080882182140648 ], [ 72.950837967874037, 19.081758749237963 ], [ 72.950704377035592, 19.082502941989397 ], [ 72.950503757972101, 19.083178273559181 ], [ 72.950461156281733, 19.083306943074145 ], [ 72.950424571068339, 19.083437275635823 ], [ 72.950394074838698, 19.0835690164207 ], [ 72.950369725872932, 19.083701908639945 ], [ 72.950351572013176, 19.083835694484776 ], [ 72.950339649769049, 19.083970110599974 ], [ 72.950333981356479, 19.084104897083893 ], [ 72.950352279880818, 19.084456430295482 ], [ 72.950431136347362, 19.08632150196371 ], [ 72.950500381376457, 19.087741927862094 ], [ 72.950537394574795, 19.088717456441223 ], [ 72.950594426033078, 19.089904722249184 ], [ 72.950462425806876, 19.091437628827926 ], [ 72.950387055627061, 19.092046237175783 ], [ 72.950266412871727, 19.092962651152217 ], [ 72.950134501205113, 19.093875355128283 ], [ 72.950122854134221, 19.094208628744312 ], [ 72.950104399774972, 19.095706947497494 ], [ 72.950088354572372, 19.096703394133481 ], [ 72.950053375033875, 19.098624557169696 ], [ 72.95004474658603, 19.099018809033936 ], [ 72.949986410214919, 19.099774591200848 ], [ 72.949934024687096, 19.100659498660988 ], [ 72.949921006107971, 19.101103891642705 ], [ 72.949911980019579, 19.101530404856387 ], [ 72.949881465209231, 19.102476500441568 ], [ 72.94999842022861, 19.103696696349679 ], [ 72.950014109649572, 19.104259713318022 ], [ 72.949996748308109, 19.105668418045465 ], [ 72.949259137428299, 19.106459652175616 ], [ 72.949121620992671, 19.106601519771846 ], [ 72.949041241216705, 19.106697418155658 ], [ 72.948426111725183, 19.10764775166837 ], [ 72.947876007691988, 19.108523523831071 ], [ 72.947630162913356, 19.108886449770345 ], [ 72.94730025324759, 19.109338062103337 ], [ 72.946920656809709, 19.109842894569159 ], [ 72.946391870390059, 19.110518139652605 ], [ 72.946208123797305, 19.110738357436244 ], [ 72.945951978844377, 19.111018711543664 ], [ 72.945543047814354, 19.111455097980343 ], [ 72.945164947047346, 19.111838053351384 ], [ 72.944516939730192, 19.112393656433188 ], [ 72.944237853256354, 19.112698845898905 ], [ 72.943121496004551, 19.113919599365211 ], [ 72.943955348942978, 19.113957996975934 ], [ 72.946010455627118, 19.113967931465034 ], [ 72.946219073812472, 19.113788846252728 ], [ 72.946296523023449, 19.113744762587643 ], [ 72.94638549690913, 19.113683011630723 ], [ 72.946461279970876, 19.113619865051216 ], [ 72.947104385546083, 19.113096393010277 ], [ 72.947244314180608, 19.112957567909678 ], [ 72.947786589187885, 19.112433336724436 ], [ 72.948183080844274, 19.112069749573344 ], [ 72.948179130528118, 19.11205912427744 ], [ 72.948303323847853, 19.111938613295951 ], [ 72.948558407961983, 19.111697320636384 ], [ 72.948847950885153, 19.111507501378927 ], [ 72.949099311951144, 19.111340582889845 ], [ 72.949361461071334, 19.111209793378574 ], [ 72.949407407774615, 19.1111844321589 ], [ 72.949436575569067, 19.111170163465694 ], [ 72.949473457298012, 19.111156309524119 ], [ 72.949583049450354, 19.111134483864383 ], [ 72.949933537519001, 19.111066081383392 ], [ 72.950133950212347, 19.111024644785189 ], [ 72.950447530420391, 19.110987152101412 ], [ 72.950980461133156, 19.110915375877759 ], [ 72.951850004848367, 19.11080981355099 ], [ 72.95261097080737, 19.112013546897714 ], [ 72.952733700713068, 19.112211691161157 ], [ 72.952774442996244, 19.112292649369888 ], [ 72.952839560428373, 19.112402206282948 ], [ 72.953128730334612, 19.112872476969123 ], [ 72.953151224846778, 19.112909035396317 ], [ 72.953485812674217, 19.113448693933531 ], [ 72.953760404394302, 19.113918919161897 ], [ 72.953807802391566, 19.114001345919149 ], [ 72.953812796577537, 19.114026714681174 ], [ 72.953860975984099, 19.11421227917014 ], [ 72.953869005610159, 19.1142192552356 ], [ 72.954050902141063, 19.114947463874326 ], [ 72.954225271829031, 19.115633652937621 ], [ 72.954396833751474, 19.116408481499978 ], [ 72.954413518721822, 19.116440567115283 ], [ 72.954553111079719, 19.116907851601443 ], [ 72.95504115557587, 19.117536298881529 ], [ 72.955593438607892, 19.118256889459353 ], [ 72.955861298438549, 19.118600260999699 ], [ 72.955867872201054, 19.118598758686723 ], [ 72.956021993551687, 19.118789098759926 ], [ 72.956139898848605, 19.118941472529809 ], [ 72.956198894326405, 19.119006416012322 ], [ 72.956232974371559, 19.119061930411494 ], [ 72.95649640314501, 19.11938276065662 ], [ 72.956839149639407, 19.119857589507511 ], [ 72.957148778018109, 19.120285732317008 ], [ 72.95733889499536, 19.120547750871811 ], [ 72.957687876637948, 19.121029217441503 ], [ 72.957908982062079, 19.121333055649263 ], [ 72.958198967351677, 19.121787278661834 ], [ 72.958547231742131, 19.122302617991501 ], [ 72.958589285821901, 19.122364842674159 ], [ 72.958747405801219, 19.122591555261998 ], [ 72.958930165170329, 19.122853593853911 ], [ 72.959019910241466, 19.122983239099831 ], [ 72.959029582127513, 19.122984921786887 ], [ 72.959378510574084, 19.123494407536828 ], [ 72.959612044362657, 19.123830110570907 ], [ 72.959604567324348, 19.123847885929685 ], [ 72.959967327094077, 19.124410833620047 ], [ 72.96020342016098, 19.124779862944703 ], [ 72.960443535914294, 19.125142948650193 ], [ 72.960459555861561, 19.125147611214469 ], [ 72.960684612339236, 19.125483905695621 ], [ 72.961033372088281, 19.126068030763694 ], [ 72.961056502741997, 19.126188774406053 ], [ 72.961060855931038, 19.126211498307875 ], [ 72.961117518865549, 19.12650728649681 ], [ 72.96126785151138, 19.127309123263849 ], [ 72.961276767311276, 19.127317145891389 ], [ 72.961350727248501, 19.127686996190153 ], [ 72.961357583046876, 19.12772433890051 ], [ 72.961387156534528, 19.127885593055783 ], [ 72.961477613832329, 19.12843307303968 ], [ 72.961518762064202, 19.128700821337937 ], [ 72.961518868487858, 19.128701519868315 ], [ 72.961058535312773, 19.129481428461524 ], [ 72.960436307481856, 19.130539690192485 ], [ 72.959792896781096, 19.131610535481212 ], [ 72.959789677978563, 19.131641855211107 ], [ 72.959748414043332, 19.131706513699047 ], [ 72.95967762269099, 19.131816628398553 ], [ 72.959442391477197, 19.132267992390421 ], [ 72.959387464555903, 19.132373472929203 ], [ 72.959389273053432, 19.132393515607738 ], [ 72.959392314954684, 19.132389055440402 ], [ 72.964023561619172, 19.136457997470373 ], [ 72.964049273959176, 19.136480586651434 ], [ 72.965397156591592, 19.137664749547088 ], [ 72.966489697783445, 19.138624572394342 ], [ 72.96746649142213, 19.13948270816152 ], [ 72.967797298664479, 19.139904139673668 ], [ 72.967976942658126, 19.140230535565454 ], [ 72.968100274411668, 19.140457441938324 ], [ 72.968165528307438, 19.140577499092856 ], [ 72.968183154597142, 19.140610794698055 ], [ 72.968315950964467, 19.140861660100612 ], [ 72.968439827852407, 19.141095816846786 ], [ 72.96856029037518, 19.141321329092289 ], [ 72.968680239714587, 19.141547793112359 ], [ 72.968742873283503, 19.141664723718595 ], [ 72.968815460808145, 19.141800238740476 ], [ 72.968959567448323, 19.142066642826581 ], [ 72.969134155196144, 19.142390266673271 ], [ 72.969244680348211, 19.142575160915218 ], [ 72.969346227702033, 19.14274746679062 ], [ 72.969458959563894, 19.14293692533716 ], [ 72.969551951506659, 19.143095691784122 ], [ 72.969659709431127, 19.14328061488164 ], [ 72.969774870790317, 19.143477268764332 ], [ 72.969839924587532, 19.143589934227474 ], [ 72.969917168619631, 19.143720206096418 ], [ 72.970020601466729, 19.143899166405077 ], [ 72.970136168957112, 19.144103712276547 ], [ 72.97026391251525, 19.144330619348104 ], [ 72.970369887800729, 19.14451749345956 ], [ 72.970480013778143, 19.14473524502591 ], [ 72.970602639654857, 19.144979662904589 ], [ 72.97072187431877, 19.145192852098685 ], [ 72.970837027651498, 19.145400621490175 ], [ 72.970962132962285, 19.145627499070685 ], [ 72.97111503403498, 19.14589483730019 ], [ 72.971276787094524, 19.14617876213352 ], [ 72.971417057833861, 19.146430185372875 ], [ 72.971566978916215, 19.14669462152062 ], [ 72.971712504371581, 19.146948254282233 ], [ 72.971817712532143, 19.147136553760951 ], [ 72.971900883124221, 19.14732747703053 ], [ 72.971922046186236, 19.147365472478153 ], [ 72.972008769783102, 19.147512698620854 ], [ 72.97209397852059, 19.147660384958545 ], [ 72.972187147467508, 19.147815329575874 ], [ 72.972319688902061, 19.148040975141612 ], [ 72.972452627361463, 19.148275228113494 ], [ 72.97261218079467, 19.148554230071969 ], [ 72.972729899943658, 19.14875820049512 ], [ 72.972817571996444, 19.148910217120129 ], [ 72.972900847013094, 19.149051667089179 ], [ 72.972990524520625, 19.14920418272683 ], [ 72.973060565326008, 19.149317287178324 ], [ 72.973124693699305, 19.149399612126697 ], [ 72.973192979111147, 19.149491783803338 ], [ 72.973296887169866, 19.149632386333547 ], [ 72.973413425209216, 19.149788903503783 ], [ 72.973497293515749, 19.149902397030012 ], [ 72.97354659570982, 19.149973566868358 ], [ 72.973721942540948, 19.150150276540572 ], [ 72.973722113414013, 19.150150450053705 ], [ 72.973852327407471, 19.150330061854493 ], [ 72.973975530923369, 19.150497047518098 ], [ 72.974085341923839, 19.150648471381206 ], [ 72.974198519169036, 19.150802439896356 ], [ 72.974322069054878, 19.15097194039102 ], [ 72.974463450796094, 19.151163862423903 ], [ 72.974594812311324, 19.151342411526414 ], [ 72.974712061088496, 19.151502877913568 ], [ 72.97484787449072, 19.151687569670059 ], [ 72.974976246532407, 19.15186393392019 ], [ 72.975103525372546, 19.152037057626526 ], [ 72.975252721925955, 19.152238029751665 ], [ 72.975290618174441, 19.152285769960173 ], [ 72.97540164092544, 19.152369089911982 ], [ 72.975479759102939, 19.152428385900148 ], [ 72.975507274049406, 19.152461313025945 ], [ 72.975545770037698, 19.152521606749033 ], [ 72.975606833258098, 19.152618359183997 ], [ 72.975630465803306, 19.152753057162879 ], [ 72.97567117356941, 19.152972191248526 ], [ 72.975702162515375, 19.153153217859661 ], [ 72.975709339525579, 19.153214241340837 ], [ 72.975739401426125, 19.153409239133389 ], [ 72.975779899277228, 19.153614747200859 ], [ 72.975808764509367, 19.153784278385864 ], [ 72.975850583642412, 19.154005216860565 ], [ 72.975891858377508, 19.154239773022304 ], [ 72.975934261692103, 19.154474701132482 ], [ 72.975968547777995, 19.154663649932385 ], [ 72.975979441138733, 19.154729375430772 ], [ 72.97600924061085, 19.154884218265693 ], [ 72.976045423280979, 19.155103302440288 ], [ 72.976092078564065, 19.155379603727486 ], [ 72.976126898684925, 19.155591802317648 ], [ 72.976159942242674, 19.155743633126256 ], [ 72.976172005080514, 19.15591435215465 ], [ 72.976186309341543, 19.156107503338646 ], [ 72.976194361424987, 19.156194826326843 ], [ 72.976188787344228, 19.156290963589779 ], [ 72.976167061542739, 19.156422473452878 ], [ 72.976137671493333, 19.156615441218619 ], [ 72.976110242097533, 19.156807415259308 ], [ 72.976073021062945, 19.157044331148374 ], [ 72.976058360993633, 19.157132720854502 ], [ 72.976084107286923, 19.157248799626384 ], [ 72.976135449135668, 19.157462314842256 ], [ 72.976192518171388, 19.157700988863528 ], [ 72.976247382199375, 19.157934977507182 ], [ 72.976303887035357, 19.158189061143617 ], [ 72.976363012350504, 19.158444964003351 ], [ 72.976416285621625, 19.158681126514367 ], [ 72.976257574561245, 19.158951141299781 ], [ 72.976122789320016, 19.159176228916976 ], [ 72.975978326606125, 19.15942128484253 ], [ 72.975846602904895, 19.159642819799341 ], [ 72.976884242409042, 19.160531135552507 ], [ 72.977015501660759, 19.160950535055544 ], [ 72.977155703746362, 19.161401471752544 ], [ 72.977268023148085, 19.161769744827129 ], [ 72.977281380242488, 19.161807489457107 ], [ 72.977433636038157, 19.16219709050694 ], [ 72.977509662285982, 19.162400243673599 ], [ 72.977677092678405, 19.162832980299285 ], [ 72.977840196319633, 19.163260299906991 ], [ 72.977997763857474, 19.163678006869386 ], [ 72.978155150152759, 19.164110632592074 ], [ 72.978290058943927, 19.164480944399834 ], [ 72.978428765028752, 19.164848909610676 ], [ 72.978565215195445, 19.165195961813652 ], [ 72.978643873327741, 19.165389595685777 ], [ 72.978725242365101, 19.165669796316742 ], [ 72.978846873576629, 19.166099043455013 ], [ 72.978900478732356, 19.166287030358145 ], [ 72.979005622209058, 19.166523328108831 ], [ 72.979101006455821, 19.166838893892866 ], [ 72.979240488547177, 19.167298179083925 ], [ 72.979368957243224, 19.167733470344615 ], [ 72.979496544589935, 19.16818963995388 ], [ 72.979626081851109, 19.168640459901493 ], [ 72.979672798452214, 19.168775254506926 ], [ 72.979453976218139, 19.169053940987819 ], [ 72.979168826346907, 19.169415449303017 ], [ 72.978846559033315, 19.169833245372519 ], [ 72.978701664321008, 19.170023819515762 ], [ 72.978576659448123, 19.170179999617879 ], [ 72.978427974475537, 19.170372323908044 ], [ 72.978322711896809, 19.170506040985288 ], [ 72.978240181430792, 19.170629864244336 ], [ 72.978137131236437, 19.17078807615891 ], [ 72.978078222252392, 19.170880529314722 ], [ 72.978041887688121, 19.170924291743777 ], [ 72.977866419140256, 19.17114974096291 ], [ 72.977801285308828, 19.171237350537851 ], [ 72.977704279331235, 19.171361832390133 ], [ 72.977581792750001, 19.171519009536581 ], [ 72.977337451810939, 19.17182963982961 ], [ 72.977210492853175, 19.171991168287349 ], [ 72.977061191808772, 19.172182290214266 ], [ 72.97696670497514, 19.172307771300975 ], [ 72.976925828935663, 19.172363419690321 ], [ 72.976820945320227, 19.1725174317423 ], [ 72.976699505879253, 19.172689762723774 ], [ 72.976601927577434, 19.172826872984672 ], [ 72.976601734144793, 19.172827143650661 ], [ 72.976512059236143, 19.17295398186543 ], [ 72.976408721403487, 19.173100141047936 ], [ 72.976353860692285, 19.173169363525531 ], [ 72.976313217427091, 19.173205916599095 ], [ 72.976282630236838, 19.173241984370772 ], [ 72.976281846485847, 19.173242953105859 ], [ 72.976084941883286, 19.173486284120894 ], [ 72.976084721702236, 19.173486565330876 ], [ 72.975832950058731, 19.173805777469056 ], [ 72.975702811066512, 19.173970254058926 ], [ 72.975543377321486, 19.174167827885203 ], [ 72.975405456042537, 19.174352508420267 ], [ 72.975258049177413, 19.174542455222312 ], [ 72.974283747433745, 19.175892010353095 ], [ 72.974133862263116, 19.176085381082018 ], [ 72.973965569204253, 19.176302925005551 ], [ 72.973922257968255, 19.176358372220019 ], [ 72.973818881914113, 19.17648163032969 ], [ 72.97376870355491, 19.176543097173603 ], [ 72.973666740863749, 19.176735919857389 ], [ 72.973659840663629, 19.176744806250152 ], [ 72.973570398610747, 19.17683917860591 ], [ 72.973485603009934, 19.177016417228547 ], [ 72.973582991711666, 19.177228649380645 ], [ 72.97323043497218, 19.177272793192603 ], [ 72.973035833418464, 19.177296814096486 ], [ 72.972887357534049, 19.177313099013887 ], [ 72.972716342255083, 19.177330715562494 ], [ 72.97269574138133, 19.177577438784514 ], [ 72.972689967080697, 19.17764408764257 ], [ 72.972689956226873, 19.177644197725805 ], [ 72.972685601639597, 19.177812655662986 ], [ 72.972684415242213, 19.177847143369441 ], [ 72.972743457647667, 19.177957108228302 ], [ 72.972744261381521, 19.177958705118094 ], [ 72.972831516139379, 19.178132035942408 ], [ 72.972959449475738, 19.178390567807405 ], [ 72.972680494933243, 19.178573425557847 ], [ 72.972547193735934, 19.178597373394474 ], [ 72.972188197442037, 19.17866858084551 ], [ 72.971864828638289, 19.17873291883221 ], [ 72.971861974541397, 19.178684948932258 ], [ 72.971823341253724, 19.178556834417151 ], [ 72.971768883003421, 19.178376249073612 ], [ 72.971768683792376, 19.17837559287927 ], [ 72.971709935860218, 19.178179199255105 ], [ 72.971709870230441, 19.178178969090357 ], [ 72.971645796773345, 19.177954781532854 ], [ 72.9716457091492, 19.177954484280434 ], [ 72.971591853971489, 19.177771878557959 ], [ 72.971591450113976, 19.177770544429652 ], [ 72.971553648610907, 19.177645801173842 ], [ 72.971553398691782, 19.177645093833753 ], [ 72.971488260974908, 19.17746095601423 ], [ 72.971488006658078, 19.177460142035581 ], [ 72.971468029804953, 19.177396451423888 ], [ 72.971442347075865, 19.177326551647983 ], [ 72.971424754837187, 19.177278671732154 ], [ 72.971424450518086, 19.177277904172449 ], [ 72.971319462102045, 19.177013126785365 ], [ 72.971260212564601, 19.176857764630171 ], [ 72.97115903717652, 19.176599162775339 ], [ 72.971092096752443, 19.176447709957738 ], [ 72.970976521652162, 19.176179144354268 ], [ 72.970937525736431, 19.176086471361952 ], [ 72.970907630594922, 19.176062170712214 ], [ 72.970904766841002, 19.17605987355871 ], [ 72.970735420830806, 19.175924080642574 ], [ 72.970613161916432, 19.175826853702748 ], [ 72.97061251786532, 19.175826347956203 ], [ 72.970410635493764, 19.175667727970239 ], [ 72.97024372462667, 19.175534053644554 ], [ 72.969959887395703, 19.175585388444006 ], [ 72.96983462610774, 19.175608334036042 ], [ 72.969666779608488, 19.175644609030972 ], [ 72.969422050151863, 19.175685844960896 ], [ 72.969328219035177, 19.175701510500438 ], [ 72.969149024108063, 19.175759450703925 ], [ 72.968969796035196, 19.175819930443115 ], [ 72.96884386493177, 19.175866473033295 ], [ 72.968709818495796, 19.175920190058317 ], [ 72.968541587830501, 19.176018923119099 ], [ 72.968531968596238, 19.176093859417815 ], [ 72.968484255904585, 19.176242818780938 ], [ 72.968173469447947, 19.176818644071094 ], [ 72.968133935160623, 19.177013372059374 ], [ 72.968102687043086, 19.177067007394964 ], [ 72.968072704665431, 19.177195401417116 ], [ 72.967980074886398, 19.177443522718921 ], [ 72.968038848149305, 19.177817895154092 ], [ 72.967775635662647, 19.177721549661008 ], [ 72.967632169586594, 19.177745090472122 ], [ 72.967260454700693, 19.177814076999631 ], [ 72.966942292915803, 19.177871237550693 ], [ 72.966855986112435, 19.177752105824549 ], [ 72.96673810913471, 19.177588266679582 ], [ 72.966499319976606, 19.177538421073173 ], [ 72.966474925337877, 19.177517568076986 ], [ 72.966414599619526, 19.17750306090409 ], [ 72.966308460022816, 19.177478461898129 ], [ 72.96626276181459, 19.177458792743131 ], [ 72.966199046761943, 19.17738569049579 ], [ 72.966178361620734, 19.177367008567145 ], [ 72.966143837831254, 19.177349945520003 ], [ 72.966066308262739, 19.177306856769512 ], [ 72.965927908387641, 19.17723292835576 ], [ 72.965806198827579, 19.177168409397279 ], [ 72.965721949411474, 19.177094727069331 ], [ 72.96545215787576, 19.177045246456284 ], [ 72.965273286028051, 19.177012744068492 ], [ 72.965018869375527, 19.176958111080356 ], [ 72.964808384669865, 19.17691337923814 ], [ 72.964803933928721, 19.176912431990814 ], [ 72.964717902816858, 19.176892669208623 ], [ 72.964574670236203, 19.176877594118345 ], [ 72.964473147334743, 19.176842044914174 ], [ 72.964409726568704, 19.176836373195457 ], [ 72.964312331345496, 19.176829614541688 ], [ 72.96426083690217, 19.176825849168782 ], [ 72.964069195826056, 19.176859921775012 ], [ 72.963973615127571, 19.176857441234446 ], [ 72.963950118223181, 19.1768245316037 ], [ 72.963908021441824, 19.176785383336004 ], [ 72.963847476887437, 19.176727931816064 ], [ 72.963829334935141, 19.176654270466674 ], [ 72.963781270217027, 19.176639392678744 ], [ 72.963398234039857, 19.176780811560068 ], [ 72.963205670475048, 19.176964914835708 ], [ 72.962943293236549, 19.177218203430616 ], [ 72.962790598324943, 19.1773648101878 ], [ 72.962684526116419, 19.177473011268997 ], [ 72.962577670255982, 19.177560510775095 ], [ 72.9626013785021, 19.177804476279817 ], [ 72.96262948498817, 19.178093700790686 ], [ 72.962565088900547, 19.178415716770708 ], [ 72.962437835217244, 19.178497315091033 ], [ 72.962368597145371, 19.178544249438406 ], [ 72.962273798267148, 19.178608438344252 ], [ 72.962150334826532, 19.178691950172485 ], [ 72.962094239349483, 19.178750722689276 ], [ 72.962028046120068, 19.178820137710044 ], [ 72.961968960787175, 19.178881917477142 ], [ 72.96190426424252, 19.178949596667621 ], [ 72.961841563049575, 19.179015193308292 ], [ 72.961831292420072, 19.179059975014145 ], [ 72.961811011247633, 19.179148023768132 ], [ 72.961792822289823, 19.179226275086435 ], [ 72.961752761092654, 19.1793118819702 ], [ 72.961718641624259, 19.179384811101151 ], [ 72.961639717356462, 19.179458646168253 ], [ 72.961558122578353, 19.179479720511338 ], [ 72.961450907464084, 19.179353546933608 ], [ 72.961379917367822, 19.179267952774225 ], [ 72.961098187592839, 19.178934565045438 ], [ 72.961048049258309, 19.178876659190582 ], [ 72.960879863649026, 19.179012391437009 ], [ 72.96078574502522, 19.178912838785191 ], [ 72.960510692854172, 19.179120999931211 ], [ 72.960174981522925, 19.178909678873989 ], [ 72.959805824886445, 19.178944112610051 ], [ 72.959756343670975, 19.179069693597288 ], [ 72.959749516533051, 19.179324505097956 ], [ 72.959399740305571, 19.179431854530982 ], [ 72.959393938492184, 19.179753246857363 ], [ 72.959423566234548, 19.179817517281734 ], [ 72.959468745926301, 19.179891595257661 ], [ 72.959605696985378, 19.180069299571198 ], [ 72.959628765225943, 19.18018558483065 ], [ 72.959591415822942, 19.180313024135021 ], [ 72.959530679531326, 19.180350041474142 ], [ 72.959470947269509, 19.180394686571127 ], [ 72.959440056863883, 19.180417773652085 ], [ 72.959411259124025, 19.180439297811184 ], [ 72.959410708101061, 19.180440039613437 ], [ 72.959387752232089, 19.180462644956773 ], [ 72.95937669423553, 19.180473428385 ], [ 72.959363738660031, 19.180488535571179 ], [ 72.95936140257156, 19.180491259227235 ], [ 72.959353288018804, 19.180501798081231 ], [ 72.959334420389723, 19.180526303362129 ], [ 72.95932769629664, 19.18053332307429 ], [ 72.959308482349087, 19.180543883894916 ], [ 72.959288441149681, 19.180554303629826 ], [ 72.959275186753089, 19.18056387929818 ], [ 72.959247092064999, 19.180588136499118 ], [ 72.95920712370652, 19.180622248479899 ], [ 72.959203038957099, 19.180625850560038 ], [ 72.95919664426971, 19.180631596666945 ], [ 72.959191049799443, 19.180636128609269 ], [ 72.959177421902723, 19.180649937487303 ], [ 72.959174246933429, 19.180653154945826 ], [ 72.959166959017125, 19.180661028318998 ], [ 72.959163079954195, 19.180665219830136 ], [ 72.95915317803086, 19.180680008681531 ], [ 72.959129508993769, 19.180717743526507 ], [ 72.959128685824808, 19.180719277202758 ], [ 72.959126310754328, 19.180724392355515 ], [ 72.959122847235392, 19.180731430264842 ], [ 72.959120000305504, 19.180740892259646 ], [ 72.959116195324171, 19.180753113109201 ], [ 72.959111557941071, 19.180765456580041 ], [ 72.959108355731217, 19.180773816211442 ], [ 72.959098998499286, 19.180793622617387 ], [ 72.959082326309712, 19.180810225846713 ], [ 72.9590699060183, 19.180819537980483 ], [ 72.959053378950841, 19.180831924418101 ], [ 72.9590366172323, 19.180844528648301 ], [ 72.959022984094318, 19.180854748649736 ], [ 72.959006222371272, 19.180867352876689 ], [ 72.958985581073009, 19.180882491953678 ], [ 72.958947155885184, 19.180887800401148 ], [ 72.958873013695694, 19.180898208931691 ], [ 72.958862809239605, 19.180899589452498 ], [ 72.958830193808041, 19.180903108946122 ], [ 72.95882453129893, 19.180903286221284 ], [ 72.958810297716227, 19.180902519935312 ], [ 72.958796292185184, 19.180899988431079 ], [ 72.958782756605558, 19.180895734145306 ], [ 72.958769924871945, 19.18088983194437 ], [ 72.958755756266385, 19.180881710820316 ], [ 72.958743171541542, 19.180871502633842 ], [ 72.958732507675705, 19.180859480317576 ], [ 72.958728183211292, 19.180853219315878 ], [ 72.958724427801258, 19.18084660513318 ], [ 72.958716950562533, 19.180830806354706 ], [ 72.958705674713613, 19.180806962088088 ], [ 72.95868988698939, 19.180773859396723 ], [ 72.958648115424793, 19.180783643425436 ], [ 72.958635001981065, 19.18078671505814 ], [ 72.958616427498768, 19.180802928528507 ], [ 72.958599679702388, 19.180824891039478 ], [ 72.958579961546263, 19.180850746229279 ], [ 72.958550282372656, 19.180996602117162 ], [ 72.958546701266002, 19.181015954270155 ], [ 72.958546709901341, 19.18102157829993 ], [ 72.9585467326947, 19.181036389028481 ], [ 72.958546786818502, 19.181039556593724 ], [ 72.958548142165313, 19.181057167921821 ], [ 72.958549525347024, 19.181074989124788 ], [ 72.958550252646049, 19.181084319253905 ], [ 72.958552036089827, 19.181106997428007 ], [ 72.958553170868157, 19.181121061760038 ], [ 72.958555077758845, 19.181145911029695 ], [ 72.958558405465382, 19.181189230488961 ], [ 72.958559641408939, 19.181206965143346 ], [ 72.958583886396653, 19.181292822425519 ], [ 72.958584104384116, 19.181293802219713 ], [ 72.958585969672498, 19.181299813648749 ], [ 72.958589297745988, 19.181314874335687 ], [ 72.958600369219738, 19.181364093590989 ], [ 72.958600934518472, 19.181368518815489 ], [ 72.958611099610849, 19.181432655888099 ], [ 72.958620475772193, 19.181493543148086 ], [ 72.958628701465557, 19.181547346588761 ], [ 72.958634816102375, 19.181587773986568 ], [ 72.958635610893666, 19.18159887894387 ], [ 72.958640067431347, 19.181657055763434 ], [ 72.95864237005928, 19.181722610239131 ], [ 72.958551065103279, 19.18185215870967 ], [ 72.958479930603829, 19.181943994884698 ], [ 72.95844632678488, 19.181993435992535 ], [ 72.95844137713928, 19.182000717494596 ], [ 72.958400784614525, 19.182096833708229 ], [ 72.958367721829049, 19.182170863166171 ], [ 72.958343953435687, 19.182172358262871 ], [ 72.958174674789177, 19.182183002947163 ], [ 72.958028357674849, 19.1825686325048 ], [ 72.957703386760983, 19.182682277321206 ], [ 72.957515031615941, 19.182608245233894 ], [ 72.957349283606874, 19.182719226953033 ], [ 72.957147339103031, 19.182644920329299 ], [ 72.957037752502814, 19.182618192609645 ], [ 72.956918811887647, 19.182625470956506 ], [ 72.956860793610517, 19.182618371616915 ], [ 72.956769107391281, 19.182679730307964 ], [ 72.956727099504803, 19.182720488886982 ], [ 72.956631229029796, 19.182906914760739 ], [ 72.956620031621611, 19.182927582121959 ], [ 72.956551037766943, 19.183015004263904 ], [ 72.956371177540305, 19.183128078817159 ], [ 72.956134141099838, 19.183165947165168 ], [ 72.955838148153987, 19.18327270844749 ], [ 72.955791298860774, 19.183308394111357 ], [ 72.955694565298842, 19.183593885127255 ], [ 72.955876188748732, 19.18381663511185 ], [ 72.95585535413241, 19.18420997468575 ], [ 72.955835359240666, 19.184236614094687 ], [ 72.955740804863055, 19.184281149718348 ], [ 72.955516558687577, 19.184382972132461 ], [ 72.955504860673386, 19.184413673059755 ], [ 72.955414599941065, 19.184666370417759 ], [ 72.955168691825875, 19.1847722415399 ], [ 72.955083935124875, 19.184767793665877 ], [ 72.955000309897386, 19.184870800025656 ], [ 72.954953384360707, 19.185087501497218 ], [ 72.954903258560492, 19.185165189739017 ], [ 72.954820642549166, 19.185186458948202 ], [ 72.954382168853087, 19.18515937901056 ], [ 72.954381425226487, 19.184888044125795 ], [ 72.954381193200462, 19.184803395488032 ], [ 72.9543372095264, 19.184774821492589 ], [ 72.954003184076214, 19.18485394441695 ], [ 72.953791531165962, 19.184883130119509 ], [ 72.953667365123366, 19.18491616048934 ], [ 72.953363368577527, 19.184845850826004 ], [ 72.953235842089541, 19.184741103504827 ], [ 72.953154570748353, 19.184740196614104 ], [ 72.953119875607399, 19.184744848931587 ], [ 72.952650874918334, 19.184807740267207 ], [ 72.952395332509198, 19.184872878789196 ], [ 72.952162617709405, 19.184884693765888 ], [ 72.9516198776669, 19.184995770981054 ], [ 72.951245297740968, 19.185074453896796 ], [ 72.951082017639848, 19.185257153219919 ], [ 72.951022507246748, 19.185298531376414 ], [ 72.950982542754915, 19.185349469732483 ], [ 72.950795681344275, 19.185451322437107 ], [ 72.95053697299366, 19.185597919850796 ], [ 72.950250750586036, 19.185882015908167 ], [ 72.950175161416624, 19.185931388873154 ], [ 72.950085314683122, 19.185940895463627 ], [ 72.950069150747112, 19.185948277185187 ], [ 72.950054542549267, 19.185958161254355 ], [ 72.950041914803066, 19.185970260654429 ], [ 72.95003163504272, 19.185984222692539 ], [ 72.950024002048551, 19.185999642419681 ], [ 72.950019238153047, 19.186016069770943 ], [ 72.949997998121233, 19.186242396530428 ], [ 72.950050483654977, 19.186669254729811 ], [ 72.949714593360781, 19.186894402040686 ], [ 72.94968715034949, 19.186926794486038 ], [ 72.949575672788896, 19.187094888685074 ], [ 72.949140810805162, 19.187172945255323 ], [ 72.948768640512128, 19.187349803176453 ], [ 72.948284690004272, 19.187421467907054 ], [ 72.948148920137882, 19.187466663705457 ], [ 72.948124788685334, 19.187529459830255 ], [ 72.947723067587518, 19.187706244999273 ], [ 72.947547070703465, 19.187780753658728 ], [ 72.947297743501323, 19.187602061481233 ], [ 72.94716582727655, 19.187650491882554 ], [ 72.947162570533109, 19.187651687520216 ], [ 72.947009673530559, 19.187707821092761 ], [ 72.946820220885812, 19.187731510932473 ], [ 72.946865961710316, 19.187937559929111 ], [ 72.946734501569736, 19.18799058020295 ], [ 72.946514763141352, 19.187860016874893 ], [ 72.946394262915945, 19.187921762570014 ], [ 72.946296419699465, 19.187860440854656 ], [ 72.946158650601873, 19.187935376183695 ], [ 72.945936182860862, 19.188105919269439 ], [ 72.945022908642798, 19.188079436242081 ], [ 72.944952603497441, 19.188044211375189 ], [ 72.944739923382471, 19.187937646077767 ], [ 72.94425784398004, 19.187947539345991 ], [ 72.943440548628814, 19.187565543079955 ], [ 72.942881945143725, 19.187823129530656 ], [ 72.942339306869357, 19.187654590838669 ], [ 72.942246486403135, 19.187625760597559 ], [ 72.941942939936879, 19.187357546036846 ], [ 72.941654345611042, 19.187748172490977 ], [ 72.941652077625804, 19.187750893038231 ], [ 72.9414680321932, 19.18797155695497 ], [ 72.941333627058086, 19.188132701875791 ], [ 72.940966964284868, 19.188247127955098 ], [ 72.940745001778424, 19.188619381695069 ], [ 72.940274052517921, 19.188947730075547 ], [ 72.93973110177869, 19.189321157079597 ], [ 72.936647663152584, 19.191235408824049 ], [ 72.936839394717609, 19.197734645584621 ], [ 72.936856709283475, 19.202801536543291 ], [ 72.934260524107628, 19.204416575908017 ], [ 72.932277144028291, 19.208524032954607 ], [ 72.926978589716867, 19.208961270112848 ], [ 72.924593975573927, 19.21134332951366 ], [ 72.919774118597218, 19.213716832891659 ], [ 72.917757204632878, 19.214057185756587 ], [ 72.914225614231853, 19.213213996943594 ], [ 72.908539611571186, 19.203894302271117 ], [ 72.90849543129211, 19.204041019032463 ], [ 72.908367858645832, 19.204481100349721 ], [ 72.908229868412676, 19.204949143558469 ], [ 72.90809332482749, 19.205402266563706 ], [ 72.907971786798115, 19.205812542304304 ], [ 72.907839793310842, 19.206253767510507 ], [ 72.907701118327893, 19.206725984330859 ], [ 72.90755998081822, 19.207193990685674 ], [ 72.907437136627252, 19.20760783595648 ], [ 72.907306420240175, 19.208047282053474 ], [ 72.907195377150416, 19.208423022659684 ], [ 72.907064728264402, 19.208857092032499 ], [ 72.906931919263684, 19.209312646188099 ], [ 72.906846540757471, 19.209598459830517 ], [ 72.907020111437873, 19.209748617276201 ], [ 72.907333634659281, 19.210021661861916 ], [ 72.907665889185765, 19.210305673364516 ], [ 72.907927886135397, 19.21052555003838 ], [ 72.90806959902848, 19.210658613339231 ], [ 72.908107923361612, 19.211009771003223 ], [ 72.90815123551485, 19.211414161283894 ], [ 72.908201860210212, 19.211886747241007 ], [ 72.908246960524167, 19.212298925164017 ], [ 72.908293348013729, 19.212708727715526 ], [ 72.908338229384512, 19.213138229700089 ], [ 72.908384426830295, 19.213553227495922 ], [ 72.908422611286042, 19.213915496476787 ], [ 72.908462226946085, 19.21428399540541 ], [ 72.908501471839003, 19.214641975096246 ], [ 72.908539633327763, 19.215006155120435 ], [ 72.90857935109041, 19.215366530257011 ], [ 72.908616560359036, 19.215726398011608 ], [ 72.908654848127071, 19.216080542292236 ], [ 72.908698750732825, 19.216468209699894 ], [ 72.908736996359877, 19.216825699208119 ], [ 72.908774702859603, 19.21718605044514 ], [ 72.90881266944686, 19.217525851580223 ], [ 72.908855038509657, 19.2179154136787 ], [ 72.908885014854761, 19.218210670819797 ], [ 72.9092318709274, 19.218554954938668 ], [ 72.909543959633822, 19.218863470411712 ], [ 72.909842124697207, 19.219158920571015 ], [ 72.910186487222774, 19.219501740322286 ], [ 72.910436226962403, 19.219747285862429 ], [ 72.910577820811767, 19.219890503876368 ], [ 72.91061250647796, 19.220231462508 ], [ 72.910660787297601, 19.220641286424719 ], [ 72.910712334765478, 19.221091178861844 ], [ 72.910759290997419, 19.221506364833449 ], [ 72.910820287244917, 19.221955169115294 ], [ 72.910870691585586, 19.222396086204057 ], [ 72.910918254032907, 19.222813072060717 ], [ 72.91096507392426, 19.223239010809472 ], [ 72.911006177120953, 19.223569885292648 ], [ 72.911056693740449, 19.223952250754682 ], [ 72.911112856874311, 19.224385466250776 ], [ 72.911170542415576, 19.224797786526231 ], [ 72.911227538290589, 19.225214879947814 ], [ 72.91128735474247, 19.225657696428026 ], [ 72.911342676137451, 19.226058040302888 ], [ 72.911403811266496, 19.22649609258659 ], [ 72.91145758057435, 19.22691972046939 ], [ 72.911503610716537, 19.227259016300273 ], [ 72.91146891108248, 19.227366763912499 ], [ 72.911321478284393, 19.227834102800642 ], [ 72.911189196325708, 19.22824724365104 ], [ 72.911072521146309, 19.228619934116484 ], [ 72.911019502021674, 19.228783635327684 ], [ 72.910863271149864, 19.229100905544225 ], [ 72.910657995321969, 19.229516200769673 ], [ 72.91053459288662, 19.229774097400036 ], [ 72.910239912425723, 19.229997177654905 ], [ 72.909882333048941, 19.230269727701423 ], [ 72.90976392175078, 19.230779219284923 ], [ 72.909666731612276, 19.231202319341428 ], [ 72.909579519219008, 19.231582514016186 ], [ 72.909465946499566, 19.23205740642927 ], [ 72.909362026267033, 19.232515082391163 ], [ 72.909262272406437, 19.232941736891075 ], [ 72.909211175595985, 19.23315206349622 ], [ 72.909157934105963, 19.233382678340128 ], [ 72.9090894863335, 19.233671673098595 ], [ 72.908841155812624, 19.233909620111891 ], [ 72.908454681884294, 19.234277432111529 ], [ 72.908250282406655, 19.234473458975675 ], [ 72.907931941562254, 19.234775728379386 ], [ 72.907497718668083, 19.235188400471898 ], [ 72.907268485568352, 19.235408040822065 ], [ 72.906878544238538, 19.235781160175947 ], [ 72.906449892357614, 19.236191294310323 ], [ 72.906093364399638, 19.236536072627025 ], [ 72.905652710779592, 19.236955302239561 ], [ 72.90531376590576, 19.237276167190192 ], [ 72.904918414494318, 19.237657949729126 ], [ 72.904565665311097, 19.238002254693647 ], [ 72.904222779337246, 19.238335384560362 ], [ 72.903808234433242, 19.238739517091201 ], [ 72.903371344113722, 19.239159296308923 ], [ 72.902984175190198, 19.239533984813605 ], [ 72.902569701490592, 19.239931958127404 ], [ 72.902183114645894, 19.24030305988466 ], [ 72.90180418505399, 19.240666553539235 ], [ 72.90142800544713, 19.241025973351093 ], [ 72.901071045935069, 19.241360473902812 ], [ 72.900859976134626, 19.241563262053909 ], [ 72.900794832526643, 19.241716422300442 ], [ 72.900648868814457, 19.24206616801516 ], [ 72.900483962502349, 19.242461356307899 ], [ 72.900323479518107, 19.242848386249083 ], [ 72.900179120807096, 19.243199176818681 ], [ 72.900078263982806, 19.24344221819031 ], [ 72.89991507841215, 19.24382921655679 ], [ 72.899761256401277, 19.244201958457058 ], [ 72.899625237117704, 19.244533861948693 ], [ 72.899469917427382, 19.2448968373238 ], [ 72.899282585601597, 19.245355894720706 ], [ 72.899109361547175, 19.245767401537101 ], [ 72.89894222787801, 19.246167178694641 ], [ 72.898755608337666, 19.246612391857479 ], [ 72.898577800174877, 19.247044366530321 ], [ 72.898431279404889, 19.247394616167984 ], [ 72.898301463294047, 19.247705555967183 ], [ 72.898224537596136, 19.247723141133406 ], [ 72.897522569733169, 19.247874623826942 ], [ 72.896823834956805, 19.248026653941043 ], [ 72.896189576556736, 19.248163006053236 ], [ 72.895608902959552, 19.248290737408222 ], [ 72.895028801465472, 19.248415909057954 ], [ 72.894401575198415, 19.24855131042893 ], [ 72.893845378459531, 19.248681691489185 ], [ 72.892810965248714, 19.248894175798792 ], [ 72.889819872177185, 19.249860528762909 ], [ 72.888121976229925, 19.250409052274605 ], [ 72.887724809371278, 19.250770118069614 ], [ 72.886220025200672, 19.252147225822604 ], [ 72.88515290544602, 19.253087516731163 ], [ 72.88512682768301, 19.253110494835081 ], [ 72.884826590431388, 19.253375045404283 ], [ 72.883885406255061, 19.253772825831071 ], [ 72.883336341081446, 19.253909863398313 ], [ 72.88254822729246, 19.254144506725225 ], [ 72.881783398408587, 19.254329228509356 ], [ 72.881413317910571, 19.254636819557881 ], [ 72.881170055670836, 19.254915407912009 ], [ 72.880252137290128, 19.255851157896984 ], [ 72.879794464372893, 19.256218671384872 ], [ 72.879551360166744, 19.25633773581939 ], [ 72.878637944045295, 19.256922217967706 ], [ 72.878383232656731, 19.25735660793406 ], [ 72.87819395813456, 19.257718325801164 ], [ 72.877980541096235, 19.258164692641444 ], [ 72.877937787451756, 19.258271163487617 ], [ 72.877879672154762, 19.258415892222231 ], [ 72.877734194999533, 19.258787845807056 ], [ 72.877705855954034, 19.258860302019837 ], [ 72.877352772458437, 19.259312189385977 ], [ 72.877134125681366, 19.259524575542475 ], [ 72.877077555922668, 19.259579525709533 ], [ 72.876924428457372, 19.259729621598353 ], [ 72.876888043655853, 19.259765286776304 ], [ 72.876886488010896, 19.259766811468548 ], [ 72.876653469098926, 19.259995217247841 ], [ 72.876264125593565, 19.260379815658474 ], [ 72.876197765066252, 19.260445367964429 ], [ 72.876190298587574, 19.260453224438514 ], [ 72.876013079418541, 19.260630175982516 ], [ 72.87590070568784, 19.260742379528516 ], [ 72.875612589990823, 19.260677123494702 ], [ 72.875592376194348, 19.260610699963927 ], [ 72.875585823000748, 19.260594619056494 ], [ 72.875310571344286, 19.26070804556716 ], [ 72.875147502155016, 19.260746121902582 ], [ 72.875127735067323, 19.260697670144165 ], [ 72.874696059076598, 19.260775450575895 ], [ 72.873889170424746, 19.260670904873951 ], [ 72.873828440216201, 19.260733295289743 ], [ 72.873547248687984, 19.260756312007114 ], [ 72.8732371852727, 19.260854788841069 ], [ 72.873210579685505, 19.26086323905589 ], [ 72.872665105945202, 19.261036482218877 ], [ 72.872608175978058, 19.261103645829305 ], [ 72.872441590253104, 19.261171609805611 ], [ 72.872237859458266, 19.261134466084822 ], [ 72.872080702440471, 19.261173862111185 ], [ 72.87184114385947, 19.261221977060902 ], [ 72.871406004935054, 19.261128008206533 ], [ 72.871068541251901, 19.26107293542762 ], [ 72.871068947424533, 19.261137234512173 ], [ 72.870774924414334, 19.261179217457553 ], [ 72.870604866252336, 19.261145870305651 ], [ 72.870394922221607, 19.261107576417157 ], [ 72.870086098069251, 19.261053493056064 ], [ 72.869959223813822, 19.260964486117761 ], [ 72.869916448455953, 19.260745017044751 ], [ 72.869893520386825, 19.26064497315231 ], [ 72.869835054849915, 19.260596233517191 ], [ 72.869815756238907, 19.260592625062074 ], [ 72.869800001440751, 19.260598436355735 ], [ 72.869790154834476, 19.260604026550631 ], [ 72.869756516814249, 19.260622779884439 ], [ 72.869730772711577, 19.2606372751424 ], [ 72.869675224187361, 19.260666125295163 ], [ 72.869732573272557, 19.260778380324915 ], [ 72.869803322332885, 19.260911841755018 ], [ 72.86970640966689, 19.261050518524819 ], [ 72.869754761880245, 19.261111437217458 ], [ 72.869746335023876, 19.261202727246065 ], [ 72.86971237093249, 19.261213802739732 ], [ 72.869737024936995, 19.26125328300553 ], [ 72.869764507451308, 19.261292032079574 ], [ 72.869831784262288, 19.261351511113748 ], [ 72.869835298138341, 19.261383345593593 ], [ 72.869840946161474, 19.261413643221161 ], [ 72.86984909189475, 19.261445403413305 ], [ 72.869857089725059, 19.261475949718886 ], [ 72.869867369628551, 19.261498294902871 ], [ 72.869875550057259, 19.261595537586103 ], [ 72.869895309699402, 19.26170223584521 ], [ 72.869710770606218, 19.261817738334294 ], [ 72.869519293408445, 19.261942408136758 ], [ 72.869371127307616, 19.262045357150726 ], [ 72.869342501485519, 19.262069758113142 ], [ 72.869077344856734, 19.262083157033853 ], [ 72.868904651178013, 19.26198112867862 ], [ 72.868853916716716, 19.261759356431227 ], [ 72.86884024334897, 19.26168897019442 ], [ 72.868823834060066, 19.261604501094887 ], [ 72.868839558451157, 19.261468462489194 ], [ 72.868848327859837, 19.261403322033093 ], [ 72.86884859682273, 19.26140135066295 ], [ 72.868874086379748, 19.261214442814779 ], [ 72.868838199959157, 19.261121926307101 ], [ 72.868747951154887, 19.261230991232551 ], [ 72.868652146776725, 19.261350290190428 ], [ 72.868486556114718, 19.26154443162676 ], [ 72.868310298118075, 19.261757064469872 ], [ 72.868110691690447, 19.261994438506594 ], [ 72.867161868582016, 19.263024791042628 ], [ 72.866832182240671, 19.263545916986441 ], [ 72.865957031555098, 19.264720168120974 ], [ 72.866168310616501, 19.265573099798708 ], [ 72.866195919539251, 19.265687584675518 ], [ 72.866218949247738, 19.265792266418824 ], [ 72.866268142096487, 19.266024011056615 ], [ 72.866314419291086, 19.266249627427761 ], [ 72.866182017368359, 19.26649712814584 ], [ 72.866038916119038, 19.266447516484465 ], [ 72.8657020431598, 19.26632982583217 ], [ 72.865440132222375, 19.266237793455179 ], [ 72.86524082151621, 19.266168023571055 ], [ 72.864965408835801, 19.266061613009175 ], [ 72.86468233858983, 19.265951861803856 ], [ 72.864618973899411, 19.266054721342368 ], [ 72.864519918430119, 19.266204698168938 ], [ 72.864396340117906, 19.266398266359246 ], [ 72.864290668891911, 19.266563604030498 ], [ 72.864108605398911, 19.266624388499967 ], [ 72.864032008041363, 19.26664996117508 ], [ 72.863746342026928, 19.266740471540611 ], [ 72.863666378030359, 19.266803727938228 ], [ 72.863514691837054, 19.266921399325195 ], [ 72.863406685871539, 19.267002610406404 ], [ 72.863216149720273, 19.267147047580867 ], [ 72.863092566069469, 19.267241889676477 ], [ 72.863065589576706, 19.267474775562196 ], [ 72.863040655613645, 19.267682089995795 ], [ 72.862876327847502, 19.267718764153301 ], [ 72.86264892681784, 19.267769733241146 ], [ 72.862626109992249, 19.267648803404633 ], [ 72.86257336104822, 19.267361763184812 ], [ 72.862530875298489, 19.267141065463036 ], [ 72.862511311661208, 19.26703317410449 ], [ 72.862352510357525, 19.266940718331213 ], [ 72.862191633727235, 19.26684336152713 ], [ 72.862001843528063, 19.266732260363128 ], [ 72.861860381831605, 19.266721261336748 ], [ 72.861619308264139, 19.266705033913421 ], [ 72.861381688029866, 19.266686408722958 ], [ 72.861195725737204, 19.26667610692429 ], [ 72.861045849096712, 19.266786078152521 ], [ 72.860991024507427, 19.266824032215339 ], [ 72.860929556939865, 19.266879378197132 ], [ 72.86077847177242, 19.267016555260305 ], [ 72.860658599481198, 19.267122002505715 ], [ 72.860526988488829, 19.267241937599291 ], [ 72.860387625413338, 19.267365844623342 ], [ 72.860226573905422, 19.267512655005444 ], [ 72.860193215631213, 19.267544765927383 ], [ 72.860117015207322, 19.267614565344189 ], [ 72.860031726230673, 19.267692383899682 ], [ 72.859968224746382, 19.267739580081212 ], [ 72.859844496816891, 19.267812480049841 ], [ 72.859651278795496, 19.267932504941996 ], [ 72.859445998414387, 19.268058888975798 ], [ 72.85921521493772, 19.268195824685982 ], [ 72.859032604995264, 19.268223594584427 ], [ 72.85873206267334, 19.268273295264642 ], [ 72.858530019108343, 19.268413935883476 ], [ 72.8584161804921, 19.268449979037612 ], [ 72.858051429580925, 19.268565539486811 ], [ 72.857691630133786, 19.268682978149773 ], [ 72.857541697409729, 19.268672719982362 ], [ 72.856901373291876, 19.268641423937098 ], [ 72.856419456804218, 19.268423449686782 ], [ 72.856200333971856, 19.268321461896928 ], [ 72.855793098243751, 19.268132666254658 ], [ 72.855388304238787, 19.267949634934446 ], [ 72.854854431050427, 19.267707253001863 ], [ 72.854486189050149, 19.267538986978593 ], [ 72.85406695380685, 19.267344312233533 ], [ 72.853910855718894, 19.267272695565556 ], [ 72.852425391773551, 19.268276662909869 ] ] ], [ [ [ 72.783110051781236, 19.133703097831887 ], [ 72.783009096706053, 19.133970861265087 ], [ 72.78300865654731, 19.13397130034118 ], [ 72.782662191463515, 19.134316890941182 ], [ 72.782413959073622, 19.13455652224193 ], [ 72.781990102554133, 19.134544626045631 ], [ 72.781818744942839, 19.134537514722897 ], [ 72.781499106084894, 19.134524248429727 ], [ 72.781409679448515, 19.134280306812812 ], [ 72.781356079362837, 19.134170706267462 ], [ 72.781222102970119, 19.133924707673138 ], [ 72.781215766156123, 19.133920731082753 ], [ 72.781075040906344, 19.133649918082224 ], [ 72.781090167540938, 19.133651166472532 ], [ 72.781116595052097, 19.133650588573904 ], [ 72.781147740131289, 19.133650067614717 ], [ 72.781174190657566, 19.133647696190774 ], [ 72.781203496626674, 19.133643566337028 ], [ 72.781226221964161, 19.133637563255327 ], [ 72.781249939691705, 19.133627984559023 ], [ 72.78126898682666, 19.133614761896659 ], [ 72.781281321695715, 19.133604539100396 ], [ 72.781308608594983, 19.133590780017901 ], [ 72.781341220519721, 19.133565610693658 ], [ 72.781355177517725, 19.133549701828834 ], [ 72.781376726298404, 19.133525137806455 ], [ 72.781412283277106, 19.133480831359496 ], [ 72.78147971046441, 19.133356755975807 ], [ 72.781481442425587, 19.13335316309437 ], [ 72.781481658914672, 19.133352678871422 ], [ 72.781537837031109, 19.133226047970087 ], [ 72.781648111159569, 19.13300598411201 ], [ 72.781649512261794, 19.13300304207025 ], [ 72.78165021112801, 19.133001448191095 ], [ 72.781723238162684, 19.132829917320539 ], [ 72.781769922400059, 19.132731306157616 ], [ 72.782022951256579, 19.132811393040143 ], [ 72.782110716462142, 19.132845907213742 ], [ 72.782415890969375, 19.132967724660666 ], [ 72.782474050057715, 19.132994424537863 ], [ 72.782905092516756, 19.133253905597964 ], [ 72.782905903279214, 19.133254393180106 ], [ 72.782969703044543, 19.133399865838573 ], [ 72.783110051781236, 19.133703097831887 ] ] ] ] } }
]
}
